source;fournisseur;famille;sous_famille;type_doc;titre;chemin;mime;taille_octets;id;viewUrl
adherents;(racine);Hors bibliothèque;Administratif fournisseur;Fiche technique ?;Copie de FICHE D'ENREGISTREMENT FOURNISSEUR — CULTIVEAU;FOURNISSEURS ADHERENTS;application/vnd.google-apps.document;162849;1X2B2qAseQ5Ohd-04MG86mOoi4bczheC3y9C-al4NwUU;https://docs.google.com/document/d/1X2B2qAseQ5Ohd-04MG86mOoi4bczheC3y9C-al4NwUU/edit?usp=drivesdk&ouid=112115920437783158651
adherents;(racine);Hors bibliothèque;Matrice import produits;Fiche technique ?;Copie de Matrice Import Produits Référencement Cultiveau.xlsx;FOURNISSEURS ADHERENTS;application/vnd.openxmlformats-officedocument.spreadsheetml.sheet;11319;1gl3InQqWPOdTfZYrN3tN-hWv0OFM--PB;https://drive.google.com/file/d/1gl3InQqWPOdTfZYrN3tN-hWv0OFM--PB/view?usp=drivesdk
adherents;(racine);Hors bibliothèque;Administratif fournisseur;Fiche technique ?;MAIL ONBOARDING OFFRES FOURNISSEUR;FOURNISSEURS ADHERENTS;application/vnd.google-apps.document;10293;14M7Lw1LPhpo_bH6AqI3Q1m2iWVj9dBAT5x-cSVLbAO4;https://docs.google.com/document/d/14M7Lw1LPhpo_bH6AqI3Q1m2iWVj9dBAT5x-cSVLbAO4/edit?usp=drivesdk&ouid=112115920437783158651
adherents;AQUA 4D;Traitement de l’eau / fertigation;Injection / dosage / traitement;Manuel / notice;CU H Series - User Manual - FR.pdf;FOURNISSEURS ADHERENTS/AQUA 4D/FICHES TECHNIQUES;application/pdf;722373;1r06PHO0PJMEzi7z5S1CYuzmfEGPprPSD;https://drive.google.com/file/d/1r06PHO0PJMEzi7z5S1CYuzmfEGPprPSD/view?usp=drivesdk
adherents;AQUA 4D;Traitement de l’eau / fertigation;Injection / dosage / traitement;Fiche technique;Quantitatifs par départ d’eau Aqua4D H-B.pdf;FOURNISSEURS ADHERENTS/AQUA 4D/FICHES TECHNIQUES/Chiffrage Bâtiment-industrie;application/pdf;327483;1n22TOo63GA7rzep8f4LxIvxITKv0v5Oa;https://drive.google.com/file/d/1n22TOo63GA7rzep8f4LxIvxITKv0v5Oa/view?usp=drivesdk
adherents;AQUA 4D;Traitement de l’eau / fertigation;Injection / dosage / traitement;Fiche technique;Fiche Technique Aqua4D H-A 00.pdf;FOURNISSEURS ADHERENTS/AQUA 4D/FICHES TECHNIQUES/Fiche technique Aqua4D H-A (Vert - Irrigation);application/pdf;604652;1vPFHnfmjUrDLfvBIYNX40utlDdizXEfl;https://drive.google.com/file/d/1vPFHnfmjUrDLfvBIYNX40utlDdizXEfl/view?usp=drivesdk
adherents;AQUA 4D;Traitement de l’eau / fertigation;Injection / dosage / traitement;Fiche technique;Fiche Technique Aqua4D H-A 100.pdf.pdf;FOURNISSEURS ADHERENTS/AQUA 4D/FICHES TECHNIQUES/Fiche technique Aqua4D H-A (Vert - Irrigation);application/pdf;426223;1XondiZVI5euTt1b4jtq5m7O8pgqtYyz3;https://drive.google.com/file/d/1XondiZVI5euTt1b4jtq5m7O8pgqtYyz3/view?usp=drivesdk
adherents;AQUA 4D;Traitement de l’eau / fertigation;Injection / dosage / traitement;Fiche technique;Fiche Technique Aqua4D H-A Pro (02-03-10-20).pdf;FOURNISSEURS ADHERENTS/AQUA 4D/FICHES TECHNIQUES/Fiche technique Aqua4D H-A (Vert - Irrigation);application/pdf;871990;1FIesyn32yhctF1Gmzi0_1XPX0-k-LIiS;https://drive.google.com/file/d/1FIesyn32yhctF1Gmzi0_1XPX0-k-LIiS/view?usp=drivesdk
adherents;AQUA 4D;Traitement de l’eau / fertigation;Injection / dosage / traitement;Fiche technique;Fiche Technique Aqua4D H-A Pro (30-40-50-60M).pdf;FOURNISSEURS ADHERENTS/AQUA 4D/FICHES TECHNIQUES/Fiche technique Aqua4D H-A (Vert - Irrigation);application/pdf;1741656;1Db00jJve3TXBxsMaKySRoe1yBE46T8IN;https://drive.google.com/file/d/1Db00jJve3TXBxsMaKySRoe1yBE46T8IN/view?usp=drivesdk
adherents;AQUA 4D;Traitement de l’eau / fertigation;Injection / dosage / traitement;Fiche technique;Fiche Technique Aqua4D H-A Pro 100M.pdf;FOURNISSEURS ADHERENTS/AQUA 4D/FICHES TECHNIQUES/Fiche technique Aqua4D H-A (Vert - Irrigation);application/pdf;832930;1ui7ib5GHXh7a77fCsJI-dvcc2Z38_HGD;https://drive.google.com/file/d/1ui7ib5GHXh7a77fCsJI-dvcc2Z38_HGD/view?usp=drivesdk
adherents;AQUA 4D;Traitement de l’eau / fertigation;Injection / dosage / traitement;Fiche technique;Fiche Technique Aqua4D H-A Pro 200M.pdf;FOURNISSEURS ADHERENTS/AQUA 4D/FICHES TECHNIQUES/Fiche technique Aqua4D H-A (Vert - Irrigation);application/pdf;922007;14EYX3VJjZ-0lyJbv0AMJXqf-dEYt99oX;https://drive.google.com/file/d/14EYX3VJjZ-0lyJbv0AMJXqf-dEYt99oX/view?usp=drivesdk
adherents;AQUA 4D;Traitement de l’eau / fertigation;Injection / dosage / traitement;Fiche technique;Fiche Technique Aqua4D H-A Pro300-400M.pdf;FOURNISSEURS ADHERENTS/AQUA 4D/FICHES TECHNIQUES/Fiche technique Aqua4D H-A (Vert - Irrigation);application/pdf;602178;1ci3-tjKRcWFy91aRfo55X2HTqwX6aQKQ;https://drive.google.com/file/d/1ci3-tjKRcWFy91aRfo55X2HTqwX6aQKQ/view?usp=drivesdk
adherents;AQUA 4D;Traitement de l’eau / fertigation;Injection / dosage / traitement;Fiche technique;Fiche Technique Aqua4D H-B 00.pdf;FOURNISSEURS ADHERENTS/AQUA 4D/FICHES TECHNIQUES/Fiche technique Aqua4D H-B (Orange - Bâtiment);application/pdf;582418;1UePXdU0Tc9n-oBQ50mEmAQ2Z6pa2lUFP;https://drive.google.com/file/d/1UePXdU0Tc9n-oBQ50mEmAQ2Z6pa2lUFP/view?usp=drivesdk
adherents;AQUA 4D;Traitement de l’eau / fertigation;Injection / dosage / traitement;Fiche technique;Fiche Technique Aqua4D H-B Pro (02-03-10-20).pdf;FOURNISSEURS ADHERENTS/AQUA 4D/FICHES TECHNIQUES/Fiche technique Aqua4D H-B (Orange - Bâtiment);application/pdf;996227;1lde4ZSIcBgAyE2EsBJyDWIdLKofffPpP;https://drive.google.com/file/d/1lde4ZSIcBgAyE2EsBJyDWIdLKofffPpP/view?usp=drivesdk
adherents;AQUA 4D;Traitement de l’eau / fertigation;Injection / dosage / traitement;Fiche technique;Fiche Technique Aqua4D H-B Pro 100.pdf;FOURNISSEURS ADHERENTS/AQUA 4D/FICHES TECHNIQUES/Fiche technique Aqua4D H-B (Orange - Bâtiment);application/pdf;421862;1Iwl-amtASBTMGJo_RW1nqy0x006Lh-uP;https://drive.google.com/file/d/1Iwl-amtASBTMGJo_RW1nqy0x006Lh-uP/view?usp=drivesdk
adherents;AQUA 4D;Traitement de l’eau / fertigation;Injection / dosage / traitement;Manuel / notice;Notice d'installation Aqua4D H-A (02-03-10-20).pdf;FOURNISSEURS ADHERENTS/AQUA 4D/FICHES TECHNIQUES/Notice d'installation Aqua4D H-A (Vert - Irrigation);application/pdf;5797450;1-FIhZEmZpUX9zZKbO6ZO579BpX64jzVX;https://drive.google.com/file/d/1-FIhZEmZpUX9zZKbO6ZO579BpX64jzVX/view?usp=drivesdk
adherents;AQUA 4D;Traitement de l’eau / fertigation;Injection / dosage / traitement;Manuel / notice;Notice d'installation Aqua4D H-A 00.pdf;FOURNISSEURS ADHERENTS/AQUA 4D/FICHES TECHNIQUES/Notice d'installation Aqua4D H-A (Vert - Irrigation);application/pdf;1973827;1vk_6tffJWRvTWdIv2ig5xA6-25jjSODT;https://drive.google.com/file/d/1vk_6tffJWRvTWdIv2ig5xA6-25jjSODT/view?usp=drivesdk
adherents;AQUA 4D;Traitement de l’eau / fertigation;Injection / dosage / traitement;Manuel / notice;Notice d'installation Aqua4D H-A Pro (30-40-50-60M).pdf;FOURNISSEURS ADHERENTS/AQUA 4D/FICHES TECHNIQUES/Notice d'installation Aqua4D H-A (Vert - Irrigation);application/pdf;5908627;1I1B8S0N_6qAdkHJzj9ll0FrfIEPDkoWL;https://drive.google.com/file/d/1I1B8S0N_6qAdkHJzj9ll0FrfIEPDkoWL/view?usp=drivesdk
adherents;AQUA 4D;Traitement de l’eau / fertigation;Injection / dosage / traitement;Manuel / notice;Notice d'installation Pro 200-300-400M.pdf;FOURNISSEURS ADHERENTS/AQUA 4D/FICHES TECHNIQUES/Notice d'installation Aqua4D H-A (Vert - Irrigation);application/pdf;6651585;1vdtcEqDhXKBnguxop9CqWzeb23C3EQPx;https://drive.google.com/file/d/1vdtcEqDhXKBnguxop9CqWzeb23C3EQPx/view?usp=drivesdk
adherents;AQUA 4D;Traitement de l’eau / fertigation;Injection / dosage / traitement;Manuel / notice;Installation Aqua4D H-B Chauffage.pdf;FOURNISSEURS ADHERENTS/AQUA 4D/FICHES TECHNIQUES/Notice d'installation Aqua4D H-B (Orange-Bâtiment);application/pdf;1028400;1_g_eHCdqS9mby7H43OlU7NgM2guMR4Hu;https://drive.google.com/file/d/1_g_eHCdqS9mby7H43OlU7NgM2guMR4Hu/view?usp=drivesdk
adherents;AQUA 4D;Traitement de l’eau / fertigation;Injection / dosage / traitement;Manuel / notice;Installation Aqua4D H-B EFS & ECS.pdf;FOURNISSEURS ADHERENTS/AQUA 4D/FICHES TECHNIQUES/Notice d'installation Aqua4D H-B (Orange-Bâtiment);application/pdf;781763;1nAB_6Gr-gO9okhF-QgiLgOCng_-DNzXk;https://drive.google.com/file/d/1nAB_6Gr-gO9okhF-QgiLgOCng_-DNzXk/view?usp=drivesdk
adherents;AQUA 4D;Traitement de l’eau / fertigation;Injection / dosage / traitement;Manuel / notice;Installation Aqua4D H-B Fontainerie.pdf;FOURNISSEURS ADHERENTS/AQUA 4D/FICHES TECHNIQUES/Notice d'installation Aqua4D H-B (Orange-Bâtiment);application/pdf;709967;1KcRXD0gWKvA3TgeOYWTawH1mHH3D-pAY;https://drive.google.com/file/d/1KcRXD0gWKvA3TgeOYWTawH1mHH3D-pAY/view?usp=drivesdk
adherents;AQUA 4D;Traitement de l’eau / fertigation;Injection / dosage / traitement;Manuel / notice;Installation Aqua4D H-B Géothermie.pdf;FOURNISSEURS ADHERENTS/AQUA 4D/FICHES TECHNIQUES/Notice d'installation Aqua4D H-B (Orange-Bâtiment);application/pdf;785299;1uY9RZiL31XSIY1ynkj4pm1JS-ixHfqED;https://drive.google.com/file/d/1uY9RZiL31XSIY1ynkj4pm1JS-ixHfqED/view?usp=drivesdk
adherents;AQUA 4D;Pompage;Pompe / groupe motopompe;Manuel / notice;Installation Aqua4D H-B Surprésseur.pdf;FOURNISSEURS ADHERENTS/AQUA 4D/FICHES TECHNIQUES/Notice d'installation Aqua4D H-B (Orange-Bâtiment);application/pdf;709079;144RzGJCrHibQ2LmGrg04T0EwDWjxhwsd;https://drive.google.com/file/d/144RzGJCrHibQ2LmGrg04T0EwDWjxhwsd/view?usp=drivesdk
adherents;AQUA 4D;Traitement de l’eau / fertigation;Injection / dosage / traitement;Manuel / notice;Installation Aqua4D H-B.pdf;FOURNISSEURS ADHERENTS/AQUA 4D/FICHES TECHNIQUES/Notice d'installation Aqua4D H-B (Orange-Bâtiment);application/pdf;1596575;1sUPx3_yJzgfSzzPTHIK6RKZLmYfLXVCE;https://drive.google.com/file/d/1sUPx3_yJzgfSzzPTHIK6RKZLmYfLXVCE/view?usp=drivesdk
adherents;AQUA 4D;Traitement de l’eau / fertigation;Injection / dosage / traitement;Manuel / notice;Notice D'installation Aqua4D H-B 00.pdf;FOURNISSEURS ADHERENTS/AQUA 4D/FICHES TECHNIQUES/Notice d'installation Aqua4D H-B (Orange-Bâtiment);application/pdf;1973827;1HdyrdvbqH3Jf0WJUbAQziIxM75eaiOUJ;https://drive.google.com/file/d/1HdyrdvbqH3Jf0WJUbAQziIxM75eaiOUJ/view?usp=drivesdk
adherents;AQUA 4D;Traitement de l’eau / fertigation;Injection / dosage / traitement;Manuel / notice;Notice D'installation Aqua4D H-B Pro.pdf;FOURNISSEURS ADHERENTS/AQUA 4D/FICHES TECHNIQUES/Notice d'installation Aqua4D H-B (Orange-Bâtiment);application/pdf;7766045;1vYmDzfAhIG1l1AFkOE02df0-w8GSYWCH;https://drive.google.com/file/d/1vYmDzfAhIG1l1AFkOE02df0-w8GSYWCH/view?usp=drivesdk
adherents;AQUA 4D;Traitement de l’eau / fertigation;Injection / dosage / traitement;Manuel / notice;Schéma mise à la terre de l'eau.pdf;FOURNISSEURS ADHERENTS/AQUA 4D/FICHES TECHNIQUES/Notice d'installation Aqua4D H-B (Orange-Bâtiment);application/pdf;267788;11o0bzafl4LM29scukbc5R3dsGrr8iQF8;https://drive.google.com/file/d/11o0bzafl4LM29scukbc5R3dsGrr8iQF8/view?usp=drivesdk
adherents;AQUA 4D;Hors bibliothèque;Matrice import produits;Fiche technique ?;Matrice Import AQUA 4D Produits Référencement Cultiveau.xlsx;FOURNISSEURS ADHERENTS/AQUA 4D/MATRICE D’IMPORTATION DES PRODUITS;application/vnd.openxmlformats-officedocument.spreadsheetml.sheet;298657;1y7QiKOu1rinJazmOyHmK2IzabWZo8DUj;https://drive.google.com/file/d/1y7QiKOu1rinJazmOyHmK2IzabWZo8DUj/view?usp=drivesdk
adherents;ATUSA (REF SANS PAIEMENT);Tuyaux et raccords (réseau);Raccord inox / acier;Fiche technique;FT COUDE 90º INOX AISI 304L MILLIMÉTRIQUE (1).pdf;FOURNISSEURS ADHERENTS/ATUSA (REF SANS PAIEMENT)/FICHES TECHNIQUES ;application/pdf;438188;19bY1VxcbmcrAu-rT7Js6djT4mKZRMdGG;https://drive.google.com/file/d/19bY1VxcbmcrAu-rT7Js6djT4mKZRMdGG/view?usp=drivesdk
adherents;ATUSA (REF SANS PAIEMENT);Tuyaux et raccords (réseau);Clapet / purge / ventouse;Fiche technique;FT PURGEUR AUTOMATIQUE _MINI_.pdf;FOURNISSEURS ADHERENTS/ATUSA (REF SANS PAIEMENT)/FICHES TECHNIQUES /CHAUFFAGE;application/pdf;311709;1NMHVBgy27RmNCTFuQiMf4zs3NN0AkTu9;https://drive.google.com/file/d/1NMHVBgy27RmNCTFuQiMf4zs3NN0AkTu9/view?usp=drivesdk
adherents;ATUSA (REF SANS PAIEMENT);Tuyaux et raccords (réseau);Clapet / purge / ventouse;Fiche technique;FT PURGEUR AUTOMATIQUE À FLOTTEUR 1”.pdf;FOURNISSEURS ADHERENTS/ATUSA (REF SANS PAIEMENT)/FICHES TECHNIQUES /CHAUFFAGE;application/pdf;253499;1NN5kFMU9l5VkcLHcsau42ckvpt0PqKkf;https://drive.google.com/file/d/1NN5kFMU9l5VkcLHcsau42ckvpt0PqKkf/view?usp=drivesdk
adherents;ATUSA (REF SANS PAIEMENT);Tuyaux et raccords (réseau);Clapet / purge / ventouse;Fiche technique;FT PURGEUR AUTOMATIQUE.pdf;FOURNISSEURS ADHERENTS/ATUSA (REF SANS PAIEMENT)/FICHES TECHNIQUES /CHAUFFAGE;application/pdf;316585;1Rol-zq5M6SzRtLbrk8OUhVPqrhj6dXUI;https://drive.google.com/file/d/1Rol-zq5M6SzRtLbrk8OUhVPqrhj6dXUI/view?usp=drivesdk
adherents;ATUSA (REF SANS PAIEMENT);Tuyaux et raccords (réseau);Raccord inox / acier;Manuel / notice;FT MALLÉABLE FIG. 710.pdf;FOURNISSEURS ADHERENTS/ATUSA (REF SANS PAIEMENT)/FICHES TECHNIQUES /MONTAGE RAPIDE;application/pdf;382673;1_SfCWxpyseoaQbG0d5QtIKSjlY5wIYPX;https://drive.google.com/file/d/1_SfCWxpyseoaQbG0d5QtIKSjlY5wIYPX/view?usp=drivesdk
adherents;ATUSA (REF SANS PAIEMENT);Tuyaux et raccords (réseau);Raccord inox / acier;Manuel / notice;FT MALLÉABLE FIG. 715.pdf;FOURNISSEURS ADHERENTS/ATUSA (REF SANS PAIEMENT)/FICHES TECHNIQUES /MONTAGE RAPIDE;application/pdf;375592;1aB_rvuUWtjeNcu3Zu7GIMNhibhk6H9DI;https://drive.google.com/file/d/1aB_rvuUWtjeNcu3Zu7GIMNhibhk6H9DI/view?usp=drivesdk
adherents;ATUSA (REF SANS PAIEMENT);Tuyaux et raccords (réseau);Raccord inox / acier;Manuel / notice;FT MALLÉABLE FIG. 720.pdf;FOURNISSEURS ADHERENTS/ATUSA (REF SANS PAIEMENT)/FICHES TECHNIQUES /MONTAGE RAPIDE;application/pdf;401658;13yfnS6hZ953T1ul72CqiquIPlWdzIqPZ;https://drive.google.com/file/d/13yfnS6hZ953T1ul72CqiquIPlWdzIqPZ/view?usp=drivesdk
adherents;ATUSA (REF SANS PAIEMENT);Tuyaux et raccords (réseau);Bride / joint / boulonnerie;Manuel / notice;FT MALLÉABLE FIG. 730 BRIDE.pdf;FOURNISSEURS ADHERENTS/ATUSA (REF SANS PAIEMENT)/FICHES TECHNIQUES /MONTAGE RAPIDE;application/pdf;491949;1qTYqksIse6k1iafh6S8s0Oh5FadzW7lw;https://drive.google.com/file/d/1qTYqksIse6k1iafh6S8s0Oh5FadzW7lw/view?usp=drivesdk
adherents;ATUSA (REF SANS PAIEMENT);Tuyaux et raccords (réseau);Bride / joint / boulonnerie;Manuel / notice;FT MALLÉABLE FIG. 730 ÉCROU.pdf;FOURNISSEURS ADHERENTS/ATUSA (REF SANS PAIEMENT)/FICHES TECHNIQUES /MONTAGE RAPIDE;application/pdf;476298;1QM9OAHXVubGCuXoo6MAtS7GEUywb5pzI;https://drive.google.com/file/d/1QM9OAHXVubGCuXoo6MAtS7GEUywb5pzI/view?usp=drivesdk
adherents;ATUSA (REF SANS PAIEMENT);Tuyaux et raccords (réseau);Bride / joint / boulonnerie;Manuel / notice;FT MALLÉABLE FIG. 730R BRIDE.pdf;FOURNISSEURS ADHERENTS/ATUSA (REF SANS PAIEMENT)/FICHES TECHNIQUES /MONTAGE RAPIDE;application/pdf;502016;1rBtjttrdy6CWRW8v4crADE_x5jQk6dFA;https://drive.google.com/file/d/1rBtjttrdy6CWRW8v4crADE_x5jQk6dFA/view?usp=drivesdk
adherents;ATUSA (REF SANS PAIEMENT);Tuyaux et raccords (réseau);Bride / joint / boulonnerie;Manuel / notice;FT MALLÉABLE FIG. 730R ÉCROU.pdf;FOURNISSEURS ADHERENTS/ATUSA (REF SANS PAIEMENT)/FICHES TECHNIQUES /MONTAGE RAPIDE;application/pdf;532675;1-A_jtAnhtw_Ywnwd4mk6zJkvzhJXeKBM;https://drive.google.com/file/d/1-A_jtAnhtw_Ywnwd4mk6zJkvzhJXeKBM/view?usp=drivesdk
adherents;ATUSA (REF SANS PAIEMENT);Tuyaux et raccords (réseau);Bride / joint / boulonnerie;Manuel / notice;FT MALLÉABLE FIG. 740 BRIDE.pdf;FOURNISSEURS ADHERENTS/ATUSA (REF SANS PAIEMENT)/FICHES TECHNIQUES /MONTAGE RAPIDE;application/pdf;601180;1gw3RDBNM2sAiVf5CUebpocHGYkjyOo-O;https://drive.google.com/file/d/1gw3RDBNM2sAiVf5CUebpocHGYkjyOo-O/view?usp=drivesdk
adherents;ATUSA (REF SANS PAIEMENT);Tuyaux et raccords (réseau);Bride / joint / boulonnerie;Manuel / notice;FT MALLÉABLE FIG. 740 ÉCROU.pdf;FOURNISSEURS ADHERENTS/ATUSA (REF SANS PAIEMENT)/FICHES TECHNIQUES /MONTAGE RAPIDE;application/pdf;534040;1IFJDPEG9eGYQuazRMHITK2Wu4sfrEJkm;https://drive.google.com/file/d/1IFJDPEG9eGYQuazRMHITK2Wu4sfrEJkm/view?usp=drivesdk
adherents;ATUSA (REF SANS PAIEMENT);Tuyaux et raccords (réseau);Bride / joint / boulonnerie;Manuel / notice;FT MALLÉABLE FIG. 746 BRIDE.pdf;FOURNISSEURS ADHERENTS/ATUSA (REF SANS PAIEMENT)/FICHES TECHNIQUES /MONTAGE RAPIDE;application/pdf;585181;1iCCcEsFXeGAt9ZpelGSK7hDxfIiO5K0h;https://drive.google.com/file/d/1iCCcEsFXeGAt9ZpelGSK7hDxfIiO5K0h/view?usp=drivesdk
adherents;ATUSA (REF SANS PAIEMENT);Tuyaux et raccords (réseau);Bride / joint / boulonnerie;Manuel / notice;FT MALLÉABLE FIG. 746 ÉCROU.pdf;FOURNISSEURS ADHERENTS/ATUSA (REF SANS PAIEMENT)/FICHES TECHNIQUES /MONTAGE RAPIDE;application/pdf;532918;10pneSElltM7yXRrU-CUYs8FDfBX84vam;https://drive.google.com/file/d/10pneSElltM7yXRrU-CUYs8FDfBX84vam/view?usp=drivesdk
adherents;ATUSA (REF SANS PAIEMENT);Tuyaux et raccords (réseau);Bride / joint / boulonnerie;Manuel / notice;FT MALLÉABLE FIG. 770 BRIDE.pdf;FOURNISSEURS ADHERENTS/ATUSA (REF SANS PAIEMENT)/FICHES TECHNIQUES /MONTAGE RAPIDE;application/pdf;573957;18fXWSjkLvuGSCeYG7QimfFn6drjdRwx4;https://drive.google.com/file/d/18fXWSjkLvuGSCeYG7QimfFn6drjdRwx4/view?usp=drivesdk
adherents;ATUSA (REF SANS PAIEMENT);Tuyaux et raccords (réseau);Bride / joint / boulonnerie;Manuel / notice;FT MALLÉABLE FIG. 770 ÉCROU.pdf;FOURNISSEURS ADHERENTS/ATUSA (REF SANS PAIEMENT)/FICHES TECHNIQUES /MONTAGE RAPIDE;application/pdf;539871;1FddNuVRmJ2qw__TwLIUiTCDAHuBIPhLt;https://drive.google.com/file/d/1FddNuVRmJ2qw__TwLIUiTCDAHuBIPhLt/view?usp=drivesdk
adherents;ATUSA (REF SANS PAIEMENT);Tuyaux et raccords (réseau);Bride / joint / boulonnerie;Manuel / notice;FT MALLÉABLE FIG. 790 BRIDE.pdf;FOURNISSEURS ADHERENTS/ATUSA (REF SANS PAIEMENT)/FICHES TECHNIQUES /MONTAGE RAPIDE;application/pdf;516870;1kTOGNMhGdpINAym6zkOHtt9deq62slXS;https://drive.google.com/file/d/1kTOGNMhGdpINAym6zkOHtt9deq62slXS/view?usp=drivesdk
adherents;ATUSA (REF SANS PAIEMENT);Tuyaux et raccords (réseau);Bride / joint / boulonnerie;Manuel / notice;FT MALLÉABLE FIG. 790 ÉCROU.pdf;FOURNISSEURS ADHERENTS/ATUSA (REF SANS PAIEMENT)/FICHES TECHNIQUES /MONTAGE RAPIDE;application/pdf;617429;1GaLyMfXOCvl2T-W7GqA1qk26kfvgDnnw;https://drive.google.com/file/d/1GaLyMfXOCvl2T-W7GqA1qk26kfvgDnnw/view?usp=drivesdk
adherents;ATUSA (REF SANS PAIEMENT);Tuyaux et raccords (réseau);Raccord rainuré;Fiche technique;FT BOBINE RAINURÉE.pdf;FOURNISSEURS ADHERENTS/ATUSA (REF SANS PAIEMENT)/FICHES TECHNIQUES /RACCORDS ACIER CARBONE;application/pdf;427804;1MbvalanLv2p8Efrz9MLXrLM-lQ7qEenx;https://drive.google.com/file/d/1MbvalanLv2p8Efrz9MLXrLM-lQ7qEenx/view?usp=drivesdk
adherents;ATUSA (REF SANS PAIEMENT);Tuyaux et raccords (réseau);Raccord inox / acier;Fiche technique;FT BOBINES DE PROLONGATION.pdf;FOURNISSEURS ADHERENTS/ATUSA (REF SANS PAIEMENT)/FICHES TECHNIQUES /RACCORDS ACIER CARBONE;application/pdf;354661;1oORxbLOcolHLj6eaSXT0OeXiPPisvAoy;https://drive.google.com/file/d/1oORxbLOcolHLj6eaSXT0OeXiPPisvAoy/view?usp=drivesdk
adherents;ATUSA (REF SANS PAIEMENT);Tuyaux et raccords (réseau);Bride / joint / boulonnerie;Fiche technique;FT BOBINES FILETEES (2).pdf;FOURNISSEURS ADHERENTS/ATUSA (REF SANS PAIEMENT)/FICHES TECHNIQUES /RACCORDS ACIER CARBONE;application/pdf;1507711;15exaNLxnzo8pTiplPGaGHPKn4UqJXKxa;https://drive.google.com/file/d/15exaNLxnzo8pTiplPGaGHPKn4UqJXKxa/view?usp=drivesdk
adherents;ATUSA (REF SANS PAIEMENT);Tuyaux et raccords (réseau);Bride / joint / boulonnerie;Fiche technique;FT BOBINES FILETEES.pdf;FOURNISSEURS ADHERENTS/ATUSA (REF SANS PAIEMENT)/FICHES TECHNIQUES /RACCORDS ACIER CARBONE;application/pdf;482195;1_92OW2oaa2RMEwxOpn6WutfYIchYJ6AS;https://drive.google.com/file/d/1_92OW2oaa2RMEwxOpn6WutfYIchYJ6AS/view?usp=drivesdk
adherents;ATUSA (REF SANS PAIEMENT);Tuyaux et raccords (réseau);Bride / joint / boulonnerie;Fiche technique;FT BRIDE AMINCIE DIN 2576 PN 10_16.pdf;FOURNISSEURS ADHERENTS/ATUSA (REF SANS PAIEMENT)/FICHES TECHNIQUES /RACCORDS ACIER CARBONE;application/pdf;390309;1ow432ZBYn0Iohhv6SWvCGmLHAK9vDbsA;https://drive.google.com/file/d/1ow432ZBYn0Iohhv6SWvCGmLHAK9vDbsA/view?usp=drivesdk
adherents;ATUSA (REF SANS PAIEMENT);Tuyaux et raccords (réseau);Bride / joint / boulonnerie;Fiche technique;FT BRIDE BLIND 150 LBS.pdf;FOURNISSEURS ADHERENTS/ATUSA (REF SANS PAIEMENT)/FICHES TECHNIQUES /RACCORDS ACIER CARBONE;application/pdf;322543;1B-Z4SJgzdwW1N9t_ftIlME83BRjttZf7;https://drive.google.com/file/d/1B-Z4SJgzdwW1N9t_ftIlME83BRjttZf7/view?usp=drivesdk
adherents;ATUSA (REF SANS PAIEMENT);Tuyaux et raccords (réseau);Bride / joint / boulonnerie;Fiche technique;FT BRIDE BLIND 300 LBS.pdf;FOURNISSEURS ADHERENTS/ATUSA (REF SANS PAIEMENT)/FICHES TECHNIQUES /RACCORDS ACIER CARBONE;application/pdf;323059;1JPvZlA-Lx2R0vJ1zIVBBvzcN5uJIPDNM;https://drive.google.com/file/d/1JPvZlA-Lx2R0vJ1zIVBBvzcN5uJIPDNM/view?usp=drivesdk
adherents;ATUSA (REF SANS PAIEMENT);Fixation / consommables;Consommable;Fiche technique;FT BRIDE COLLERETE DIN 2634 PN25.pdf;FOURNISSEURS ADHERENTS/ATUSA (REF SANS PAIEMENT)/FICHES TECHNIQUES /RACCORDS ACIER CARBONE;application/pdf;495804;1LHDyWn7mNe9a9nOBDWg90Kh_K_Lblcz9;https://drive.google.com/file/d/1LHDyWn7mNe9a9nOBDWg90Kh_K_Lblcz9/view?usp=drivesdk
adherents;ATUSA (REF SANS PAIEMENT);Fixation / consommables;Consommable;Fiche technique;FT BRIDE COLLERETTE DIN 2631 PN6.pdf;FOURNISSEURS ADHERENTS/ATUSA (REF SANS PAIEMENT)/FICHES TECHNIQUES /RACCORDS ACIER CARBONE;application/pdf;619010;13MQvggMUfOgJwM-4hCO9n8bkxt3hEw1j;https://drive.google.com/file/d/13MQvggMUfOgJwM-4hCO9n8bkxt3hEw1j/view?usp=drivesdk
adherents;ATUSA (REF SANS PAIEMENT);Fixation / consommables;Consommable;Fiche technique;FT BRIDE COLLERETTE DIN 2632 PN10.pdf;FOURNISSEURS ADHERENTS/ATUSA (REF SANS PAIEMENT)/FICHES TECHNIQUES /RACCORDS ACIER CARBONE;application/pdf;561811;1faRtuMNBlsJwocINKw-upprmmk4dkYHC;https://drive.google.com/file/d/1faRtuMNBlsJwocINKw-upprmmk4dkYHC/view?usp=drivesdk
adherents;ATUSA (REF SANS PAIEMENT);Fixation / consommables;Consommable;Fiche technique;FT BRIDE COLLERETTE DIN 2633 PN16.pdf;FOURNISSEURS ADHERENTS/ATUSA (REF SANS PAIEMENT)/FICHES TECHNIQUES /RACCORDS ACIER CARBONE;application/pdf;715987;1z8_DqL7ilI4ZD6EGv53S_5ejES6HM4cp;https://drive.google.com/file/d/1z8_DqL7ilI4ZD6EGv53S_5ejES6HM4cp/view?usp=drivesdk
adherents;ATUSA (REF SANS PAIEMENT);Fixation / consommables;Consommable;Fiche technique;FT BRIDE COLLERETTE DIN 2635 PN40.pdf;FOURNISSEURS ADHERENTS/ATUSA (REF SANS PAIEMENT)/FICHES TECHNIQUES /RACCORDS ACIER CARBONE;application/pdf;656063;1rjSKcKHFb2OFPL5l9Dw-mbyM2Yx2y0H_;https://drive.google.com/file/d/1rjSKcKHFb2OFPL5l9Dw-mbyM2Yx2y0H_/view?usp=drivesdk
adherents;ATUSA (REF SANS PAIEMENT);Fixation / consommables;Consommable;Fiche technique;FT BRIDE COLLERETTE EN 1092-1 PN 16.pdf;FOURNISSEURS ADHERENTS/ATUSA (REF SANS PAIEMENT)/FICHES TECHNIQUES /RACCORDS ACIER CARBONE;application/pdf;628732;1kf7Lmd5R-NNisl3Rd2kM0O42K6oTq8ds;https://drive.google.com/file/d/1kf7Lmd5R-NNisl3Rd2kM0O42K6oTq8ds/view?usp=drivesdk
adherents;ATUSA (REF SANS PAIEMENT);Fixation / consommables;Consommable;Fiche technique;FT BRIDE COLLERETTE EN 1092-1 PN 25_40.pdf;FOURNISSEURS ADHERENTS/ATUSA (REF SANS PAIEMENT)/FICHES TECHNIQUES /RACCORDS ACIER CARBONE;application/pdf;701616;1P6jP3_fR7aDIF8EgPzrTFY6WcAnVv_jT;https://drive.google.com/file/d/1P6jP3_fR7aDIF8EgPzrTFY6WcAnVv_jT/view?usp=drivesdk
adherents;ATUSA (REF SANS PAIEMENT);Fixation / consommables;Consommable;Fiche technique;FT BRIDE COLLERETTE EN 1092-1 PN 6_10.pdf;FOURNISSEURS ADHERENTS/ATUSA (REF SANS PAIEMENT)/FICHES TECHNIQUES /RACCORDS ACIER CARBONE;application/pdf;707830;1XlKhDPMR8Wdhg7KaUnN5fRCrYtP91Nda;https://drive.google.com/file/d/1XlKhDPMR8Wdhg7KaUnN5fRCrYtP91Nda/view?usp=drivesdk
adherents;ATUSA (REF SANS PAIEMENT);Fixation / consommables;Consommable;Fiche technique;FT BRIDE COLLERETTE TARAUDÉ EN 1092-1 PN 6_16_40.pdf;FOURNISSEURS ADHERENTS/ATUSA (REF SANS PAIEMENT)/FICHES TECHNIQUES /RACCORDS ACIER CARBONE;application/pdf;435898;1nDFc0SoUVzfUzQskSR9k4WI5yv_5_GLI;https://drive.google.com/file/d/1nDFc0SoUVzfUzQskSR9k4WI5yv_5_GLI/view?usp=drivesdk
adherents;ATUSA (REF SANS PAIEMENT);Fixation / consommables;Consommable;Fiche technique;FT BRIDE COLLERETTE TARAUDÉ GALV. EN 1092-1 PN 16_40.pdf;FOURNISSEURS ADHERENTS/ATUSA (REF SANS PAIEMENT)/FICHES TECHNIQUES /RACCORDS ACIER CARBONE;application/pdf;365973;13r7O-q_suh6RLaDxFei8AdTzrdkzpxuO;https://drive.google.com/file/d/13r7O-q_suh6RLaDxFei8AdTzrdkzpxuO/view?usp=drivesdk
adherents;ATUSA (REF SANS PAIEMENT);Tuyaux et raccords (réseau);Bride / joint / boulonnerie;Fiche technique;FT BRIDE PLAT DIN 2502 PN 16.pdf;FOURNISSEURS ADHERENTS/ATUSA (REF SANS PAIEMENT)/FICHES TECHNIQUES /RACCORDS ACIER CARBONE;application/pdf;425543;18DgoLj5q3ZwWxNOO0mhmyHK6pE12jPE1;https://drive.google.com/file/d/18DgoLj5q3ZwWxNOO0mhmyHK6pE12jPE1/view?usp=drivesdk
adherents;ATUSA (REF SANS PAIEMENT);Tuyaux et raccords (réseau);Bride / joint / boulonnerie;Fiche technique;FT BRIDE PLAT DIN 2503 PN 25_40.pdf;FOURNISSEURS ADHERENTS/ATUSA (REF SANS PAIEMENT)/FICHES TECHNIQUES /RACCORDS ACIER CARBONE;application/pdf;391704;1l7KqCPtyjIQQrficw2X8zfltofvZUa-0;https://drive.google.com/file/d/1l7KqCPtyjIQQrficw2X8zfltofvZUa-0/view?usp=drivesdk
adherents;ATUSA (REF SANS PAIEMENT);Tuyaux et raccords (réseau);Bride / joint / boulonnerie;Fiche technique;FT BRIDE PLAT DIN 2503 PN 40.pdf;FOURNISSEURS ADHERENTS/ATUSA (REF SANS PAIEMENT)/FICHES TECHNIQUES /RACCORDS ACIER CARBONE;application/pdf;382100;1-A_Hr7N3Q2OUWATAS4ciTsJajPbagUGk;https://drive.google.com/file/d/1-A_Hr7N3Q2OUWATAS4ciTsJajPbagUGk/view?usp=drivesdk
adherents;ATUSA (REF SANS PAIEMENT);Tuyaux et raccords (réseau);Bride / joint / boulonnerie;Fiche technique;FT BRIDE PLAT DIN 2576 PN 10_16.pdf;FOURNISSEURS ADHERENTS/ATUSA (REF SANS PAIEMENT)/FICHES TECHNIQUES /RACCORDS ACIER CARBONE;application/pdf;498209;1Dmjt8yZGrBQW7boN9xAVuzIk8YBvFnsL;https://drive.google.com/file/d/1Dmjt8yZGrBQW7boN9xAVuzIk8YBvFnsL/view?usp=drivesdk
adherents;ATUSA (REF SANS PAIEMENT);Tuyaux et raccords (réseau);Bride / joint / boulonnerie;Fiche technique;FT BRIDE PLAT EN 1092-1 PN 16_40.pdf;FOURNISSEURS ADHERENTS/ATUSA (REF SANS PAIEMENT)/FICHES TECHNIQUES /RACCORDS ACIER CARBONE;application/pdf;450059;1piJ0PrPGSfe0xz7cYn_ByZUaaw7m440H;https://drive.google.com/file/d/1piJ0PrPGSfe0xz7cYn_ByZUaaw7m440H/view?usp=drivesdk
adherents;ATUSA (REF SANS PAIEMENT);Tuyaux et raccords (réseau);Bride / joint / boulonnerie;Fiche technique;FT BRIDE PLAT EN 1092-1 PN 25_40.pdf;FOURNISSEURS ADHERENTS/ATUSA (REF SANS PAIEMENT)/FICHES TECHNIQUES /RACCORDS ACIER CARBONE;application/pdf;391150;1rVs6hzP9d_hiyLfgnkPYQFnX_wC2A_5S;https://drive.google.com/file/d/1rVs6hzP9d_hiyLfgnkPYQFnX_wC2A_5S/view?usp=drivesdk
adherents;ATUSA (REF SANS PAIEMENT);Tuyaux et raccords (réseau);Bride / joint / boulonnerie;Fiche technique;FT BRIDE PLAT EN 1092-1 PN 40.pdf;FOURNISSEURS ADHERENTS/ATUSA (REF SANS PAIEMENT)/FICHES TECHNIQUES /RACCORDS ACIER CARBONE;application/pdf;364416;1VWSgtShGqU6NncvCGqq-eGVxjG4gW1jH;https://drive.google.com/file/d/1VWSgtShGqU6NncvCGqq-eGVxjG4gW1jH/view?usp=drivesdk
adherents;ATUSA (REF SANS PAIEMENT);Tuyaux et raccords (réseau);Bride / joint / boulonnerie;Fiche technique;FT BRIDE PLAT EN 1092-1 PN 6.pdf;FOURNISSEURS ADHERENTS/ATUSA (REF SANS PAIEMENT)/FICHES TECHNIQUES /RACCORDS ACIER CARBONE;application/pdf;436403;1zIk1g0b_UrT0kQPhZVobimakHPGod2eS;https://drive.google.com/file/d/1zIk1g0b_UrT0kQPhZVobimakHPGod2eS/view?usp=drivesdk
adherents;ATUSA (REF SANS PAIEMENT);Tuyaux et raccords (réseau);Bride / joint / boulonnerie;Fiche technique;FT BRIDE PLAT EN 1092-1 PN 6_10.pdf;FOURNISSEURS ADHERENTS/ATUSA (REF SANS PAIEMENT)/FICHES TECHNIQUES /RACCORDS ACIER CARBONE;application/pdf;481513;1paBvxuG93eEzKrspkudFBrwgMXN-LbIF;https://drive.google.com/file/d/1paBvxuG93eEzKrspkudFBrwgMXN-LbIF/view?usp=drivesdk
adherents;ATUSA (REF SANS PAIEMENT);Tuyaux et raccords (réseau);Bride / joint / boulonnerie;Fiche technique;FT BRIDE PLEINE DIN 2527 PN 10.pdf;FOURNISSEURS ADHERENTS/ATUSA (REF SANS PAIEMENT)/FICHES TECHNIQUES /RACCORDS ACIER CARBONE;application/pdf;388377;1BIOKiGLN-zaP_gtW8OfzKWP7K-20VsLS;https://drive.google.com/file/d/1BIOKiGLN-zaP_gtW8OfzKWP7K-20VsLS/view?usp=drivesdk
adherents;ATUSA (REF SANS PAIEMENT);Tuyaux et raccords (réseau);Bride / joint / boulonnerie;Fiche technique;FT BRIDE PLEINE DIN 2527 PN 10_16.pdf;FOURNISSEURS ADHERENTS/ATUSA (REF SANS PAIEMENT)/FICHES TECHNIQUES /RACCORDS ACIER CARBONE;application/pdf;433705;1A55d3Ne40B692TdsMNJJxaPDPr1gaqm3;https://drive.google.com/file/d/1A55d3Ne40B692TdsMNJJxaPDPr1gaqm3/view?usp=drivesdk
adherents;ATUSA (REF SANS PAIEMENT);Tuyaux et raccords (réseau);Bride / joint / boulonnerie;Fiche technique;FT BRIDE PLEINE EN 1092-1 PN 10_16_40.pdf;FOURNISSEURS ADHERENTS/ATUSA (REF SANS PAIEMENT)/FICHES TECHNIQUES /RACCORDS ACIER CARBONE;application/pdf;456854;1-vEIihVlQM95WsK2ddmpnhmqDlnufGtp;https://drive.google.com/file/d/1-vEIihVlQM95WsK2ddmpnhmqDlnufGtp/view?usp=drivesdk
adherents;ATUSA (REF SANS PAIEMENT);Tuyaux et raccords (réseau);Bride / joint / boulonnerie;Fiche technique;FT BRIDE PLEINE EN 1092-1 PN 25_40.pdf;FOURNISSEURS ADHERENTS/ATUSA (REF SANS PAIEMENT)/FICHES TECHNIQUES /RACCORDS ACIER CARBONE;application/pdf;411800;12TdIUqO-Bm1cNUe4dOz9bKpdefMFehvG;https://drive.google.com/file/d/12TdIUqO-Bm1cNUe4dOz9bKpdefMFehvG/view?usp=drivesdk
adherents;ATUSA (REF SANS PAIEMENT);Tuyaux et raccords (réseau);Bride / joint / boulonnerie;Fiche technique;FT BRIDE PLEINE EN 1092-1 PN 40.pdf;FOURNISSEURS ADHERENTS/ATUSA (REF SANS PAIEMENT)/FICHES TECHNIQUES /RACCORDS ACIER CARBONE;application/pdf;384020;1aE8WbXTfEdJIiFtUaiUhM9OMW1L6m7RD;https://drive.google.com/file/d/1aE8WbXTfEdJIiFtUaiUhM9OMW1L6m7RD/view?usp=drivesdk
adherents;ATUSA (REF SANS PAIEMENT);Tuyaux et raccords (réseau);Bride / joint / boulonnerie;Fiche technique;FT BRIDE PLEINE EN 1092-1 PN 6.pdf;FOURNISSEURS ADHERENTS/ATUSA (REF SANS PAIEMENT)/FICHES TECHNIQUES /RACCORDS ACIER CARBONE;application/pdf;422907;1fwMJbWcmdR-A9uvAGmTjdendjd3PohAF;https://drive.google.com/file/d/1fwMJbWcmdR-A9uvAGmTjdendjd3PohAF/view?usp=drivesdk
adherents;ATUSA (REF SANS PAIEMENT);Tuyaux et raccords (réseau);Bride / joint / boulonnerie;Fiche technique;FT BRIDE SLIP-ON WELDING 150 LBS.pdf;FOURNISSEURS ADHERENTS/ATUSA (REF SANS PAIEMENT)/FICHES TECHNIQUES /RACCORDS ACIER CARBONE;application/pdf;290876;1hrb53Ny_7eFEY9Os_2sFHTWvRFc63V1C;https://drive.google.com/file/d/1hrb53Ny_7eFEY9Os_2sFHTWvRFc63V1C/view?usp=drivesdk
adherents;ATUSA (REF SANS PAIEMENT);Tuyaux et raccords (réseau);Bride / joint / boulonnerie;Fiche technique;FT BRIDE SLIP-ON WELDING 300 LBS.pdf;FOURNISSEURS ADHERENTS/ATUSA (REF SANS PAIEMENT)/FICHES TECHNIQUES /RACCORDS ACIER CARBONE;application/pdf;289510;1vQRHOrW1t18T1eyt-9w8rczeSR6HzuNp;https://drive.google.com/file/d/1vQRHOrW1t18T1eyt-9w8rczeSR6HzuNp/view?usp=drivesdk
adherents;ATUSA (REF SANS PAIEMENT);Tuyaux et raccords (réseau);Bride / joint / boulonnerie;Fiche technique;FT BRIDE SOCKET WELDING 150 LBS.pdf;FOURNISSEURS ADHERENTS/ATUSA (REF SANS PAIEMENT)/FICHES TECHNIQUES /RACCORDS ACIER CARBONE;application/pdf;236769;1Ua2B-XfplLrG3LrwXbRoD0-HYXLuIWX_;https://drive.google.com/file/d/1Ua2B-XfplLrG3LrwXbRoD0-HYXLuIWX_/view?usp=drivesdk
adherents;ATUSA (REF SANS PAIEMENT);Tuyaux et raccords (réseau);Bride / joint / boulonnerie;Fiche technique;FT BRIDE TARAUDÉE DIN 2566 PN 10_16.pdf;FOURNISSEURS ADHERENTS/ATUSA (REF SANS PAIEMENT)/FICHES TECHNIQUES /RACCORDS ACIER CARBONE;application/pdf;438448;1_V_1ScVfBM5VEaOKPWnIZ4acUE2ghVcu;https://drive.google.com/file/d/1_V_1ScVfBM5VEaOKPWnIZ4acUE2ghVcu/view?usp=drivesdk
adherents;ATUSA (REF SANS PAIEMENT);Tuyaux et raccords (réseau);Bride / joint / boulonnerie;Fiche technique;FT BRIDE TARAUDÉE GALV. DIN 2566 PN 10_16.pdf;FOURNISSEURS ADHERENTS/ATUSA (REF SANS PAIEMENT)/FICHES TECHNIQUES /RACCORDS ACIER CARBONE;application/pdf;485177;1qANWhEoE7mGYZOM2k93gd5l7O-3EzNOk;https://drive.google.com/file/d/1qANWhEoE7mGYZOM2k93gd5l7O-3EzNOk/view?usp=drivesdk
adherents;ATUSA (REF SANS PAIEMENT);Tuyaux et raccords (réseau);Bride / joint / boulonnerie;Fiche technique;FT BRIDE TOURNANTE DIN 2642 PN 10.pdf;FOURNISSEURS ADHERENTS/ATUSA (REF SANS PAIEMENT)/FICHES TECHNIQUES /RACCORDS ACIER CARBONE;application/pdf;372217;1WJK3EF0wD7i-7J9u0cqvI4WZPe6r5kXS;https://drive.google.com/file/d/1WJK3EF0wD7i-7J9u0cqvI4WZPe6r5kXS/view?usp=drivesdk
adherents;ATUSA (REF SANS PAIEMENT);Tuyaux et raccords (réseau);Bride / joint / boulonnerie;Fiche technique;FT BRIDE TOURNANTE LÉGÈRE ZINGUÉE PE PN 10_16.pdf;FOURNISSEURS ADHERENTS/ATUSA (REF SANS PAIEMENT)/FICHES TECHNIQUES /RACCORDS ACIER CARBONE;application/pdf;564678;1Ha28XhK3tOLuVRvltnqodfFQVBokWdsj;https://drive.google.com/file/d/1Ha28XhK3tOLuVRvltnqodfFQVBokWdsj/view?usp=drivesdk
adherents;ATUSA (REF SANS PAIEMENT);Tuyaux et raccords (réseau);Bride / joint / boulonnerie;Fiche technique;FT BRIDE TOURNANTE ZINGUÉE PE PN 10_16.pdf;FOURNISSEURS ADHERENTS/ATUSA (REF SANS PAIEMENT)/FICHES TECHNIQUES /RACCORDS ACIER CARBONE;application/pdf;545109;1WmtK8XavyxNVYIgWOJSlC4UbVWY6k7Mr;https://drive.google.com/file/d/1WmtK8XavyxNVYIgWOJSlC4UbVWY6k7Mr/view?usp=drivesdk
adherents;ATUSA (REF SANS PAIEMENT);Tuyaux et raccords (réseau);Bride / joint / boulonnerie;Fiche technique;FT BRIDE TOURNANTE ZINGUÉE PVC PN 10_16.pdf;FOURNISSEURS ADHERENTS/ATUSA (REF SANS PAIEMENT)/FICHES TECHNIQUES /RACCORDS ACIER CARBONE;application/pdf;404586;1n8g5WGx0EYdJXuf6dMV2bjhvC9paJrdC;https://drive.google.com/file/d/1n8g5WGx0EYdJXuf6dMV2bjhvC9paJrdC/view?usp=drivesdk
adherents;ATUSA (REF SANS PAIEMENT);Tuyaux et raccords (réseau);Bride / joint / boulonnerie;Fiche technique;FT BRIDE WELDING NECK 150 LBS.pdf;FOURNISSEURS ADHERENTS/ATUSA (REF SANS PAIEMENT)/FICHES TECHNIQUES /RACCORDS ACIER CARBONE;application/pdf;334932;1MZFbhEvmPGlMCl6yRyg-fbXWkHCdcjfl;https://drive.google.com/file/d/1MZFbhEvmPGlMCl6yRyg-fbXWkHCdcjfl/view?usp=drivesdk
adherents;ATUSA (REF SANS PAIEMENT);Tuyaux et raccords (réseau);Bride / joint / boulonnerie;Fiche technique;FT BRIDE WELDING NECK 300 LBS.pdf;FOURNISSEURS ADHERENTS/ATUSA (REF SANS PAIEMENT)/FICHES TECHNIQUES /RACCORDS ACIER CARBONE;application/pdf;335892;1AxGxfuBRyFUPASyUCcXUGWRMNFxKcQdJ;https://drive.google.com/file/d/1AxGxfuBRyFUPASyUCcXUGWRMNFxKcQdJ/view?usp=drivesdk
adherents;ATUSA (REF SANS PAIEMENT);Tuyaux et raccords (réseau);Bride / joint / boulonnerie;Fiche technique;FT BRIDE WELDING NECK XS.pdf;FOURNISSEURS ADHERENTS/ATUSA (REF SANS PAIEMENT)/FICHES TECHNIQUES /RACCORDS ACIER CARBONE;application/pdf;361820;1B5hM5Q7QF9814pqJ14PAqLqCtILzmUZT;https://drive.google.com/file/d/1B5hM5Q7QF9814pqJ14PAqLqCtILzmUZT/view?usp=drivesdk
adherents;ATUSA (REF SANS PAIEMENT);Tuyaux et raccords (réseau);Bride / joint / boulonnerie;Fiche technique;FT BRIDES TARAUDÉES DIN 2573 PN 6.pdf;FOURNISSEURS ADHERENTS/ATUSA (REF SANS PAIEMENT)/FICHES TECHNIQUES /RACCORDS ACIER CARBONE;application/pdf;407962;1UpnVv4ix7EnOUpdR_o2ZEyliXlEB8Ihz;https://drive.google.com/file/d/1UpnVv4ix7EnOUpdR_o2ZEyliXlEB8Ihz/view?usp=drivesdk
adherents;ATUSA (REF SANS PAIEMENT);Tuyaux et raccords (réseau);Bride / joint / boulonnerie;Fiche technique;FT BRIDES TARAUDÉES DIN 2576 PN 10_16.pdf;FOURNISSEURS ADHERENTS/ATUSA (REF SANS PAIEMENT)/FICHES TECHNIQUES /RACCORDS ACIER CARBONE;application/pdf;413091;1RVTrgLtli52iDeqIG03gBkXfrt63r_cp;https://drive.google.com/file/d/1RVTrgLtli52iDeqIG03gBkXfrt63r_cp/view?usp=drivesdk
adherents;ATUSA (REF SANS PAIEMENT);Tuyaux et raccords (réseau);Raccord inox / acier;Fiche technique;FT COURBE GRAND RAYON 180 STD ASTM.pdf;FOURNISSEURS ADHERENTS/ATUSA (REF SANS PAIEMENT)/FICHES TECHNIQUES /RACCORDS ACIER CARBONE;application/pdf;457332;1_f6ZOP8oNlupxRMlIDPHpc7yhyUYa8BN;https://drive.google.com/file/d/1_f6ZOP8oNlupxRMlIDPHpc7yhyUYa8BN/view?usp=drivesdk
adherents;ATUSA (REF SANS PAIEMENT);Tuyaux et raccords (réseau);Raccord inox / acier;Fiche technique;FT COURBE GRAND RAYON 45º ASTM A-420 WPL6 STD.pdf;FOURNISSEURS ADHERENTS/ATUSA (REF SANS PAIEMENT)/FICHES TECHNIQUES /RACCORDS ACIER CARBONE;application/pdf;385146;1lIyYQP43Xg36M3LJ43dDQFD3spLwaOaa;https://drive.google.com/file/d/1lIyYQP43Xg36M3LJ43dDQFD3spLwaOaa/view?usp=drivesdk
adherents;ATUSA (REF SANS PAIEMENT);Tuyaux et raccords (réseau);Raccord inox / acier;Fiche technique;FT COURBE GRAND RAYON 45º ASTM STD & XS.pdf;FOURNISSEURS ADHERENTS/ATUSA (REF SANS PAIEMENT)/FICHES TECHNIQUES /RACCORDS ACIER CARBONE;application/pdf;507640;127-LTmBgJYJ4abo4qcGomxcBPx5sNqgU;https://drive.google.com/file/d/127-LTmBgJYJ4abo4qcGomxcBPx5sNqgU/view?usp=drivesdk
adherents;ATUSA (REF SANS PAIEMENT);Tuyaux et raccords (réseau);Raccord inox / acier;Fiche technique;FT COURBE GRAND RAYON 90º ASTM A-234.pdf;FOURNISSEURS ADHERENTS/ATUSA (REF SANS PAIEMENT)/FICHES TECHNIQUES /RACCORDS ACIER CARBONE;application/pdf;479634;140WsFgsxmdzoxQVDicJC1ROiK_BABrIx;https://drive.google.com/file/d/140WsFgsxmdzoxQVDicJC1ROiK_BABrIx/view?usp=drivesdk
adherents;ATUSA (REF SANS PAIEMENT);Tuyaux et raccords (réseau);Raccord inox / acier;Fiche technique;FT COURBE GRAND RAYON 90º ASTM A-420 WPL6 STD.pdf;FOURNISSEURS ADHERENTS/ATUSA (REF SANS PAIEMENT)/FICHES TECHNIQUES /RACCORDS ACIER CARBONE;application/pdf;398173;1JxQCWitUwGhv8aXC54ONnFWHzuGGqmad;https://drive.google.com/file/d/1JxQCWitUwGhv8aXC54ONnFWHzuGGqmad/view?usp=drivesdk
adherents;ATUSA (REF SANS PAIEMENT);Tuyaux et raccords (réseau);Raccord inox / acier;Fiche technique;FT COURBE PETIT RAYON 90º ASTM STD & XS.pdf;FOURNISSEURS ADHERENTS/ATUSA (REF SANS PAIEMENT)/FICHES TECHNIQUES /RACCORDS ACIER CARBONE;application/pdf;474042;183VzIhdgIcaDeuiyJ_KLFyXGjS8axOBg;https://drive.google.com/file/d/183VzIhdgIcaDeuiyJ_KLFyXGjS8axOBg/view?usp=drivesdk
adherents;ATUSA (REF SANS PAIEMENT);Tuyaux et raccords (réseau);Raccord inox / acier;Fiche technique;FT COURBES 3D 180º EN 10253-2.pdf;FOURNISSEURS ADHERENTS/ATUSA (REF SANS PAIEMENT)/FICHES TECHNIQUES /RACCORDS ACIER CARBONE;application/pdf;408016;1OeCuQ5za2W1Dr1eRKzwE7lzK2BdrHTyA;https://drive.google.com/file/d/1OeCuQ5za2W1Dr1eRKzwE7lzK2BdrHTyA/view?usp=drivesdk
adherents;ATUSA (REF SANS PAIEMENT);Tuyaux et raccords (réseau);Raccord inox / acier;Fiche technique;FT COURBES 3D 45º EN  10253-2.pdf;FOURNISSEURS ADHERENTS/ATUSA (REF SANS PAIEMENT)/FICHES TECHNIQUES /RACCORDS ACIER CARBONE;application/pdf;429369;1QU8zYGMjRnFi3AIwlb6eNu2SSLwTPB8y;https://drive.google.com/file/d/1QU8zYGMjRnFi3AIwlb6eNu2SSLwTPB8y/view?usp=drivesdk
adherents;ATUSA (REF SANS PAIEMENT);Tuyaux et raccords (réseau);Raccord inox / acier;Fiche technique;FT COURBES 3D 90º EN  10253-2.pdf;FOURNISSEURS ADHERENTS/ATUSA (REF SANS PAIEMENT)/FICHES TECHNIQUES /RACCORDS ACIER CARBONE;application/pdf;471996;1IPlvAVknVBgK79kNCfCTN4Vx3jGPI3wY;https://drive.google.com/file/d/1IPlvAVknVBgK79kNCfCTN4Vx3jGPI3wY/view?usp=drivesdk
adherents;ATUSA (REF SANS PAIEMENT);Tuyaux et raccords (réseau);Raccord inox / acier;Fiche technique;FT COURBES 5D 180º EN  10253-2.pdf;FOURNISSEURS ADHERENTS/ATUSA (REF SANS PAIEMENT)/FICHES TECHNIQUES /RACCORDS ACIER CARBONE;application/pdf;388416;1_AvRrkN45qW5BZG0zhVPG5XR6NLptAMM;https://drive.google.com/file/d/1_AvRrkN45qW5BZG0zhVPG5XR6NLptAMM/view?usp=drivesdk
adherents;ATUSA (REF SANS PAIEMENT);Tuyaux et raccords (réseau);Raccord inox / acier;Fiche technique;FT COURBES 5D 45º EN  10253-2.pdf;FOURNISSEURS ADHERENTS/ATUSA (REF SANS PAIEMENT)/FICHES TECHNIQUES /RACCORDS ACIER CARBONE;application/pdf;397717;1Gc76mM2W3DP_ebaKrRWJ4RkEGTJKp96C;https://drive.google.com/file/d/1Gc76mM2W3DP_ebaKrRWJ4RkEGTJKp96C/view?usp=drivesdk
adherents;ATUSA (REF SANS PAIEMENT);Tuyaux et raccords (réseau);Raccord inox / acier;Fiche technique;FT COURBES 5D 90º EN  10253-2.pdf;FOURNISSEURS ADHERENTS/ATUSA (REF SANS PAIEMENT)/FICHES TECHNIQUES /RACCORDS ACIER CARBONE;application/pdf;434246;1B0qD4UQS_zHJh8iq4bMTVHHMibyS2hi8;https://drive.google.com/file/d/1B0qD4UQS_zHJh8iq4bMTVHHMibyS2hi8/view?usp=drivesdk
adherents;ATUSA (REF SANS PAIEMENT);Tuyaux et raccords (réseau);Raccord inox / acier;Fiche technique;FT DEMI MANCHONS TARAUDES.pdf;FOURNISSEURS ADHERENTS/ATUSA (REF SANS PAIEMENT)/FICHES TECHNIQUES /RACCORDS ACIER CARBONE;application/pdf;274476;1anfdA_XMVcDjil-YP2QED0DKYqmAxBTf;https://drive.google.com/file/d/1anfdA_XMVcDjil-YP2QED0DKYqmAxBTf/view?usp=drivesdk
adherents;ATUSA (REF SANS PAIEMENT);Tuyaux et raccords (réseau);Bride / joint / boulonnerie;Fiche technique;FT ECROU HEXAGONAL.pdf;FOURNISSEURS ADHERENTS/ATUSA (REF SANS PAIEMENT)/FICHES TECHNIQUES /RACCORDS ACIER CARBONE;application/pdf;256176;1JKfl2Y8QhkdygJcDjTcphxzjrv_hybl8;https://drive.google.com/file/d/1JKfl2Y8QhkdygJcDjTcphxzjrv_hybl8/view?usp=drivesdk
adherents;ATUSA (REF SANS PAIEMENT);Tuyaux et raccords (réseau);Raccord inox / acier;Fiche technique;FT FOND BOMBE ASTM A-420 WPL6 STD.pdf;FOURNISSEURS ADHERENTS/ATUSA (REF SANS PAIEMENT)/FICHES TECHNIQUES /RACCORDS ACIER CARBONE;application/pdf;405045;1nyq2OcUKQ9JW4wElWc8Zvsdjpp_rctHc;https://drive.google.com/file/d/1nyq2OcUKQ9JW4wElWc8Zvsdjpp_rctHc/view?usp=drivesdk
adherents;ATUSA (REF SANS PAIEMENT);Tuyaux et raccords (réseau);Raccord inox / acier;Fiche technique;FT FOND BOMBE ASTM STD & XS.pdf;FOURNISSEURS ADHERENTS/ATUSA (REF SANS PAIEMENT)/FICHES TECHNIQUES /RACCORDS ACIER CARBONE;application/pdf;483276;1i5BFJdA2ZI5Oc2keDIeGhvI4ajOG2rG5;https://drive.google.com/file/d/1i5BFJdA2ZI5Oc2keDIeGhvI4ajOG2rG5/view?usp=drivesdk
adherents;ATUSA (REF SANS PAIEMENT);Tuyaux et raccords (réseau);Raccord inox / acier;Fiche technique;FT FOND BOMBE EN 10253-1.pdf;FOURNISSEURS ADHERENTS/ATUSA (REF SANS PAIEMENT)/FICHES TECHNIQUES /RACCORDS ACIER CARBONE;application/pdf;499589;1Guh-PGXcLsKT6AfoJCI4EmsCZhkhPZI5;https://drive.google.com/file/d/1Guh-PGXcLsKT6AfoJCI4EmsCZhkhPZI5/view?usp=drivesdk
adherents;ATUSA (REF SANS PAIEMENT);Tuyaux et raccords (réseau);Bride / joint / boulonnerie;Fiche technique;FT JOINT NBR.pdf;FOURNISSEURS ADHERENTS/ATUSA (REF SANS PAIEMENT)/FICHES TECHNIQUES /RACCORDS ACIER CARBONE;application/pdf;296996;1wfyJmFvSx5a8bQYEI7CKVGdEzzJC0C_9;https://drive.google.com/file/d/1wfyJmFvSx5a8bQYEI7CKVGdEzzJC0C_9/view?usp=drivesdk
adherents;ATUSA (REF SANS PAIEMENT);Tuyaux et raccords (réseau);Bride / joint / boulonnerie;Fiche technique;FT JOINT PN 10 (2).pdf;FOURNISSEURS ADHERENTS/ATUSA (REF SANS PAIEMENT)/FICHES TECHNIQUES /RACCORDS ACIER CARBONE;application/pdf;435730;1fNP5CB1nhzk0JCIiMT2unpV_XYM1k1yB;https://drive.google.com/file/d/1fNP5CB1nhzk0JCIiMT2unpV_XYM1k1yB/view?usp=drivesdk
adherents;ATUSA (REF SANS PAIEMENT);Tuyaux et raccords (réseau);Bride / joint / boulonnerie;Fiche technique;FT JOINT PN 10.pdf;FOURNISSEURS ADHERENTS/ATUSA (REF SANS PAIEMENT)/FICHES TECHNIQUES /RACCORDS ACIER CARBONE;application/pdf;301075;16s1uNLz5NTbXypKRr73mbUu9uDdO2-39;https://drive.google.com/file/d/16s1uNLz5NTbXypKRr73mbUu9uDdO2-39/view?usp=drivesdk
adherents;ATUSA (REF SANS PAIEMENT);Tuyaux et raccords (réseau);Bride / joint / boulonnerie;Fiche technique;FT JOINT PN 16 (2).pdf;FOURNISSEURS ADHERENTS/ATUSA (REF SANS PAIEMENT)/FICHES TECHNIQUES /RACCORDS ACIER CARBONE;application/pdf;410511;12Lh-eRKH6sJs9ajGpPbs3Z1qofbPNpCP;https://drive.google.com/file/d/12Lh-eRKH6sJs9ajGpPbs3Z1qofbPNpCP/view?usp=drivesdk
adherents;ATUSA (REF SANS PAIEMENT);Tuyaux et raccords (réseau);Bride / joint / boulonnerie;Fiche technique;FT JOINT PN 16.pdf;FOURNISSEURS ADHERENTS/ATUSA (REF SANS PAIEMENT)/FICHES TECHNIQUES /RACCORDS ACIER CARBONE;application/pdf;280753;1RKe4f7aANt0H0J0UFypfO7yD8lcqFDMb;https://drive.google.com/file/d/1RKe4f7aANt0H0J0UFypfO7yD8lcqFDMb/view?usp=drivesdk
adherents;ATUSA (REF SANS PAIEMENT);Tuyaux et raccords (réseau);Bride / joint / boulonnerie;Fiche technique;FT JOINTS FIBRE SANS AMIANTE.pdf;FOURNISSEURS ADHERENTS/ATUSA (REF SANS PAIEMENT)/FICHES TECHNIQUES /RACCORDS ACIER CARBONE;application/pdf;346247;1dp2ef2239sg8cIgMFa1mC7gvbNkmHn1w;https://drive.google.com/file/d/1dp2ef2239sg8cIgMFa1mC7gvbNkmHn1w/view?usp=drivesdk
adherents;ATUSA (REF SANS PAIEMENT);Tuyaux et raccords (réseau);Bride / joint / boulonnerie;Fiche technique;FT JOINTS SYNTHÉTIQUES.pdf;FOURNISSEURS ADHERENTS/ATUSA (REF SANS PAIEMENT)/FICHES TECHNIQUES /RACCORDS ACIER CARBONE;application/pdf;403467;1CtQe2HSmLcCbnRrOzTNGL01FswlxLh-v;https://drive.google.com/file/d/1CtQe2HSmLcCbnRrOzTNGL01FswlxLh-v/view?usp=drivesdk
adherents;ATUSA (REF SANS PAIEMENT);Tuyaux et raccords (réseau);Raccord inox / acier;Fiche technique;FT MANCHONS TARAUDES.pdf;FOURNISSEURS ADHERENTS/ATUSA (REF SANS PAIEMENT)/FICHES TECHNIQUES /RACCORDS ACIER CARBONE;application/pdf;320651;1k-l7Jv6FzULY9dvEGOZ9utqrwZi5XDSm;https://drive.google.com/file/d/1k-l7Jv6FzULY9dvEGOZ9utqrwZi5XDSm/view?usp=drivesdk
adherents;ATUSA (REF SANS PAIEMENT);Tuyaux et raccords (réseau);Raccord inox / acier;Fiche technique;FT RONDELLE PLATE.pdf;FOURNISSEURS ADHERENTS/ATUSA (REF SANS PAIEMENT)/FICHES TECHNIQUES /RACCORDS ACIER CARBONE;application/pdf;177385;1oAYqKqMk_bPNgFxaJ-EOWTCPM3HAnyEb;https://drive.google.com/file/d/1oAYqKqMk_bPNgFxaJ-EOWTCPM3HAnyEb/view?usp=drivesdk
adherents;ATUSA (REF SANS PAIEMENT);Tuyaux et raccords (réseau);Raccord inox / acier;Fiche technique;FT RONDELLELLARGE.pdf;FOURNISSEURS ADHERENTS/ATUSA (REF SANS PAIEMENT)/FICHES TECHNIQUES /RACCORDS ACIER CARBONE;application/pdf;314588;11cUVmi_fcG2JdX819aksOOJYq4pXUyvn;https://drive.google.com/file/d/11cUVmi_fcG2JdX819aksOOJYq4pXUyvn/view?usp=drivesdk
adherents;ATUSA (REF SANS PAIEMENT);Tuyaux et raccords (réseau);Raccord inox / acier;Fiche technique;FT RÉDUCTION CONCENTRIQUE ASTM A-420 WPL6 STD.pdf;FOURNISSEURS ADHERENTS/ATUSA (REF SANS PAIEMENT)/FICHES TECHNIQUES /RACCORDS ACIER CARBONE;application/pdf;525748;1QJOP2EllMm_X5jUTAxDRMutooIokDF7y;https://drive.google.com/file/d/1QJOP2EllMm_X5jUTAxDRMutooIokDF7y/view?usp=drivesdk
adherents;ATUSA (REF SANS PAIEMENT);Tuyaux et raccords (réseau);Raccord inox / acier;Fiche technique;FT RÉDUCTION CONCENTRIQUE ASTM STD & XS.pdf;FOURNISSEURS ADHERENTS/ATUSA (REF SANS PAIEMENT)/FICHES TECHNIQUES /RACCORDS ACIER CARBONE;application/pdf;849076;1GnwgExr-c08MAQQi-78nidKryHJZnJPQ;https://drive.google.com/file/d/1GnwgExr-c08MAQQi-78nidKryHJZnJPQ/view?usp=drivesdk
adherents;ATUSA (REF SANS PAIEMENT);Tuyaux et raccords (réseau);Raccord inox / acier;Fiche technique;FT RÉDUCTION EXCENTRIQUE ASTM STD.pdf;FOURNISSEURS ADHERENTS/ATUSA (REF SANS PAIEMENT)/FICHES TECHNIQUES /RACCORDS ACIER CARBONE;application/pdf;677421;1cyIoB7ajnY8rEmSuhBzBZhVP5t03IU-m;https://drive.google.com/file/d/1cyIoB7ajnY8rEmSuhBzBZhVP5t03IU-m/view?usp=drivesdk
adherents;ATUSA (REF SANS PAIEMENT);Tuyaux et raccords (réseau);Raccord inox / acier;Fiche technique;FT RÉDUCTIONS CONCENTRIQUES EN 10253-1 FORME 1.pdf;FOURNISSEURS ADHERENTS/ATUSA (REF SANS PAIEMENT)/FICHES TECHNIQUES /RACCORDS ACIER CARBONE;application/pdf;3843264;1mD3C9jipwhfq1XLIKkl0ZCtyVpxfq0Jp;https://drive.google.com/file/d/1mD3C9jipwhfq1XLIKkl0ZCtyVpxfq0Jp/view?usp=drivesdk
adherents;ATUSA (REF SANS PAIEMENT);Tuyaux et raccords (réseau);Raccord inox / acier;Fiche technique;FT RÉDUCTIONS CONCENTRIQUES EN 10253-2.pdf;FOURNISSEURS ADHERENTS/ATUSA (REF SANS PAIEMENT)/FICHES TECHNIQUES /RACCORDS ACIER CARBONE;application/pdf;4180319;1Hzh-reXw4O1KHOEr-WdgqPW0JxlwGW0I;https://drive.google.com/file/d/1Hzh-reXw4O1KHOEr-WdgqPW0JxlwGW0I/view?usp=drivesdk
adherents;ATUSA (REF SANS PAIEMENT);Tuyaux et raccords (réseau);Raccord inox / acier;Fiche technique;FT TIGE FILETÉE.pdf;FOURNISSEURS ADHERENTS/ATUSA (REF SANS PAIEMENT)/FICHES TECHNIQUES /RACCORDS ACIER CARBONE;application/pdf;196400;1BQ7tB9FPex3X3VY4buWruWdsOYCNh8BR;https://drive.google.com/file/d/1BQ7tB9FPex3X3VY4buWruWdsOYCNh8BR/view?usp=drivesdk
adherents;ATUSA (REF SANS PAIEMENT);Tuyaux et raccords (réseau);Raccord inox / acier;Fiche technique;FT TÉ ASTM A-420 WPL6 STD.pdf;FOURNISSEURS ADHERENTS/ATUSA (REF SANS PAIEMENT)/FICHES TECHNIQUES /RACCORDS ACIER CARBONE;application/pdf;479663;1VaQpfwO48Q8C6Q6MnuRmqD1DneCys5gF;https://drive.google.com/file/d/1VaQpfwO48Q8C6Q6MnuRmqD1DneCys5gF/view?usp=drivesdk
adherents;ATUSA (REF SANS PAIEMENT);Tuyaux et raccords (réseau);Raccord inox / acier;Fiche technique;FT TÉ ASTM STD & XS.pdf;FOURNISSEURS ADHERENTS/ATUSA (REF SANS PAIEMENT)/FICHES TECHNIQUES /RACCORDS ACIER CARBONE;application/pdf;604844;1TYvSGRU-X4dSIWx0wQHn4APFh0qSkqu-;https://drive.google.com/file/d/1TYvSGRU-X4dSIWx0wQHn4APFh0qSkqu-/view?usp=drivesdk
adherents;ATUSA (REF SANS PAIEMENT);Tuyaux et raccords (réseau);Raccord inox / acier;Fiche technique;FT TÉ RÉDUIT ASTM STD.pdf;FOURNISSEURS ADHERENTS/ATUSA (REF SANS PAIEMENT)/FICHES TECHNIQUES /RACCORDS ACIER CARBONE;application/pdf;770983;1cVEm2e8ISXXJqRGYH7bk3pb8OIKfZLSy;https://drive.google.com/file/d/1cVEm2e8ISXXJqRGYH7bk3pb8OIKfZLSy/view?usp=drivesdk
adherents;ATUSA (REF SANS PAIEMENT);Tuyaux et raccords (réseau);Raccord inox / acier;Fiche technique;FT TÉS EN 10253-2.pdf;FOURNISSEURS ADHERENTS/ATUSA (REF SANS PAIEMENT)/FICHES TECHNIQUES /RACCORDS ACIER CARBONE;application/pdf;429032;1huUFT_rpTX18iGZ_-Y6mhJYHB7tAOzfO;https://drive.google.com/file/d/1huUFT_rpTX18iGZ_-Y6mhJYHB7tAOzfO/view?usp=drivesdk
adherents;ATUSA (REF SANS PAIEMENT);Tuyaux et raccords (réseau);Raccord inox / acier;Fiche technique;FT VIS EXAGONALE DIN 933.pdf;FOURNISSEURS ADHERENTS/ATUSA (REF SANS PAIEMENT)/FICHES TECHNIQUES /RACCORDS ACIER CARBONE;application/pdf;220472;1eUlXbaGsEBVNgXlQzlw2DIV0sD5_LUzD;https://drive.google.com/file/d/1eUlXbaGsEBVNgXlQzlw2DIV0sD5_LUzD/view?usp=drivesdk
adherents;ATUSA (REF SANS PAIEMENT);Tuyaux et raccords (réseau);Raccord inox / acier;Fiche technique;FT VIS À TÊTE HEXAGONALE.pdf;FOURNISSEURS ADHERENTS/ATUSA (REF SANS PAIEMENT)/FICHES TECHNIQUES /RACCORDS ACIER CARBONE;application/pdf;463402;1b77-qQ5XLjB_tdcslqN4-unATrwmliEV;https://drive.google.com/file/d/1b77-qQ5XLjB_tdcslqN4-unATrwmliEV/view?usp=drivesdk
adherents;ATUSA (REF SANS PAIEMENT);Tuyaux et raccords (réseau);Raccord inox / acier;Fiche technique;FT BOUCHON CLAMP INOX AISI 316L.pdf;FOURNISSEURS ADHERENTS/ATUSA (REF SANS PAIEMENT)/FICHES TECHNIQUES /RACCORDS ACIER INOXYDABLE;application/pdf;328668;1t69-mfPhi1sf-vTP0hOXvQi1T_KyNQGy;https://drive.google.com/file/d/1t69-mfPhi1sf-vTP0hOXvQi1T_KyNQGy/view?usp=drivesdk
adherents;ATUSA (REF SANS PAIEMENT);Tuyaux et raccords (réseau);Raccord inox / acier;Fiche technique;FT BOUCHON DIN 11851.pdf;FOURNISSEURS ADHERENTS/ATUSA (REF SANS PAIEMENT)/FICHES TECHNIQUES /RACCORDS ACIER INOXYDABLE;application/pdf;301492;18swfRKAZkiBlB2eBV1V0PhMlJSnzVCZo;https://drive.google.com/file/d/18swfRKAZkiBlB2eBV1V0PhMlJSnzVCZo/view?usp=drivesdk
adherents;ATUSA (REF SANS PAIEMENT);Tuyaux et raccords (réseau);Raccord inox / acier;Fiche technique;FT BOUCHON INOX AISI 304L EN 10253-4.pdf;FOURNISSEURS ADHERENTS/ATUSA (REF SANS PAIEMENT)/FICHES TECHNIQUES /RACCORDS ACIER INOXYDABLE;application/pdf;360546;1nETHXaHSO98XUA-f9E7KIp64XYJt10hl;https://drive.google.com/file/d/1nETHXaHSO98XUA-f9E7KIp64XYJt10hl/view?usp=drivesdk
adherents;ATUSA (REF SANS PAIEMENT);Tuyaux et raccords (réseau);Raccord inox / acier;Fiche technique;FT BOUCHON INOX AISI 304L MILLIMÉTRIQUE.pdf;FOURNISSEURS ADHERENTS/ATUSA (REF SANS PAIEMENT)/FICHES TECHNIQUES /RACCORDS ACIER INOXYDABLE;application/pdf;370712;1ZS7gqnf60wOIRfV8P1UKKFpNBOe07CJo;https://drive.google.com/file/d/1ZS7gqnf60wOIRfV8P1UKKFpNBOe07CJo/view?usp=drivesdk
adherents;ATUSA (REF SANS PAIEMENT);Tuyaux et raccords (réseau);Raccord inox / acier;Fiche technique;FT BOUCHON INOX AISI 304L SCH 10S.pdf;FOURNISSEURS ADHERENTS/ATUSA (REF SANS PAIEMENT)/FICHES TECHNIQUES /RACCORDS ACIER INOXYDABLE;application/pdf;410729;1z2p8DiLhWn77SbqQEryaqizwrfdUQbFa;https://drive.google.com/file/d/1z2p8DiLhWn77SbqQEryaqizwrfdUQbFa/view?usp=drivesdk
adherents;ATUSA (REF SANS PAIEMENT);Tuyaux et raccords (réseau);Raccord inox / acier;Fiche technique;FT BOUCHON INOX AISI 316L EN 10253-4.pdf;FOURNISSEURS ADHERENTS/ATUSA (REF SANS PAIEMENT)/FICHES TECHNIQUES /RACCORDS ACIER INOXYDABLE;application/pdf;350149;10Ze7tOt5BIG8Q_6E4jy3w6n3y6_vE9wz;https://drive.google.com/file/d/10Ze7tOt5BIG8Q_6E4jy3w6n3y6_vE9wz/view?usp=drivesdk
adherents;ATUSA (REF SANS PAIEMENT);Tuyaux et raccords (réseau);Raccord inox / acier;Fiche technique;FT BOUCHON INOX AISI 316L MILLIMÉTRIQUE.pdf;FOURNISSEURS ADHERENTS/ATUSA (REF SANS PAIEMENT)/FICHES TECHNIQUES /RACCORDS ACIER INOXYDABLE;application/pdf;360487;11DPIar3f_bPEe3PrA3juOouGOxbIVDTk;https://drive.google.com/file/d/11DPIar3f_bPEe3PrA3juOouGOxbIVDTk/view?usp=drivesdk
adherents;ATUSA (REF SANS PAIEMENT);Tuyaux et raccords (réseau);Raccord inox / acier;Fiche technique;FT BOUCHON INOX AISI 316L SCH 10S.pdf;FOURNISSEURS ADHERENTS/ATUSA (REF SANS PAIEMENT)/FICHES TECHNIQUES /RACCORDS ACIER INOXYDABLE;application/pdf;400171;1Sme_gGKebY0tsrOQr3GCfr5d-UT6kC2O;https://drive.google.com/file/d/1Sme_gGKebY0tsrOQr3GCfr5d-UT6kC2O/view?usp=drivesdk
adherents;ATUSA (REF SANS PAIEMENT);Tuyaux et raccords (réseau);Bride / joint / boulonnerie;Fiche technique;FT BRIDE ALUMINIUM BLANCHE DIN 2642 MM.pdf;FOURNISSEURS ADHERENTS/ATUSA (REF SANS PAIEMENT)/FICHES TECHNIQUES /RACCORDS ACIER INOXYDABLE;application/pdf;355509;1awq2zbcY1teFHMpacclUGjAZVKkVb0s2;https://drive.google.com/file/d/1awq2zbcY1teFHMpacclUGjAZVKkVb0s2/view?usp=drivesdk
adherents;ATUSA (REF SANS PAIEMENT);Tuyaux et raccords (réseau);Bride / joint / boulonnerie;Fiche technique;FT BRIDE ALUMINIUM BLANCHE DIN 2642.pdf;FOURNISSEURS ADHERENTS/ATUSA (REF SANS PAIEMENT)/FICHES TECHNIQUES /RACCORDS ACIER INOXYDABLE;application/pdf;402498;1kwQlCMa9YciF2XAeoAaY72qNm6LH2Hre;https://drive.google.com/file/d/1kwQlCMa9YciF2XAeoAaY72qNm6LH2Hre/view?usp=drivesdk
adherents;ATUSA (REF SANS PAIEMENT);Tuyaux et raccords (réseau);Bride / joint / boulonnerie;Fiche technique;FT BRIDE ALUMINIUM DIN 2642.pdf;FOURNISSEURS ADHERENTS/ATUSA (REF SANS PAIEMENT)/FICHES TECHNIQUES /RACCORDS ACIER INOXYDABLE;application/pdf;295351;10OaY-IudBmLDwHN48Y3dQqOCYvlqZmpm;https://drive.google.com/file/d/10OaY-IudBmLDwHN48Y3dQqOCYvlqZmpm/view?usp=drivesdk
adherents;ATUSA (REF SANS PAIEMENT);Tuyaux et raccords (réseau);Bride / joint / boulonnerie;Fiche technique;FT BRIDE AVEUGLE INOX AISI 304L EN 1092-1.pdf;FOURNISSEURS ADHERENTS/ATUSA (REF SANS PAIEMENT)/FICHES TECHNIQUES /RACCORDS ACIER INOXYDABLE;application/pdf;360535;1lfS8ESDalrV1K77HyeyPMFYY1nJyMiNZ;https://drive.google.com/file/d/1lfS8ESDalrV1K77HyeyPMFYY1nJyMiNZ/view?usp=drivesdk
adherents;ATUSA (REF SANS PAIEMENT);Tuyaux et raccords (réseau);Bride / joint / boulonnerie;Fiche technique;FT BRIDE AVEUGLE INOX AISI 316L EN 1092-1.pdf;FOURNISSEURS ADHERENTS/ATUSA (REF SANS PAIEMENT)/FICHES TECHNIQUES /RACCORDS ACIER INOXYDABLE;application/pdf;358681;1muI0yXQztqMWnlC85K5PFRUA18Axbcz_;https://drive.google.com/file/d/1muI0yXQztqMWnlC85K5PFRUA18Axbcz_/view?usp=drivesdk
adherents;ATUSA (REF SANS PAIEMENT);Fixation / consommables;Consommable;Fiche technique;FT BRIDE COLLET INOX AISI 304L EN 1092-1.pdf;FOURNISSEURS ADHERENTS/ATUSA (REF SANS PAIEMENT)/FICHES TECHNIQUES /RACCORDS ACIER INOXYDABLE;application/pdf;561636;1R4WpUn-936UW7kkljMglBJ6ni5RHYL4m;https://drive.google.com/file/d/1R4WpUn-936UW7kkljMglBJ6ni5RHYL4m/view?usp=drivesdk
adherents;ATUSA (REF SANS PAIEMENT);Fixation / consommables;Consommable;Fiche technique;FT BRIDE COLLET INOX AISI 316L EN 1092-1.pdf;FOURNISSEURS ADHERENTS/ATUSA (REF SANS PAIEMENT)/FICHES TECHNIQUES /RACCORDS ACIER INOXYDABLE;application/pdf;561547;1ChEYDabxYKVZXoE8_2_-EZiV1yvT_whX;https://drive.google.com/file/d/1ChEYDabxYKVZXoE8_2_-EZiV1yvT_whX/view?usp=drivesdk
adherents;ATUSA (REF SANS PAIEMENT);Tuyaux et raccords (réseau);Bride / joint / boulonnerie;Fiche technique;FT BRIDE EMBOUTIE INOX AISI 304L EN 10028-7.pdf;FOURNISSEURS ADHERENTS/ATUSA (REF SANS PAIEMENT)/FICHES TECHNIQUES /RACCORDS ACIER INOXYDABLE;application/pdf;337995;1Tox4GIAeYCn9JkyhjJCzXnCTwSHfIYb_;https://drive.google.com/file/d/1Tox4GIAeYCn9JkyhjJCzXnCTwSHfIYb_/view?usp=drivesdk
adherents;ATUSA (REF SANS PAIEMENT);Tuyaux et raccords (réseau);Bride / joint / boulonnerie;Fiche technique;FT BRIDE EMBOUTIE INOX AISI 316L EN 10028-7.pdf;FOURNISSEURS ADHERENTS/ATUSA (REF SANS PAIEMENT)/FICHES TECHNIQUES /RACCORDS ACIER INOXYDABLE;application/pdf;301791;1kg3nA7nuLzGqYd-fRDC-Y7N-KFxoysTL;https://drive.google.com/file/d/1kg3nA7nuLzGqYd-fRDC-Y7N-KFxoysTL/view?usp=drivesdk
adherents;ATUSA (REF SANS PAIEMENT);Tuyaux et raccords (réseau);Bride / joint / boulonnerie;Fiche technique;FT BRIDE FILETÉE INOX AISI 304L DIN 2576.pdf;FOURNISSEURS ADHERENTS/ATUSA (REF SANS PAIEMENT)/FICHES TECHNIQUES /RACCORDS ACIER INOXYDABLE;application/pdf;356772;1WCjrMbWkCqO4s_EMO3VA5j-FpeAi3ueZ;https://drive.google.com/file/d/1WCjrMbWkCqO4s_EMO3VA5j-FpeAi3ueZ/view?usp=drivesdk
adherents;ATUSA (REF SANS PAIEMENT);Tuyaux et raccords (réseau);Bride / joint / boulonnerie;Fiche technique;FT BRIDE FILETÉE INOX AISI 316L DIN 2576.pdf;FOURNISSEURS ADHERENTS/ATUSA (REF SANS PAIEMENT)/FICHES TECHNIQUES /RACCORDS ACIER INOXYDABLE;application/pdf;357379;1wHv7a1vRcXRSlwo-0l7UkbQ8bZsbhsi0;https://drive.google.com/file/d/1wHv7a1vRcXRSlwo-0l7UkbQ8bZsbhsi0/view?usp=drivesdk
adherents;ATUSA (REF SANS PAIEMENT);Tuyaux et raccords (réseau);Bride / joint / boulonnerie;Fiche technique;FT BRIDE INOX BLIND.pdf;FOURNISSEURS ADHERENTS/ATUSA (REF SANS PAIEMENT)/FICHES TECHNIQUES /RACCORDS ACIER INOXYDABLE;application/pdf;286086;1XHcw9sSvQ_pTaJu0eT4ZbOqTbAlwNIDv;https://drive.google.com/file/d/1XHcw9sSvQ_pTaJu0eT4ZbOqTbAlwNIDv/view?usp=drivesdk
adherents;ATUSA (REF SANS PAIEMENT);Tuyaux et raccords (réseau);Bride / joint / boulonnerie;Fiche technique;FT BRIDE INOX SLIP-ON WELDING.pdf;FOURNISSEURS ADHERENTS/ATUSA (REF SANS PAIEMENT)/FICHES TECHNIQUES /RACCORDS ACIER INOXYDABLE;application/pdf;321585;1Wm5bH1nFMcAxOGqAocnAI2xBHgCmyLci;https://drive.google.com/file/d/1Wm5bH1nFMcAxOGqAocnAI2xBHgCmyLci/view?usp=drivesdk
adherents;ATUSA (REF SANS PAIEMENT);Tuyaux et raccords (réseau);Bride / joint / boulonnerie;Fiche technique;FT BRIDE INOX WELDING NECK.pdf;FOURNISSEURS ADHERENTS/ATUSA (REF SANS PAIEMENT)/FICHES TECHNIQUES /RACCORDS ACIER INOXYDABLE;application/pdf;332024;1FUvonde_HMZIaqFAPA9kn9yJvm3LKxie;https://drive.google.com/file/d/1FUvonde_HMZIaqFAPA9kn9yJvm3LKxie/view?usp=drivesdk
adherents;ATUSA (REF SANS PAIEMENT);Tuyaux et raccords (réseau);Bride / joint / boulonnerie;Fiche technique;FT BRIDE PLATE INOX AISI 304L EN 1092-1 MM.pdf;FOURNISSEURS ADHERENTS/ATUSA (REF SANS PAIEMENT)/FICHES TECHNIQUES /RACCORDS ACIER INOXYDABLE;application/pdf;401622;1f9vzUYLvFpm3y_o6FGVpoCD1zVuulTNB;https://drive.google.com/file/d/1f9vzUYLvFpm3y_o6FGVpoCD1zVuulTNB/view?usp=drivesdk
adherents;ATUSA (REF SANS PAIEMENT);Tuyaux et raccords (réseau);Bride / joint / boulonnerie;Fiche technique;FT BRIDE PLATE INOX AISI 304L EN 1092-1 PN 25_40.pdf;FOURNISSEURS ADHERENTS/ATUSA (REF SANS PAIEMENT)/FICHES TECHNIQUES /RACCORDS ACIER INOXYDABLE;application/pdf;402422;19RhaM-NOnNDZcXVAxdQhGchXLoZQ6Zv7;https://drive.google.com/file/d/19RhaM-NOnNDZcXVAxdQhGchXLoZQ6Zv7/view?usp=drivesdk
adherents;ATUSA (REF SANS PAIEMENT);Tuyaux et raccords (réseau);Bride / joint / boulonnerie;Fiche technique;FT BRIDE PLATE INOX AISI 304L EN 1092-1.pdf;FOURNISSEURS ADHERENTS/ATUSA (REF SANS PAIEMENT)/FICHES TECHNIQUES /RACCORDS ACIER INOXYDABLE;application/pdf;502151;1eEnYdYYwj5tddKYA1lilfac8bLNmT3VW;https://drive.google.com/file/d/1eEnYdYYwj5tddKYA1lilfac8bLNmT3VW/view?usp=drivesdk
adherents;ATUSA (REF SANS PAIEMENT);Tuyaux et raccords (réseau);Bride / joint / boulonnerie;Fiche technique;FT BRIDE PLATE INOX AISI 316L EN 1092-1 MM.pdf;FOURNISSEURS ADHERENTS/ATUSA (REF SANS PAIEMENT)/FICHES TECHNIQUES /RACCORDS ACIER INOXYDABLE;application/pdf;401758;1irwAo56bX2Ax3S2F5AnRe0ulvvKF1_xT;https://drive.google.com/file/d/1irwAo56bX2Ax3S2F5AnRe0ulvvKF1_xT/view?usp=drivesdk
adherents;ATUSA (REF SANS PAIEMENT);Tuyaux et raccords (réseau);Bride / joint / boulonnerie;Fiche technique;FT BRIDE PLATE INOX AISI 316L EN 1092-1 PN25_40.pdf;FOURNISSEURS ADHERENTS/ATUSA (REF SANS PAIEMENT)/FICHES TECHNIQUES /RACCORDS ACIER INOXYDABLE;application/pdf;402529;1xw-8H_42W7_7Bd-8eI7Fy_ioA2ggEJZl;https://drive.google.com/file/d/1xw-8H_42W7_7Bd-8eI7Fy_ioA2ggEJZl/view?usp=drivesdk
adherents;ATUSA (REF SANS PAIEMENT);Tuyaux et raccords (réseau);Bride / joint / boulonnerie;Fiche technique;FT BRIDE PLATE INOX AISI 316L EN 1092-1.pdf;FOURNISSEURS ADHERENTS/ATUSA (REF SANS PAIEMENT)/FICHES TECHNIQUES /RACCORDS ACIER INOXYDABLE;application/pdf;502052;1t1ZGKlheaDi6PZPIJHHrarGdVAFznSMX;https://drive.google.com/file/d/1t1ZGKlheaDi6PZPIJHHrarGdVAFznSMX/view?usp=drivesdk
adherents;ATUSA (REF SANS PAIEMENT);Tuyaux et raccords (réseau);Clapet / purge / ventouse;Fiche technique;FT CLAPET ANTI RETOUR FILETÉE INOX.pdf;FOURNISSEURS ADHERENTS/ATUSA (REF SANS PAIEMENT)/FICHES TECHNIQUES /RACCORDS ACIER INOXYDABLE;application/pdf;454152;1kEdx2DkRS9aSa248GEc4gNP5DJY3ymT_;https://drive.google.com/file/d/1kEdx2DkRS9aSa248GEc4gNP5DJY3ymT_/view?usp=drivesdk
adherents;ATUSA (REF SANS PAIEMENT);Filtration;Filtre;Fiche technique;FT CLAPET ANTI RETOUR À DISQUE INOX.pdf;FOURNISSEURS ADHERENTS/ATUSA (REF SANS PAIEMENT)/FICHES TECHNIQUES /RACCORDS ACIER INOXYDABLE;application/pdf;603361;1PCBLmooMk7TyK8I7ov4GKZp_dKz_CcOL;https://drive.google.com/file/d/1PCBLmooMk7TyK8I7ov4GKZp_dKz_CcOL/view?usp=drivesdk
adherents;ATUSA (REF SANS PAIEMENT);Fixation / consommables;Consommable;Fiche technique;FT COLLET INOX AISI 304L EN 10028-7.pdf;FOURNISSEURS ADHERENTS/ATUSA (REF SANS PAIEMENT)/FICHES TECHNIQUES /RACCORDS ACIER INOXYDABLE;application/pdf;311927;114i5xhVLhW7roE35PihDtj9kWTb-eN28;https://drive.google.com/file/d/114i5xhVLhW7roE35PihDtj9kWTb-eN28/view?usp=drivesdk
adherents;ATUSA (REF SANS PAIEMENT);Fixation / consommables;Consommable;Fiche technique;FT COLLET INOX AISI 304L MILLIMÉTRIQUE.pdf;FOURNISSEURS ADHERENTS/ATUSA (REF SANS PAIEMENT)/FICHES TECHNIQUES /RACCORDS ACIER INOXYDABLE;application/pdf;292508;1JwNk1gpiqRLwbGBymeetCotx7YyVaWei;https://drive.google.com/file/d/1JwNk1gpiqRLwbGBymeetCotx7YyVaWei/view?usp=drivesdk
adherents;ATUSA (REF SANS PAIEMENT);Fixation / consommables;Consommable;Fiche technique;FT COLLET INOX AISI 304L SCH 10S.pdf;FOURNISSEURS ADHERENTS/ATUSA (REF SANS PAIEMENT)/FICHES TECHNIQUES /RACCORDS ACIER INOXYDABLE;application/pdf;438298;1jr6vTnW29_o_xUXfk-3oML0V0gQAG9dD;https://drive.google.com/file/d/1jr6vTnW29_o_xUXfk-3oML0V0gQAG9dD/view?usp=drivesdk
adherents;ATUSA (REF SANS PAIEMENT);Fixation / consommables;Consommable;Fiche technique;FT COLLET INOX AISI 316L EN 10028-7.pdf;FOURNISSEURS ADHERENTS/ATUSA (REF SANS PAIEMENT)/FICHES TECHNIQUES /RACCORDS ACIER INOXYDABLE;application/pdf;301552;1OCzAzJ5xNriLMLwyV3112gFEJO_P5VDx;https://drive.google.com/file/d/1OCzAzJ5xNriLMLwyV3112gFEJO_P5VDx/view?usp=drivesdk
adherents;ATUSA (REF SANS PAIEMENT);Fixation / consommables;Consommable;Fiche technique;FT COLLET INOX AISI 316L MILLIMÉTRIQUE.pdf;FOURNISSEURS ADHERENTS/ATUSA (REF SANS PAIEMENT)/FICHES TECHNIQUES /RACCORDS ACIER INOXYDABLE;application/pdf;281802;1kxiLdJ_j8w6Qb5CJ-Q2KyfJoeXJ5u9St;https://drive.google.com/file/d/1kxiLdJ_j8w6Qb5CJ-Q2KyfJoeXJ5u9St/view?usp=drivesdk
adherents;ATUSA (REF SANS PAIEMENT);Fixation / consommables;Consommable;Fiche technique;FT COLLET INOX AISI 316L SCH 10S.pdf;FOURNISSEURS ADHERENTS/ATUSA (REF SANS PAIEMENT)/FICHES TECHNIQUES /RACCORDS ACIER INOXYDABLE;application/pdf;427662;1mp3F4gW5-yBSZDVl5n9cFH8M7_BAR4HV;https://drive.google.com/file/d/1mp3F4gW5-yBSZDVl5n9cFH8M7_BAR4HV/view?usp=drivesdk
adherents;ATUSA (REF SANS PAIEMENT);Fixation / consommables;Fixation;Fiche technique;FT COLLIER CLAMP INOX AISI 304.pdf;FOURNISSEURS ADHERENTS/ATUSA (REF SANS PAIEMENT)/FICHES TECHNIQUES /RACCORDS ACIER INOXYDABLE;application/pdf;365735;1ixDSG22Nag38zwPrUBLBnkOVDll4ZCuG;https://drive.google.com/file/d/1ixDSG22Nag38zwPrUBLBnkOVDll4ZCuG/view?usp=drivesdk
adherents;ATUSA (REF SANS PAIEMENT);Fixation / consommables;Fixation;Fiche technique;FT COLLIER INOXYDABLE AISI 304.pdf;FOURNISSEURS ADHERENTS/ATUSA (REF SANS PAIEMENT)/FICHES TECHNIQUES /RACCORDS ACIER INOXYDABLE;application/pdf;365031;1fEjdkdr3UfcfldSOatpWyCuY2k6o2q0x;https://drive.google.com/file/d/1fEjdkdr3UfcfldSOatpWyCuY2k6o2q0x/view?usp=drivesdk
adherents;ATUSA (REF SANS PAIEMENT);Tuyaux et raccords (réseau);Raccord inox / acier;Fiche technique;FT COUDE 90º 3D INOX AISI 304L EN 10253-4.pdf;FOURNISSEURS ADHERENTS/ATUSA (REF SANS PAIEMENT)/FICHES TECHNIQUES /RACCORDS ACIER INOXYDABLE;application/pdf;395490;1IAvQR64pUSFhIzVcMutqpP0tggvvvnDU;https://drive.google.com/file/d/1IAvQR64pUSFhIzVcMutqpP0tggvvvnDU/view?usp=drivesdk
adherents;ATUSA (REF SANS PAIEMENT);Tuyaux et raccords (réseau);Raccord inox / acier;Fiche technique;FT COUDE 90º 3D INOX AISI 316L EN 10253-4.pdf;FOURNISSEURS ADHERENTS/ATUSA (REF SANS PAIEMENT)/FICHES TECHNIQUES /RACCORDS ACIER INOXYDABLE;application/pdf;419289;1VWrHJ4Zxv3aoQArW3SsMiFDovFa2OySe;https://drive.google.com/file/d/1VWrHJ4Zxv3aoQArW3SsMiFDovFa2OySe/view?usp=drivesdk
adherents;ATUSA (REF SANS PAIEMENT);Tuyaux et raccords (réseau);Raccord inox / acier;Fiche technique;FT COUDE 90º INOX AISI 304L DIN 11852 SERIE 1.pdf;FOURNISSEURS ADHERENTS/ATUSA (REF SANS PAIEMENT)/FICHES TECHNIQUES /RACCORDS ACIER INOXYDABLE;application/pdf;223352;1CMXH1UkBE1mlJGlq8gShs4Ue5BE8xSlj;https://drive.google.com/file/d/1CMXH1UkBE1mlJGlq8gShs4Ue5BE8xSlj/view?usp=drivesdk
adherents;ATUSA (REF SANS PAIEMENT);Tuyaux et raccords (réseau);Raccord inox / acier;Fiche technique;FT COUDE 90º INOX AISI 304L DIN 11852 SERIE 2.pdf;FOURNISSEURS ADHERENTS/ATUSA (REF SANS PAIEMENT)/FICHES TECHNIQUES /RACCORDS ACIER INOXYDABLE;application/pdf;212254;1DGec6A2Ds4ifwFPnXwEWmdlEfR5z7M3o;https://drive.google.com/file/d/1DGec6A2Ds4ifwFPnXwEWmdlEfR5z7M3o/view?usp=drivesdk
adherents;ATUSA (REF SANS PAIEMENT);Tuyaux et raccords (réseau);Raccord inox / acier;Fiche technique;FT COUDE 90º INOX AISI 304L MILLIMÉTRIQUE.pdf;FOURNISSEURS ADHERENTS/ATUSA (REF SANS PAIEMENT)/FICHES TECHNIQUES /RACCORDS ACIER INOXYDABLE;application/pdf;438188;1klBF5Ba79LN3sRP2vJ0_L852CnwskQZr;https://drive.google.com/file/d/1klBF5Ba79LN3sRP2vJ0_L852CnwskQZr/view?usp=drivesdk
adherents;ATUSA (REF SANS PAIEMENT);Tuyaux et raccords (réseau);Raccord inox / acier;Fiche technique;FT COUDE 90º INOX AISI 304L SMS 1146.pdf;FOURNISSEURS ADHERENTS/ATUSA (REF SANS PAIEMENT)/FICHES TECHNIQUES /RACCORDS ACIER INOXYDABLE;application/pdf;219168;1c6ScmyVvt9gjtydoEif8PfCLS0B9CrKQ;https://drive.google.com/file/d/1c6ScmyVvt9gjtydoEif8PfCLS0B9CrKQ/view?usp=drivesdk
adherents;ATUSA (REF SANS PAIEMENT);Tuyaux et raccords (réseau);Raccord inox / acier;Fiche technique;FT COUDE 90º INOX AISI 316L DIN 11852 SERIE 1.pdf;FOURNISSEURS ADHERENTS/ATUSA (REF SANS PAIEMENT)/FICHES TECHNIQUES /RACCORDS ACIER INOXYDABLE;application/pdf;241763;1DZSdRc8CvBeVTvhUCwoygRtV_E1KhXuE;https://drive.google.com/file/d/1DZSdRc8CvBeVTvhUCwoygRtV_E1KhXuE/view?usp=drivesdk
adherents;ATUSA (REF SANS PAIEMENT);Tuyaux et raccords (réseau);Raccord inox / acier;Fiche technique;FT COUDE 90º INOX AISI 316L DIN 11852 SERIE 2.pdf;FOURNISSEURS ADHERENTS/ATUSA (REF SANS PAIEMENT)/FICHES TECHNIQUES /RACCORDS ACIER INOXYDABLE;application/pdf;219777;1ohxrTarVZWa9oDNope33T75rzmpUnbwi;https://drive.google.com/file/d/1ohxrTarVZWa9oDNope33T75rzmpUnbwi/view?usp=drivesdk
adherents;ATUSA (REF SANS PAIEMENT);Tuyaux et raccords (réseau);Raccord inox / acier;Fiche technique;FT COUDE 90º INOX AISI 316L MILLIMÉTRIQUE.pdf;FOURNISSEURS ADHERENTS/ATUSA (REF SANS PAIEMENT)/FICHES TECHNIQUES /RACCORDS ACIER INOXYDABLE;application/pdf;404475;1ROqpXdVYflyawdb0DSEnQKzG4P410IH_;https://drive.google.com/file/d/1ROqpXdVYflyawdb0DSEnQKzG4P410IH_/view?usp=drivesdk
adherents;ATUSA (REF SANS PAIEMENT);Tuyaux et raccords (réseau);Raccord inox / acier;Fiche technique;FT COUDE 90º INOX AISI 316L SMS 1146.pdf;FOURNISSEURS ADHERENTS/ATUSA (REF SANS PAIEMENT)/FICHES TECHNIQUES /RACCORDS ACIER INOXYDABLE;application/pdf;219117;1Gw97ae73PUutbuVHqleCLhbH_qgI1ol7;https://drive.google.com/file/d/1Gw97ae73PUutbuVHqleCLhbH_qgI1ol7/view?usp=drivesdk
adherents;ATUSA (REF SANS PAIEMENT);Tuyaux et raccords (réseau);Raccord inox / acier;Fiche technique;FT COURBE RAYON LONG 90º INOX AISI 304L SCH 10S.pdf;FOURNISSEURS ADHERENTS/ATUSA (REF SANS PAIEMENT)/FICHES TECHNIQUES /RACCORDS ACIER INOXYDABLE;application/pdf;432489;1DZBVWT1eZkZQDDIemnSHhzPY3kQ03Gkt;https://drive.google.com/file/d/1DZBVWT1eZkZQDDIemnSHhzPY3kQ03Gkt/view?usp=drivesdk
adherents;ATUSA (REF SANS PAIEMENT);Tuyaux et raccords (réseau);Raccord inox / acier;Fiche technique;FT COURBE RAYON LONG 90º INOX AISI 316L SCH 10S.pdf;FOURNISSEURS ADHERENTS/ATUSA (REF SANS PAIEMENT)/FICHES TECHNIQUES /RACCORDS ACIER INOXYDABLE;application/pdf;421901;1O_BJ55ZvGAysrF6PX2wIGrfL_WaNzsck;https://drive.google.com/file/d/1O_BJ55ZvGAysrF6PX2wIGrfL_WaNzsck/view?usp=drivesdk
adherents;ATUSA (REF SANS PAIEMENT);Tuyaux et raccords (réseau);Raccord inox / acier;Fiche technique;FT COURBE RAYON LONG 90º INOX AISI 316L SHC 40.pdf;FOURNISSEURS ADHERENTS/ATUSA (REF SANS PAIEMENT)/FICHES TECHNIQUES /RACCORDS ACIER INOXYDABLE;application/pdf;420778;1YgQHY2QJU7VEMG0GClLB0ngXUBTIIIds;https://drive.google.com/file/d/1YgQHY2QJU7VEMG0GClLB0ngXUBTIIIds/view?usp=drivesdk
adherents;ATUSA (REF SANS PAIEMENT);Tuyaux et raccords (réseau);Raccord inox / acier;Fiche technique;FT DOUILLE A SOUDER DIN 11851 AISI 304 – SÉRIE 1.pdf;FOURNISSEURS ADHERENTS/ATUSA (REF SANS PAIEMENT)/FICHES TECHNIQUES /RACCORDS ACIER INOXYDABLE;application/pdf;217563;1BkrJie37UsxJ2a2phYPuHH4TZ1aM6td-;https://drive.google.com/file/d/1BkrJie37UsxJ2a2phYPuHH4TZ1aM6td-/view?usp=drivesdk
adherents;ATUSA (REF SANS PAIEMENT);Tuyaux et raccords (réseau);Raccord inox / acier;Fiche technique;FT DOUILLE A SOUDER DIN 11851 AISI 304 – SÉRIE 2.pdf;FOURNISSEURS ADHERENTS/ATUSA (REF SANS PAIEMENT)/FICHES TECHNIQUES /RACCORDS ACIER INOXYDABLE;application/pdf;251435;1Jqj-wkOh74uPaW658bB49Du8qCE-vcx7;https://drive.google.com/file/d/1Jqj-wkOh74uPaW658bB49Du8qCE-vcx7/view?usp=drivesdk
adherents;ATUSA (REF SANS PAIEMENT);Tuyaux et raccords (réseau);Raccord inox / acier;Fiche technique;FT DOUILLE A SOUDER DIN 11851 AISI 316 – SÉRIE 1.pdf;FOURNISSEURS ADHERENTS/ATUSA (REF SANS PAIEMENT)/FICHES TECHNIQUES /RACCORDS ACIER INOXYDABLE;application/pdf;225960;1E7fC1A2X9aVLS86_vNKRWiKb4DHdk29w;https://drive.google.com/file/d/1E7fC1A2X9aVLS86_vNKRWiKb4DHdk29w/view?usp=drivesdk
adherents;ATUSA (REF SANS PAIEMENT);Tuyaux et raccords (réseau);Raccord inox / acier;Fiche technique;FT DOUILLE A SOUDER DIN 11851 AISI 316 – SÉRIE 2.pdf;FOURNISSEURS ADHERENTS/ATUSA (REF SANS PAIEMENT)/FICHES TECHNIQUES /RACCORDS ACIER INOXYDABLE;application/pdf;259276;1F_C_yzjzjx_4A0FoWo19eIah1q_9RMht;https://drive.google.com/file/d/1F_C_yzjzjx_4A0FoWo19eIah1q_9RMht/view?usp=drivesdk
adherents;ATUSA (REF SANS PAIEMENT);Tuyaux et raccords (réseau);Raccord inox / acier;Fiche technique;FT DOUILLE A SOUDER DIN 11851 MANDRINAR.pdf;FOURNISSEURS ADHERENTS/ATUSA (REF SANS PAIEMENT)/FICHES TECHNIQUES /RACCORDS ACIER INOXYDABLE;application/pdf;272086;1vrZweSeAvsf3RYmeX8YBfPEHB6bu8D8D;https://drive.google.com/file/d/1vrZweSeAvsf3RYmeX8YBfPEHB6bu8D8D/view?usp=drivesdk
adherents;ATUSA (REF SANS PAIEMENT);Tuyaux et raccords (réseau);Raccord inox / acier;Fiche technique;FT DOUILLE A SOUDER SMS 1146 (2).pdf;FOURNISSEURS ADHERENTS/ATUSA (REF SANS PAIEMENT)/FICHES TECHNIQUES /RACCORDS ACIER INOXYDABLE;application/pdf;253517;1ixxfLfq6VePus2-8Q_c7-7d26aTm0GTN;https://drive.google.com/file/d/1ixxfLfq6VePus2-8Q_c7-7d26aTm0GTN/view?usp=drivesdk
adherents;ATUSA (REF SANS PAIEMENT);Tuyaux et raccords (réseau);Raccord inox / acier;Fiche technique;FT DOUILLE A SOUDER SMS 1146.pdf;FOURNISSEURS ADHERENTS/ATUSA (REF SANS PAIEMENT)/FICHES TECHNIQUES /RACCORDS ACIER INOXYDABLE;application/pdf;198320;17ujk9r4DrvIwuCNXGA25ULGZISrysTRx;https://drive.google.com/file/d/17ujk9r4DrvIwuCNXGA25ULGZISrysTRx/view?usp=drivesdk
adherents;ATUSA (REF SANS PAIEMENT);Tuyaux et raccords (réseau);Bride / joint / boulonnerie;Fiche technique;FT ECROU DIN 11851.pdf;FOURNISSEURS ADHERENTS/ATUSA (REF SANS PAIEMENT)/FICHES TECHNIQUES /RACCORDS ACIER INOXYDABLE;application/pdf;248783;1O_KjmeDi3rtPPFjpsPmwfjOnqZy9yNf6;https://drive.google.com/file/d/1O_KjmeDi3rtPPFjpsPmwfjOnqZy9yNf6/view?usp=drivesdk
adherents;ATUSA (REF SANS PAIEMENT);Tuyaux et raccords (réseau);Raccord inox / acier;Fiche technique;FT FERRULE CLAMP INOX AISI 316L.pdf;FOURNISSEURS ADHERENTS/ATUSA (REF SANS PAIEMENT)/FICHES TECHNIQUES /RACCORDS ACIER INOXYDABLE;application/pdf;322005;1tmy_A_iVlrfhCGme_o8qfUPXwa4vSPxF;https://drive.google.com/file/d/1tmy_A_iVlrfhCGme_o8qfUPXwa4vSPxF/view?usp=drivesdk
adherents;ATUSA (REF SANS PAIEMENT);Filtration;Filtre;Fiche technique;FT FILTRE EN _Y_ INOX.pdf;FOURNISSEURS ADHERENTS/ATUSA (REF SANS PAIEMENT)/FICHES TECHNIQUES /RACCORDS ACIER INOXYDABLE;application/pdf;419267;1bCeOl4VECCZ8rpGXYEud7lq-Y0xeI3e5;https://drive.google.com/file/d/1bCeOl4VECCZ8rpGXYEud7lq-Y0xeI3e5/view?usp=drivesdk
adherents;ATUSA (REF SANS PAIEMENT);Tuyaux et raccords (réseau);Raccord inox / acier;Fiche technique;FT INOX FIG. 120.pdf;FOURNISSEURS ADHERENTS/ATUSA (REF SANS PAIEMENT)/FICHES TECHNIQUES /RACCORDS ACIER INOXYDABLE;application/pdf;160909;1lLdlV8-JqQbugP3-XxAWc7ayqzzT-QfR;https://drive.google.com/file/d/1lLdlV8-JqQbugP3-XxAWc7ayqzzT-QfR/view?usp=drivesdk
adherents;ATUSA (REF SANS PAIEMENT);Tuyaux et raccords (réseau);Raccord inox / acier;Fiche technique;FT INOX FIG. 121.pdf;FOURNISSEURS ADHERENTS/ATUSA (REF SANS PAIEMENT)/FICHES TECHNIQUES /RACCORDS ACIER INOXYDABLE;application/pdf;289849;1CnpOFPjxsPrkYDNrt0W48Ek9bYFo8rbT;https://drive.google.com/file/d/1CnpOFPjxsPrkYDNrt0W48Ek9bYFo8rbT/view?usp=drivesdk
adherents;ATUSA (REF SANS PAIEMENT);Tuyaux et raccords (réseau);Raccord inox / acier;Fiche technique;FT INOX FIG. 130.pdf;FOURNISSEURS ADHERENTS/ATUSA (REF SANS PAIEMENT)/FICHES TECHNIQUES /RACCORDS ACIER INOXYDABLE;application/pdf;217740;1UaGfJlGHva4IMbeEzjg4AQl_WC54ijRK;https://drive.google.com/file/d/1UaGfJlGHva4IMbeEzjg4AQl_WC54ijRK/view?usp=drivesdk
adherents;ATUSA (REF SANS PAIEMENT);Tuyaux et raccords (réseau);Raccord inox / acier;Fiche technique;FT INOX FIG. 130L.pdf;FOURNISSEURS ADHERENTS/ATUSA (REF SANS PAIEMENT)/FICHES TECHNIQUES /RACCORDS ACIER INOXYDABLE;application/pdf;198885;1eNA6b1cfkqYGoolOnUdd2csbEvSMsRZp;https://drive.google.com/file/d/1eNA6b1cfkqYGoolOnUdd2csbEvSMsRZp/view?usp=drivesdk
adherents;ATUSA (REF SANS PAIEMENT);Tuyaux et raccords (réseau);Raccord inox / acier;Fiche technique;FT INOX FIG. 130R.pdf;FOURNISSEURS ADHERENTS/ATUSA (REF SANS PAIEMENT)/FICHES TECHNIQUES /RACCORDS ACIER INOXYDABLE;application/pdf;293465;1Q0ZKuUP86AJq4DpiRr_1QbC8Adju3TTH;https://drive.google.com/file/d/1Q0ZKuUP86AJq4DpiRr_1QbC8Adju3TTH/view?usp=drivesdk
adherents;ATUSA (REF SANS PAIEMENT);Tuyaux et raccords (réseau);Raccord inox / acier;Fiche technique;FT INOX FIG. 130RL.pdf;FOURNISSEURS ADHERENTS/ATUSA (REF SANS PAIEMENT)/FICHES TECHNIQUES /RACCORDS ACIER INOXYDABLE;application/pdf;240216;1EfntLmX_6PaiLpIlECIz8ZvFC0tpQJTZ;https://drive.google.com/file/d/1EfntLmX_6PaiLpIlECIz8ZvFC0tpQJTZ/view?usp=drivesdk
adherents;ATUSA (REF SANS PAIEMENT);Tuyaux et raccords (réseau);Raccord inox / acier;Fiche technique;FT INOX FIG. 170.pdf;FOURNISSEURS ADHERENTS/ATUSA (REF SANS PAIEMENT)/FICHES TECHNIQUES /RACCORDS ACIER INOXYDABLE;application/pdf;254191;13Dnu-S7vuAAUx53-4bElPKDUpXK5n5gF;https://drive.google.com/file/d/13Dnu-S7vuAAUx53-4bElPKDUpXK5n5gF/view?usp=drivesdk
adherents;ATUSA (REF SANS PAIEMENT);Tuyaux et raccords (réseau);Raccord inox / acier;Fiche technique;FT INOX FIG. 180.pdf;FOURNISSEURS ADHERENTS/ATUSA (REF SANS PAIEMENT)/FICHES TECHNIQUES /RACCORDS ACIER INOXYDABLE;application/pdf;227491;1PM2QkgV4UEmLHWBilSKN231l5G7Q4VDZ;https://drive.google.com/file/d/1PM2QkgV4UEmLHWBilSKN231l5G7Q4VDZ/view?usp=drivesdk
adherents;ATUSA (REF SANS PAIEMENT);Tuyaux et raccords (réseau);Raccord inox / acier;Fiche technique;FT INOX FIG. 240.pdf;FOURNISSEURS ADHERENTS/ATUSA (REF SANS PAIEMENT)/FICHES TECHNIQUES /RACCORDS ACIER INOXYDABLE;application/pdf;334902;1vPI3xhMznnUC4JDLBqHFbxGH-JFnh-W8;https://drive.google.com/file/d/1vPI3xhMznnUC4JDLBqHFbxGH-JFnh-W8/view?usp=drivesdk
adherents;ATUSA (REF SANS PAIEMENT);Tuyaux et raccords (réseau);Raccord inox / acier;Fiche technique;FT INOX FIG. 240L.pdf;FOURNISSEURS ADHERENTS/ATUSA (REF SANS PAIEMENT)/FICHES TECHNIQUES /RACCORDS ACIER INOXYDABLE;application/pdf;239875;15-rNYlhbJ1QMt8fp-ggvJ7wUckYE4XLl;https://drive.google.com/file/d/15-rNYlhbJ1QMt8fp-ggvJ7wUckYE4XLl/view?usp=drivesdk
adherents;ATUSA (REF SANS PAIEMENT);Tuyaux et raccords (réseau);Raccord inox / acier;Fiche technique;FT INOX FIG. 241.pdf;FOURNISSEURS ADHERENTS/ATUSA (REF SANS PAIEMENT)/FICHES TECHNIQUES /RACCORDS ACIER INOXYDABLE;application/pdf;417412;1cJlNpbSzfCQWuTuoyPf0PTwbr6QOlN7P;https://drive.google.com/file/d/1cJlNpbSzfCQWuTuoyPf0PTwbr6QOlN7P/view?usp=drivesdk
adherents;ATUSA (REF SANS PAIEMENT);Tuyaux et raccords (réseau);Raccord inox / acier;Fiche technique;FT INOX FIG. 241L.pdf;FOURNISSEURS ADHERENTS/ATUSA (REF SANS PAIEMENT)/FICHES TECHNIQUES /RACCORDS ACIER INOXYDABLE;application/pdf;308429;1JqZttfWZ8TneSibJCFvO7eiP1AYCU8VA;https://drive.google.com/file/d/1JqZttfWZ8TneSibJCFvO7eiP1AYCU8VA/view?usp=drivesdk
adherents;ATUSA (REF SANS PAIEMENT);Tuyaux et raccords (réseau);Raccord inox / acier;Fiche technique;FT INOX FIG. 245.pdf;FOURNISSEURS ADHERENTS/ATUSA (REF SANS PAIEMENT)/FICHES TECHNIQUES /RACCORDS ACIER INOXYDABLE;application/pdf;277112;1BQ6xcJ8BlN8OXN2PUmwHkYXiWU-AVLt5;https://drive.google.com/file/d/1BQ6xcJ8BlN8OXN2PUmwHkYXiWU-AVLt5/view?usp=drivesdk
adherents;ATUSA (REF SANS PAIEMENT);Tuyaux et raccords (réseau);Raccord inox / acier;Fiche technique;FT INOX FIG. 245L.pdf;FOURNISSEURS ADHERENTS/ATUSA (REF SANS PAIEMENT)/FICHES TECHNIQUES /RACCORDS ACIER INOXYDABLE;application/pdf;214978;1nkYTEOEfT6Q-KupqOUiMf2LgQL9qc6Ut;https://drive.google.com/file/d/1nkYTEOEfT6Q-KupqOUiMf2LgQL9qc6Ut/view?usp=drivesdk
adherents;ATUSA (REF SANS PAIEMENT);Tuyaux et raccords (réseau);Raccord inox / acier;Fiche technique;FT INOX FIG. 270.pdf;FOURNISSEURS ADHERENTS/ATUSA (REF SANS PAIEMENT)/FICHES TECHNIQUES /RACCORDS ACIER INOXYDABLE;application/pdf;240183;1jOFYzkSEqssev7TDfq6wpgFT-kNZV84N;https://drive.google.com/file/d/1jOFYzkSEqssev7TDfq6wpgFT-kNZV84N/view?usp=drivesdk
adherents;ATUSA (REF SANS PAIEMENT);Tuyaux et raccords (réseau);Raccord inox / acier;Fiche technique;FT INOX FIG. 280.pdf;FOURNISSEURS ADHERENTS/ATUSA (REF SANS PAIEMENT)/FICHES TECHNIQUES /RACCORDS ACIER INOXYDABLE;application/pdf;259179;1MmUr16Oc2N96VrpLkroiHzLbzFpre3M0;https://drive.google.com/file/d/1MmUr16Oc2N96VrpLkroiHzLbzFpre3M0/view?usp=drivesdk
adherents;ATUSA (REF SANS PAIEMENT);Tuyaux et raccords (réseau);Raccord inox / acier;Fiche technique;FT INOX FIG. 280L.pdf;FOURNISSEURS ADHERENTS/ATUSA (REF SANS PAIEMENT)/FICHES TECHNIQUES /RACCORDS ACIER INOXYDABLE;application/pdf;214261;1lI5BOw2RfFbo4GoaoA9S_Ux7ApAD7t-U;https://drive.google.com/file/d/1lI5BOw2RfFbo4GoaoA9S_Ux7ApAD7t-U/view?usp=drivesdk
adherents;ATUSA (REF SANS PAIEMENT);Tuyaux et raccords (réseau);Raccord inox / acier;Fiche technique;FT INOX FIG. 285.pdf;FOURNISSEURS ADHERENTS/ATUSA (REF SANS PAIEMENT)/FICHES TECHNIQUES /RACCORDS ACIER INOXYDABLE;application/pdf;261025;1W72NJaHVag76L0gVH-hsY0AXI1hRPSm1;https://drive.google.com/file/d/1W72NJaHVag76L0gVH-hsY0AXI1hRPSm1/view?usp=drivesdk
adherents;ATUSA (REF SANS PAIEMENT);Tuyaux et raccords (réseau);Raccord inox / acier;Fiche technique;FT INOX FIG. 290.pdf;FOURNISSEURS ADHERENTS/ATUSA (REF SANS PAIEMENT)/FICHES TECHNIQUES /RACCORDS ACIER INOXYDABLE;application/pdf;295795;1yL7CO9CtFjnDlGwfl_AoyueE3wQbqVT0;https://drive.google.com/file/d/1yL7CO9CtFjnDlGwfl_AoyueE3wQbqVT0/view?usp=drivesdk
adherents;ATUSA (REF SANS PAIEMENT);Tuyaux et raccords (réseau);Raccord inox / acier;Fiche technique;FT INOX FIG. 290L.pdf;FOURNISSEURS ADHERENTS/ATUSA (REF SANS PAIEMENT)/FICHES TECHNIQUES /RACCORDS ACIER INOXYDABLE;application/pdf;256145;1CLL8IkkFh9BLxk7s9NYYFE55OnDwwAAO;https://drive.google.com/file/d/1CLL8IkkFh9BLxk7s9NYYFE55OnDwwAAO/view?usp=drivesdk
adherents;ATUSA (REF SANS PAIEMENT);Tuyaux et raccords (réseau);Raccord inox / acier;Fiche technique;FT INOX FIG. 300.pdf;FOURNISSEURS ADHERENTS/ATUSA (REF SANS PAIEMENT)/FICHES TECHNIQUES /RACCORDS ACIER INOXYDABLE;application/pdf;270595;1LkS-g4ijw9D2NdE6OceppRHMipzXhTLX;https://drive.google.com/file/d/1LkS-g4ijw9D2NdE6OceppRHMipzXhTLX/view?usp=drivesdk
adherents;ATUSA (REF SANS PAIEMENT);Tuyaux et raccords (réseau);Raccord inox / acier;Fiche technique;FT INOX FIG. 300L.pdf;FOURNISSEURS ADHERENTS/ATUSA (REF SANS PAIEMENT)/FICHES TECHNIQUES /RACCORDS ACIER INOXYDABLE;application/pdf;174134;1yLW7aQw8iWJSgSXBTnbT28byZE6kE2zB;https://drive.google.com/file/d/1yLW7aQw8iWJSgSXBTnbT28byZE6kE2zB/view?usp=drivesdk
adherents;ATUSA (REF SANS PAIEMENT);Tuyaux et raccords (réseau);Raccord inox / acier;Fiche technique;FT INOX FIG. 312.pdf;FOURNISSEURS ADHERENTS/ATUSA (REF SANS PAIEMENT)/FICHES TECHNIQUES /RACCORDS ACIER INOXYDABLE;application/pdf;244547;1dOZy3sZevq7TaR-RCyD6Ylt35re-fls-;https://drive.google.com/file/d/1dOZy3sZevq7TaR-RCyD6Ylt35re-fls-/view?usp=drivesdk
adherents;ATUSA (REF SANS PAIEMENT);Tuyaux et raccords (réseau);Raccord inox / acier;Fiche technique;FT INOX FIG. 315.pdf;FOURNISSEURS ADHERENTS/ATUSA (REF SANS PAIEMENT)/FICHES TECHNIQUES /RACCORDS ACIER INOXYDABLE;application/pdf;240719;1JiXDFeAPNRVp8jssoFTtQ1ERIjJ433Ss;https://drive.google.com/file/d/1JiXDFeAPNRVp8jssoFTtQ1ERIjJ433Ss/view?usp=drivesdk
adherents;ATUSA (REF SANS PAIEMENT);Tuyaux et raccords (réseau);Raccord inox / acier;Fiche technique;FT INOX FIG. 330.pdf;FOURNISSEURS ADHERENTS/ATUSA (REF SANS PAIEMENT)/FICHES TECHNIQUES /RACCORDS ACIER INOXYDABLE;application/pdf;377873;18aEl5TZOF3VuvXddLeP4ZFXvyLmQSeta;https://drive.google.com/file/d/18aEl5TZOF3VuvXddLeP4ZFXvyLmQSeta/view?usp=drivesdk
adherents;ATUSA (REF SANS PAIEMENT);Tuyaux et raccords (réseau);Raccord inox / acier;Fiche technique;FT INOX FIG. 330L.pdf;FOURNISSEURS ADHERENTS/ATUSA (REF SANS PAIEMENT)/FICHES TECHNIQUES /RACCORDS ACIER INOXYDABLE;application/pdf;239271;1R2u6apI94otmojUifEKG7XIrUJBzZiEl;https://drive.google.com/file/d/1R2u6apI94otmojUifEKG7XIrUJBzZiEl/view?usp=drivesdk
adherents;ATUSA (REF SANS PAIEMENT);Tuyaux et raccords (réseau);Raccord inox / acier;Fiche technique;FT INOX FIG. 331.pdf;FOURNISSEURS ADHERENTS/ATUSA (REF SANS PAIEMENT)/FICHES TECHNIQUES /RACCORDS ACIER INOXYDABLE;application/pdf;321952;1aAS0dMIhxd1gZVqEd57UEU-wogp26r2o;https://drive.google.com/file/d/1aAS0dMIhxd1gZVqEd57UEU-wogp26r2o/view?usp=drivesdk
adherents;ATUSA (REF SANS PAIEMENT);Tuyaux et raccords (réseau);Raccord inox / acier;Fiche technique;FT INOX FIG. 331L.pdf;FOURNISSEURS ADHERENTS/ATUSA (REF SANS PAIEMENT)/FICHES TECHNIQUES /RACCORDS ACIER INOXYDABLE;application/pdf;297788;1467TybUwxqlIxGXonzwf_AgEWJE7uDwL;https://drive.google.com/file/d/1467TybUwxqlIxGXonzwf_AgEWJE7uDwL/view?usp=drivesdk
adherents;ATUSA (REF SANS PAIEMENT);Tuyaux et raccords (réseau);Raccord inox / acier;Fiche technique;FT INOX FIG. 332.pdf;FOURNISSEURS ADHERENTS/ATUSA (REF SANS PAIEMENT)/FICHES TECHNIQUES /RACCORDS ACIER INOXYDABLE;application/pdf;418566;1pmtYmMTzNyaPDAwn0NOON-2TcVYBZSqD;https://drive.google.com/file/d/1pmtYmMTzNyaPDAwn0NOON-2TcVYBZSqD/view?usp=drivesdk
adherents;ATUSA (REF SANS PAIEMENT);Tuyaux et raccords (réseau);Raccord inox / acier;Fiche technique;FT INOX FIG. 340.pdf;FOURNISSEURS ADHERENTS/ATUSA (REF SANS PAIEMENT)/FICHES TECHNIQUES /RACCORDS ACIER INOXYDABLE;application/pdf;246403;1sKMObxrWJwZSBYEwn7vqJYam59iDdk6v;https://drive.google.com/file/d/1sKMObxrWJwZSBYEwn7vqJYam59iDdk6v/view?usp=drivesdk
adherents;ATUSA (REF SANS PAIEMENT);Tuyaux et raccords (réseau);Raccord inox / acier;Fiche technique;FT INOX FIG. 340L.pdf;FOURNISSEURS ADHERENTS/ATUSA (REF SANS PAIEMENT)/FICHES TECHNIQUES /RACCORDS ACIER INOXYDABLE;application/pdf;249165;11t-GgbV-ZufBJi9BwSevra3PLxhHxE4U;https://drive.google.com/file/d/11t-GgbV-ZufBJi9BwSevra3PLxhHxE4U/view?usp=drivesdk
adherents;ATUSA (REF SANS PAIEMENT);Tuyaux et raccords (réseau);Raccord inox / acier;Fiche technique;FT INOX FIG. 341.pdf;FOURNISSEURS ADHERENTS/ATUSA (REF SANS PAIEMENT)/FICHES TECHNIQUES /RACCORDS ACIER INOXYDABLE;application/pdf;244164;1aGYED1JglV3dnqa2F--2Zky9lAPDOR43;https://drive.google.com/file/d/1aGYED1JglV3dnqa2F--2Zky9lAPDOR43/view?usp=drivesdk
adherents;ATUSA (REF SANS PAIEMENT);Tuyaux et raccords (réseau);Raccord inox / acier;Fiche technique;FT INOX FIG. 341L.pdf;FOURNISSEURS ADHERENTS/ATUSA (REF SANS PAIEMENT)/FICHES TECHNIQUES /RACCORDS ACIER INOXYDABLE;application/pdf;255811;1jVL9d64TeHPGRMPL6bPxEtcDkPDmZubw;https://drive.google.com/file/d/1jVL9d64TeHPGRMPL6bPxEtcDkPDmZubw/view?usp=drivesdk
adherents;ATUSA (REF SANS PAIEMENT);Tuyaux et raccords (réseau);Raccord inox / acier;Fiche technique;FT INOX FIG. 342.pdf;FOURNISSEURS ADHERENTS/ATUSA (REF SANS PAIEMENT)/FICHES TECHNIQUES /RACCORDS ACIER INOXYDABLE;application/pdf;446280;1v4pdiP4csu1vNFjE9VGsVZBWEqeQjvCY;https://drive.google.com/file/d/1v4pdiP4csu1vNFjE9VGsVZBWEqeQjvCY/view?usp=drivesdk
adherents;ATUSA (REF SANS PAIEMENT);Tuyaux et raccords (réseau);Raccord inox / acier;Fiche technique;FT INOX FIG. 471.pdf;FOURNISSEURS ADHERENTS/ATUSA (REF SANS PAIEMENT)/FICHES TECHNIQUES /RACCORDS ACIER INOXYDABLE;application/pdf;219537;1pE70F3iVROcmww8LogtTRJhXJ6NNYZhz;https://drive.google.com/file/d/1pE70F3iVROcmww8LogtTRJhXJ6NNYZhz/view?usp=drivesdk
adherents;ATUSA (REF SANS PAIEMENT);Tuyaux et raccords (réseau);Raccord inox / acier;Fiche technique;FT INOX FIG. 530.pdf;FOURNISSEURS ADHERENTS/ATUSA (REF SANS PAIEMENT)/FICHES TECHNIQUES /RACCORDS ACIER INOXYDABLE;application/pdf;351453;1pfOeA2esfouwIHmws02SNQjrT-74XK4N;https://drive.google.com/file/d/1pfOeA2esfouwIHmws02SNQjrT-74XK4N/view?usp=drivesdk
adherents;ATUSA (REF SANS PAIEMENT);Tuyaux et raccords (réseau);Raccord inox / acier;Fiche technique;FT INOX FIG. 531.pdf;FOURNISSEURS ADHERENTS/ATUSA (REF SANS PAIEMENT)/FICHES TECHNIQUES /RACCORDS ACIER INOXYDABLE;application/pdf;308412;1ja4KhfpwZDtp3iDwQGGGqnNnHCVurhrf;https://drive.google.com/file/d/1ja4KhfpwZDtp3iDwQGGGqnNnHCVurhrf/view?usp=drivesdk
adherents;ATUSA (REF SANS PAIEMENT);Tuyaux et raccords (réseau);Raccord inox / acier;Fiche technique;FT INOX FIG. 600.pdf;FOURNISSEURS ADHERENTS/ATUSA (REF SANS PAIEMENT)/FICHES TECHNIQUES /RACCORDS ACIER INOXYDABLE;application/pdf;212622;1tMKlaIZIVP4l3oHsxaijVxbH7WwCtq6y;https://drive.google.com/file/d/1tMKlaIZIVP4l3oHsxaijVxbH7WwCtq6y/view?usp=drivesdk
adherents;ATUSA (REF SANS PAIEMENT);Tuyaux et raccords (réseau);Raccord inox / acier;Fiche technique;FT INOX FIG. 700.pdf;FOURNISSEURS ADHERENTS/ATUSA (REF SANS PAIEMENT)/FICHES TECHNIQUES /RACCORDS ACIER INOXYDABLE;application/pdf;264174;18K5YR3JhsOSE9WdlgnFUB3Ane4sWtJGz;https://drive.google.com/file/d/18K5YR3JhsOSE9WdlgnFUB3Ane4sWtJGz/view?usp=drivesdk
adherents;ATUSA (REF SANS PAIEMENT);Tuyaux et raccords (réseau);Raccord inox / acier;Fiche technique;FT INOX FIG. 800.pdf;FOURNISSEURS ADHERENTS/ATUSA (REF SANS PAIEMENT)/FICHES TECHNIQUES /RACCORDS ACIER INOXYDABLE;application/pdf;240636;1lvQZaDqBjerrnsODml9vzSQ5aA66QG9X;https://drive.google.com/file/d/1lvQZaDqBjerrnsODml9vzSQ5aA66QG9X/view?usp=drivesdk
adherents;ATUSA (REF SANS PAIEMENT);Tuyaux et raccords (réseau);Raccord inox / acier;Fiche technique;FT INOX FIG. 90.pdf;FOURNISSEURS ADHERENTS/ATUSA (REF SANS PAIEMENT)/FICHES TECHNIQUES /RACCORDS ACIER INOXYDABLE;application/pdf;248365;1IergL4QKGqjyJhtb-fW6fR7xJB11wgLr;https://drive.google.com/file/d/1IergL4QKGqjyJhtb-fW6fR7xJB11wgLr/view?usp=drivesdk
adherents;ATUSA (REF SANS PAIEMENT);Tuyaux et raccords (réseau);Raccord inox / acier;Fiche technique;FT INOX FIG. 90L.pdf;FOURNISSEURS ADHERENTS/ATUSA (REF SANS PAIEMENT)/FICHES TECHNIQUES /RACCORDS ACIER INOXYDABLE;application/pdf;242362;1MMq8j7mA6ahIJlEQzy_l10dUFhiK31Ik;https://drive.google.com/file/d/1MMq8j7mA6ahIJlEQzy_l10dUFhiK31Ik/view?usp=drivesdk
adherents;ATUSA (REF SANS PAIEMENT);Tuyaux et raccords (réseau);Raccord inox / acier;Fiche technique;FT INOX FIG. 92.pdf;FOURNISSEURS ADHERENTS/ATUSA (REF SANS PAIEMENT)/FICHES TECHNIQUES /RACCORDS ACIER INOXYDABLE;application/pdf;237819;1saE1FLmkDAYVwsuhRGLCHMz1YoSS_uTX;https://drive.google.com/file/d/1saE1FLmkDAYVwsuhRGLCHMz1YoSS_uTX/view?usp=drivesdk
adherents;ATUSA (REF SANS PAIEMENT);Tuyaux et raccords (réseau);Raccord inox / acier;Fiche technique;FT INOX FIG. 92L.pdf;FOURNISSEURS ADHERENTS/ATUSA (REF SANS PAIEMENT)/FICHES TECHNIQUES /RACCORDS ACIER INOXYDABLE;application/pdf;219162;1KourRwU2AYOyN0-6ArdqsDoaJoBgZrcW;https://drive.google.com/file/d/1KourRwU2AYOyN0-6ArdqsDoaJoBgZrcW/view?usp=drivesdk
adherents;ATUSA (REF SANS PAIEMENT);Tuyaux et raccords (réseau);Raccord inox / acier;Fiche technique;FT INOX FIG. 96.pdf;FOURNISSEURS ADHERENTS/ATUSA (REF SANS PAIEMENT)/FICHES TECHNIQUES /RACCORDS ACIER INOXYDABLE;application/pdf;243428;1n8ncYQWnn3HAGuX7M936An2Twf0tVVGC;https://drive.google.com/file/d/1n8ncYQWnn3HAGuX7M936An2Twf0tVVGC/view?usp=drivesdk
adherents;ATUSA (REF SANS PAIEMENT);Tuyaux et raccords (réseau);Raccord inox / acier;Fiche technique;FT INOX FIG. 98.pdf;FOURNISSEURS ADHERENTS/ATUSA (REF SANS PAIEMENT)/FICHES TECHNIQUES /RACCORDS ACIER INOXYDABLE;application/pdf;244555;1KcYxUXuDfMps1GK40hQB8uRPQobtOlG_;https://drive.google.com/file/d/1KcYxUXuDfMps1GK40hQB8uRPQobtOlG_/view?usp=drivesdk
adherents;ATUSA (REF SANS PAIEMENT);Tuyaux et raccords (réseau);Bride / joint / boulonnerie;Fiche technique;FT JOINT POUR BOUCHON DIN 11851.pdf;FOURNISSEURS ADHERENTS/ATUSA (REF SANS PAIEMENT)/FICHES TECHNIQUES /RACCORDS ACIER INOXYDABLE;application/pdf;270970;1JipiTDmyXypuScxG7RYhMUXOWXNWAZkR;https://drive.google.com/file/d/1JipiTDmyXypuScxG7RYhMUXOWXNWAZkR/view?usp=drivesdk
adherents;ATUSA (REF SANS PAIEMENT);Tuyaux et raccords (réseau);Bride / joint / boulonnerie;Fiche technique;FT JOINT RACCORD CLAMP.pdf;FOURNISSEURS ADHERENTS/ATUSA (REF SANS PAIEMENT)/FICHES TECHNIQUES /RACCORDS ACIER INOXYDABLE;application/pdf;295100;1f1xqoEA_48hTMdXzOCWhInBYKCTRxs_d;https://drive.google.com/file/d/1f1xqoEA_48hTMdXzOCWhInBYKCTRxs_d/view?usp=drivesdk
adherents;ATUSA (REF SANS PAIEMENT);Tuyaux et raccords (réseau);Bride / joint / boulonnerie;Fiche technique;FT JOINT RACCORDS DIN 11851.pdf;FOURNISSEURS ADHERENTS/ATUSA (REF SANS PAIEMENT)/FICHES TECHNIQUES /RACCORDS ACIER INOXYDABLE;application/pdf;155490;116kTRDM-dKfO9HDVCWR3zRnomSARFdIH;https://drive.google.com/file/d/116kTRDM-dKfO9HDVCWR3zRnomSARFdIH/view?usp=drivesdk
adherents;ATUSA (REF SANS PAIEMENT);Tuyaux et raccords (réseau);Bride / joint / boulonnerie;Fiche technique;FT JOINT SMS 1146.pdf;FOURNISSEURS ADHERENTS/ATUSA (REF SANS PAIEMENT)/FICHES TECHNIQUES /RACCORDS ACIER INOXYDABLE;application/pdf;204777;1Z52TnkwzkvmWUTkYYnacCTSq4pl_f4Zd;https://drive.google.com/file/d/1Z52TnkwzkvmWUTkYYnacCTSq4pl_f4Zd/view?usp=drivesdk
adherents;ATUSA (REF SANS PAIEMENT);Tuyaux et raccords (réseau);Raccord inox / acier;Fiche technique;FT NEZ A SOUDER MALE DIN 11851 AISI 304 - SÉRIE 1.pdf;FOURNISSEURS ADHERENTS/ATUSA (REF SANS PAIEMENT)/FICHES TECHNIQUES /RACCORDS ACIER INOXYDABLE;application/pdf;228735;1uHS4zCcTK9zFx0u3pJ5TyjdK6BIfI4Tl;https://drive.google.com/file/d/1uHS4zCcTK9zFx0u3pJ5TyjdK6BIfI4Tl/view?usp=drivesdk
adherents;ATUSA (REF SANS PAIEMENT);Tuyaux et raccords (réseau);Raccord inox / acier;Fiche technique;FT NEZ A SOUDER MALE DIN 11851 AISI 304 – SÉRIE 2.pdf;FOURNISSEURS ADHERENTS/ATUSA (REF SANS PAIEMENT)/FICHES TECHNIQUES /RACCORDS ACIER INOXYDABLE;application/pdf;261283;13RNv8O5v7HnDz3e8qTb5cbtNECTBTvCP;https://drive.google.com/file/d/13RNv8O5v7HnDz3e8qTb5cbtNECTBTvCP/view?usp=drivesdk
adherents;ATUSA (REF SANS PAIEMENT);Tuyaux et raccords (réseau);Raccord inox / acier;Fiche technique;FT NEZ A SOUDER MALE DIN 11851 AISI 316 – SÉRIE 1.pdf;FOURNISSEURS ADHERENTS/ATUSA (REF SANS PAIEMENT)/FICHES TECHNIQUES /RACCORDS ACIER INOXYDABLE;application/pdf;236578;1Bt3qfAFqit8boHOhGGCPcFEy_fYuWhgU;https://drive.google.com/file/d/1Bt3qfAFqit8boHOhGGCPcFEy_fYuWhgU/view?usp=drivesdk
adherents;ATUSA (REF SANS PAIEMENT);Tuyaux et raccords (réseau);Raccord inox / acier;Fiche technique;FT NEZ A SOUDER MALE DIN 11851 AISI 316 – SÉRIE 2.pdf;FOURNISSEURS ADHERENTS/ATUSA (REF SANS PAIEMENT)/FICHES TECHNIQUES /RACCORDS ACIER INOXYDABLE;application/pdf;269731;1tZG2VoGygvBtHAscKs82A1KqAA6JbUac;https://drive.google.com/file/d/1tZG2VoGygvBtHAscKs82A1KqAA6JbUac/view?usp=drivesdk
adherents;ATUSA (REF SANS PAIEMENT);Tuyaux et raccords (réseau);Raccord inox / acier;Fiche technique;FT NEZ A SOUDER MALE DIN 11851 MANDRINAR.pdf;FOURNISSEURS ADHERENTS/ATUSA (REF SANS PAIEMENT)/FICHES TECHNIQUES /RACCORDS ACIER INOXYDABLE;application/pdf;343823;1Wd4uHsEgXeZJnPNNslfSdXC0l42jz513;https://drive.google.com/file/d/1Wd4uHsEgXeZJnPNNslfSdXC0l42jz513/view?usp=drivesdk
adherents;ATUSA (REF SANS PAIEMENT);Tuyaux et raccords (réseau);Raccord inox / acier;Fiche technique;FT NEZ A SOUDER MALE SMS 1146.pdf;FOURNISSEURS ADHERENTS/ATUSA (REF SANS PAIEMENT)/FICHES TECHNIQUES /RACCORDS ACIER INOXYDABLE;application/pdf;240304;1PRkUsEI6ugFHfljHB9b7pYsftcCza83T;https://drive.google.com/file/d/1PRkUsEI6ugFHfljHB9b7pYsftcCza83T/view?usp=drivesdk
adherents;ATUSA (REF SANS PAIEMENT);Tuyaux et raccords (réseau);Vanne;Fiche technique;FT POIGNÉE VANNE INOX DIN 11851.pdf;FOURNISSEURS ADHERENTS/ATUSA (REF SANS PAIEMENT)/FICHES TECHNIQUES /RACCORDS ACIER INOXYDABLE;application/pdf;288869;1OFyjoxo0Pryn2c8ZOFq6kUVuF-iOBczR;https://drive.google.com/file/d/1OFyjoxo0Pryn2c8ZOFq6kUVuF-iOBczR/view?usp=drivesdk
adherents;ATUSA (REF SANS PAIEMENT);Tuyaux et raccords (réseau);Raccord inox / acier;Fiche technique;FT RÉDUCTION CONCENTRIQUE INOX AISI 304L EN 10253-4.pdf;FOURNISSEURS ADHERENTS/ATUSA (REF SANS PAIEMENT)/FICHES TECHNIQUES /RACCORDS ACIER INOXYDABLE;application/pdf;454909;1dy8ZQ-V9A2CaavO06BuU_IhC-7KzGrbc;https://drive.google.com/file/d/1dy8ZQ-V9A2CaavO06BuU_IhC-7KzGrbc/view?usp=drivesdk
adherents;ATUSA (REF SANS PAIEMENT);Tuyaux et raccords (réseau);Raccord inox / acier;Fiche technique;FT RÉDUCTION CONCENTRIQUE INOX AISI 304L SCH 10S.pdf;FOURNISSEURS ADHERENTS/ATUSA (REF SANS PAIEMENT)/FICHES TECHNIQUES /RACCORDS ACIER INOXYDABLE;application/pdf;483028;1nDO7dRkSU5adJggJOdcob-2XuljRqJ9C;https://drive.google.com/file/d/1nDO7dRkSU5adJggJOdcob-2XuljRqJ9C/view?usp=drivesdk
adherents;ATUSA (REF SANS PAIEMENT);Tuyaux et raccords (réseau);Raccord inox / acier;Fiche technique;FT RÉDUCTION CONCENTRIQUE INOX AISI 316L EN 10253-4.pdf;FOURNISSEURS ADHERENTS/ATUSA (REF SANS PAIEMENT)/FICHES TECHNIQUES /RACCORDS ACIER INOXYDABLE;application/pdf;460116;1RMFpXh8sFUcaC6gW7Bpc9b0S3zVGZo4s;https://drive.google.com/file/d/1RMFpXh8sFUcaC6gW7Bpc9b0S3zVGZo4s/view?usp=drivesdk
adherents;ATUSA (REF SANS PAIEMENT);Tuyaux et raccords (réseau);Raccord inox / acier;Fiche technique;FT RÉDUCTION CONCENTRIQUE INOX AISI 316L SCH 10S.pdf;FOURNISSEURS ADHERENTS/ATUSA (REF SANS PAIEMENT)/FICHES TECHNIQUES /RACCORDS ACIER INOXYDABLE;application/pdf;472381;1YmKQUgWTrwSvJeaGcaZATXTuuOWeWg3M;https://drive.google.com/file/d/1YmKQUgWTrwSvJeaGcaZATXTuuOWeWg3M/view?usp=drivesdk
adherents;ATUSA (REF SANS PAIEMENT);Tuyaux et raccords (réseau);Raccord inox / acier;Fiche technique;FT RÉDUCTION INOX AISI 304L MILLIMÉTRIQUE.pdf;FOURNISSEURS ADHERENTS/ATUSA (REF SANS PAIEMENT)/FICHES TECHNIQUES /RACCORDS ACIER INOXYDABLE;application/pdf;418837;1UBRDfLpfqj5tU76Ja5csz9VVuYjEnzMY;https://drive.google.com/file/d/1UBRDfLpfqj5tU76Ja5csz9VVuYjEnzMY/view?usp=drivesdk
adherents;ATUSA (REF SANS PAIEMENT);Tuyaux et raccords (réseau);Raccord inox / acier;Fiche technique;FT RÉDUCTION INOX AISI 316L MILLIMÉTRIQUE.pdf;FOURNISSEURS ADHERENTS/ATUSA (REF SANS PAIEMENT)/FICHES TECHNIQUES /RACCORDS ACIER INOXYDABLE;application/pdf;408413;1z4F_w-4DYj_p9XSnEuL8jJUakSahPH5W;https://drive.google.com/file/d/1z4F_w-4DYj_p9XSnEuL8jJUakSahPH5W/view?usp=drivesdk
adherents;ATUSA (REF SANS PAIEMENT);Tuyaux et raccords (réseau);Raccord inox / acier;Fiche technique;FT RÉDUCTION INOX DIN 11852 SERIE 1.pdf;FOURNISSEURS ADHERENTS/ATUSA (REF SANS PAIEMENT)/FICHES TECHNIQUES /RACCORDS ACIER INOXYDABLE;application/pdf;285238;1WGugVl6bvxAMNWmr0AiaujlwtYGPOlI6;https://drive.google.com/file/d/1WGugVl6bvxAMNWmr0AiaujlwtYGPOlI6/view?usp=drivesdk
adherents;ATUSA (REF SANS PAIEMENT);Tuyaux et raccords (réseau);Raccord inox / acier;Fiche technique;FT RÉDUCTION INOX DIN 11852 SERIE 2.pdf;FOURNISSEURS ADHERENTS/ATUSA (REF SANS PAIEMENT)/FICHES TECHNIQUES /RACCORDS ACIER INOXYDABLE;application/pdf;218298;1ag90WwUClNrOvtE6wrKGkTKRbYNzxfbE;https://drive.google.com/file/d/1ag90WwUClNrOvtE6wrKGkTKRbYNzxfbE/view?usp=drivesdk
adherents;ATUSA (REF SANS PAIEMENT);Tuyaux et raccords (réseau);Raccord inox / acier;Fiche technique;FT RÉDUCTION INOX SMS 1146.pdf;FOURNISSEURS ADHERENTS/ATUSA (REF SANS PAIEMENT)/FICHES TECHNIQUES /RACCORDS ACIER INOXYDABLE;application/pdf;216809;1Ya3h2zK6wKyxs1N_isw7sezRBYGJxH7h;https://drive.google.com/file/d/1Ya3h2zK6wKyxs1N_isw7sezRBYGJxH7h/view?usp=drivesdk
adherents;ATUSA (REF SANS PAIEMENT);Tuyaux et raccords (réseau);Raccord inox / acier;Fiche technique;FT TÉ INOX AISI 304L DIN 11852 SERIE 1.pdf;FOURNISSEURS ADHERENTS/ATUSA (REF SANS PAIEMENT)/FICHES TECHNIQUES /RACCORDS ACIER INOXYDABLE;application/pdf;218772;1HVVXUNtzIfcLkCAP0tIfM9fTJNnCT-zx;https://drive.google.com/file/d/1HVVXUNtzIfcLkCAP0tIfM9fTJNnCT-zx/view?usp=drivesdk
adherents;ATUSA (REF SANS PAIEMENT);Tuyaux et raccords (réseau);Raccord inox / acier;Fiche technique;FT TÉ INOX AISI 304L DIN 11852 SERIE 2.pdf;FOURNISSEURS ADHERENTS/ATUSA (REF SANS PAIEMENT)/FICHES TECHNIQUES /RACCORDS ACIER INOXYDABLE;application/pdf;208745;1pwFxip2S5kzn5U2oWigjuFfW7v8Mr_0w;https://drive.google.com/file/d/1pwFxip2S5kzn5U2oWigjuFfW7v8Mr_0w/view?usp=drivesdk
adherents;ATUSA (REF SANS PAIEMENT);Tuyaux et raccords (réseau);Raccord inox / acier;Fiche technique;FT TÉ INOX AISI 304L EN 10253-4.pdf;FOURNISSEURS ADHERENTS/ATUSA (REF SANS PAIEMENT)/FICHES TECHNIQUES /RACCORDS ACIER INOXYDABLE;application/pdf;380206;10tzSFRViYGfOw6rNX8I0GUR24HEZBeNN;https://drive.google.com/file/d/10tzSFRViYGfOw6rNX8I0GUR24HEZBeNN/view?usp=drivesdk
adherents;ATUSA (REF SANS PAIEMENT);Tuyaux et raccords (réseau);Raccord inox / acier;Fiche technique;FT TÉ INOX AISI 304L MILLIMÉTRIQUE.pdf;FOURNISSEURS ADHERENTS/ATUSA (REF SANS PAIEMENT)/FICHES TECHNIQUES /RACCORDS ACIER INOXYDABLE;application/pdf;380037;1zxM7_mnoldYXTM-FgW1fxututsuc0LBE;https://drive.google.com/file/d/1zxM7_mnoldYXTM-FgW1fxututsuc0LBE/view?usp=drivesdk
adherents;ATUSA (REF SANS PAIEMENT);Tuyaux et raccords (réseau);Raccord inox / acier;Fiche technique;FT TÉ INOX AISI 304L SCH 10S.pdf;FOURNISSEURS ADHERENTS/ATUSA (REF SANS PAIEMENT)/FICHES TECHNIQUES /RACCORDS ACIER INOXYDABLE;application/pdf;434920;11solwEn36_Kx6T8S8VfxqSdHB_Jewsh9;https://drive.google.com/file/d/11solwEn36_Kx6T8S8VfxqSdHB_Jewsh9/view?usp=drivesdk
adherents;ATUSA (REF SANS PAIEMENT);Tuyaux et raccords (réseau);Raccord inox / acier;Fiche technique;FT TÉ INOX AISI 316 DIN 11852 SERIE 1.pdf;FOURNISSEURS ADHERENTS/ATUSA (REF SANS PAIEMENT)/FICHES TECHNIQUES /RACCORDS ACIER INOXYDABLE;application/pdf;235076;13S6dBwlH-Yb0T7zd1F3WJ-I3jmC7zPuz;https://drive.google.com/file/d/13S6dBwlH-Yb0T7zd1F3WJ-I3jmC7zPuz/view?usp=drivesdk
adherents;ATUSA (REF SANS PAIEMENT);Tuyaux et raccords (réseau);Raccord inox / acier;Fiche technique;FT TÉ INOX AISI 316L DIN 11852 SERIE 2.pdf;FOURNISSEURS ADHERENTS/ATUSA (REF SANS PAIEMENT)/FICHES TECHNIQUES /RACCORDS ACIER INOXYDABLE;application/pdf;215560;1iBBtH2DGMbJXfEOK5Lo-bBFshwMolHaH;https://drive.google.com/file/d/1iBBtH2DGMbJXfEOK5Lo-bBFshwMolHaH/view?usp=drivesdk
adherents;ATUSA (REF SANS PAIEMENT);Tuyaux et raccords (réseau);Raccord inox / acier;Fiche technique;FT TÉ INOX AISI 316L EN 10253-4.pdf;FOURNISSEURS ADHERENTS/ATUSA (REF SANS PAIEMENT)/FICHES TECHNIQUES /RACCORDS ACIER INOXYDABLE;application/pdf;369814;1BiNTp5go8n5E0dyPBFy3P3FE6EXvzVPA;https://drive.google.com/file/d/1BiNTp5go8n5E0dyPBFy3P3FE6EXvzVPA/view?usp=drivesdk
adherents;ATUSA (REF SANS PAIEMENT);Tuyaux et raccords (réseau);Raccord inox / acier;Fiche technique;FT TÉ INOX AISI 316L MILLIMÉTRIQUE.pdf;FOURNISSEURS ADHERENTS/ATUSA (REF SANS PAIEMENT)/FICHES TECHNIQUES /RACCORDS ACIER INOXYDABLE;application/pdf;377941;1Fjq5t8wNw7S89-mWBg9GvfQ6aIrPruxr;https://drive.google.com/file/d/1Fjq5t8wNw7S89-mWBg9GvfQ6aIrPruxr/view?usp=drivesdk
adherents;ATUSA (REF SANS PAIEMENT);Tuyaux et raccords (réseau);Raccord inox / acier;Fiche technique;FT TÉ INOX AISI 316L SCH 10S.pdf;FOURNISSEURS ADHERENTS/ATUSA (REF SANS PAIEMENT)/FICHES TECHNIQUES /RACCORDS ACIER INOXYDABLE;application/pdf;424337;1FPtgH7jLs9f6A4SF-4GVtOpxQlM60bRe;https://drive.google.com/file/d/1FPtgH7jLs9f6A4SF-4GVtOpxQlM60bRe/view?usp=drivesdk
adherents;ATUSA (REF SANS PAIEMENT);Tuyaux et raccords (réseau);Raccord inox / acier;Fiche technique;FT TÉ INOX AISI 316L SMS 1146.pdf;FOURNISSEURS ADHERENTS/ATUSA (REF SANS PAIEMENT)/FICHES TECHNIQUES /RACCORDS ACIER INOXYDABLE;application/pdf;214862;1Gn9Rcj6oZ6r_iMGRu3PV3QUWLgQahemm;https://drive.google.com/file/d/1Gn9Rcj6oZ6r_iMGRu3PV3QUWLgQahemm/view?usp=drivesdk
adherents;ATUSA (REF SANS PAIEMENT);Tuyaux et raccords (réseau);Vanne;Fiche technique;FT VANNE INOX 2 PIÈCES AVEC PLATINE.pdf;FOURNISSEURS ADHERENTS/ATUSA (REF SANS PAIEMENT)/FICHES TECHNIQUES /RACCORDS ACIER INOXYDABLE;application/pdf;543082;1fXuux4dsnvBAoOYtyNSlpL5ZqqkRlsPM;https://drive.google.com/file/d/1fXuux4dsnvBAoOYtyNSlpL5ZqqkRlsPM/view?usp=drivesdk
adherents;ATUSA (REF SANS PAIEMENT);Tuyaux et raccords (réseau);Vanne;Fiche technique;FT VANNE PAPILLON INOX ROSCAR-ROSCAR.pdf;FOURNISSEURS ADHERENTS/ATUSA (REF SANS PAIEMENT)/FICHES TECHNIQUES /RACCORDS ACIER INOXYDABLE;application/pdf;559002;1jaa74845IUGyl1MGjipyW5zbKK5oAThP;https://drive.google.com/file/d/1jaa74845IUGyl1MGjipyW5zbKK5oAThP/view?usp=drivesdk
adherents;ATUSA (REF SANS PAIEMENT);Tuyaux et raccords (réseau);Vanne;Fiche technique;FT VANNE PAPILLON INOX ROSCAR-SOLDAR.pdf;FOURNISSEURS ADHERENTS/ATUSA (REF SANS PAIEMENT)/FICHES TECHNIQUES /RACCORDS ACIER INOXYDABLE;application/pdf;508378;1LbszD1RAFVrkqMX-FrnewC6bILz0Dqsk;https://drive.google.com/file/d/1LbszD1RAFVrkqMX-FrnewC6bILz0Dqsk/view?usp=drivesdk
adherents;ATUSA (REF SANS PAIEMENT);Tuyaux et raccords (réseau);Vanne;Fiche technique;FT VANNE PAPILLON INOX SOLDAR-SOLDAR.pdf;FOURNISSEURS ADHERENTS/ATUSA (REF SANS PAIEMENT)/FICHES TECHNIQUES /RACCORDS ACIER INOXYDABLE;application/pdf;529302;1wx_gXepucrXa4NYt_FoJQEfwkZdyKWBV;https://drive.google.com/file/d/1wx_gXepucrXa4NYt_FoJQEfwkZdyKWBV/view?usp=drivesdk
adherents;ATUSA (REF SANS PAIEMENT);Tuyaux et raccords (réseau);Vanne;Fiche technique;FT VANNE À SPHERE UNE PIÈCE.pdf;FOURNISSEURS ADHERENTS/ATUSA (REF SANS PAIEMENT)/FICHES TECHNIQUES /RACCORDS ACIER INOXYDABLE;application/pdf;699581;12XUx91vghmi8FslawydFQDyztdeZdO9_;https://drive.google.com/file/d/12XUx91vghmi8FslawydFQDyztdeZdO9_/view?usp=drivesdk
adherents;ATUSA (REF SANS PAIEMENT);Tuyaux et raccords (réseau);Vanne;Fiche technique;FT VANNE À SPHÈRE 1 PIÈCE A BRIDES.pdf;FOURNISSEURS ADHERENTS/ATUSA (REF SANS PAIEMENT)/FICHES TECHNIQUES /RACCORDS ACIER INOXYDABLE;application/pdf;676313;1lK6fDwJC92r4N6UoDk8x5u_qRrdlcobN;https://drive.google.com/file/d/1lK6fDwJC92r4N6UoDk8x5u_qRrdlcobN/view?usp=drivesdk
adherents;ATUSA (REF SANS PAIEMENT);Tuyaux et raccords (réseau);Vanne;Fiche technique;FT VANNE À SPHÈRE 3 VOIES.pdf;FOURNISSEURS ADHERENTS/ATUSA (REF SANS PAIEMENT)/FICHES TECHNIQUES /RACCORDS ACIER INOXYDABLE;application/pdf;696494;1oC6T9vbQPR8bL6S3rK7KbNGRzu1zao2C;https://drive.google.com/file/d/1oC6T9vbQPR8bL6S3rK7KbNGRzu1zao2C/view?usp=drivesdk
adherents;ATUSA (REF SANS PAIEMENT);Tuyaux et raccords (réseau);Vanne;Fiche technique;FT VANNE À SPHÈRE DEUX PIÈCES A BRIDES.pdf;FOURNISSEURS ADHERENTS/ATUSA (REF SANS PAIEMENT)/FICHES TECHNIQUES /RACCORDS ACIER INOXYDABLE;application/pdf;589428;169KhfVxJkppCRPNk9bH3lSDf2bUykQDA;https://drive.google.com/file/d/169KhfVxJkppCRPNk9bH3lSDf2bUykQDA/view?usp=drivesdk
adherents;ATUSA (REF SANS PAIEMENT);Tuyaux et raccords (réseau);Vanne;Fiche technique;FT VANNE À SPHÈRE DEUX PIÈCES F_F - PAPILLON.pdf;FOURNISSEURS ADHERENTS/ATUSA (REF SANS PAIEMENT)/FICHES TECHNIQUES /RACCORDS ACIER INOXYDABLE;application/pdf;509467;1JnnvsTnm5-N_dbLB-s8W4BD6O4SMI91n;https://drive.google.com/file/d/1JnnvsTnm5-N_dbLB-s8W4BD6O4SMI91n/view?usp=drivesdk
adherents;ATUSA (REF SANS PAIEMENT);Tuyaux et raccords (réseau);Vanne;Fiche technique;FT VANNE À SPHÈRE DEUX PIÈCES M_F - PAPILLON.pdf;FOURNISSEURS ADHERENTS/ATUSA (REF SANS PAIEMENT)/FICHES TECHNIQUES /RACCORDS ACIER INOXYDABLE;application/pdf;538825;122yHU67eLscHomkccbQUN6U-MG6qTZEl;https://drive.google.com/file/d/122yHU67eLscHomkccbQUN6U-MG6qTZEl/view?usp=drivesdk
adherents;ATUSA (REF SANS PAIEMENT);Tuyaux et raccords (réseau);Vanne;Fiche technique;FT VANNE À SPHÈRE DEUX PIÈCES M_F.pdf;FOURNISSEURS ADHERENTS/ATUSA (REF SANS PAIEMENT)/FICHES TECHNIQUES /RACCORDS ACIER INOXYDABLE;application/pdf;426552;1BILksGTiRcVpB_P8w-EK66JPPqWQjx0x;https://drive.google.com/file/d/1BILksGTiRcVpB_P8w-EK66JPPqWQjx0x/view?usp=drivesdk
adherents;ATUSA (REF SANS PAIEMENT);Tuyaux et raccords (réseau);Vanne;Fiche technique;FT VANNE À SPHÈRE DEUX PIÈCES.pdf;FOURNISSEURS ADHERENTS/ATUSA (REF SANS PAIEMENT)/FICHES TECHNIQUES /RACCORDS ACIER INOXYDABLE;application/pdf;1245862;1BuvFuwD8FGRijyrV5WGclEeWlmVkGf0N;https://drive.google.com/file/d/1BuvFuwD8FGRijyrV5WGclEeWlmVkGf0N/view?usp=drivesdk
adherents;ATUSA (REF SANS PAIEMENT);Tuyaux et raccords (réseau);Vanne;Fiche technique;FT VANNE À SPHÈRE MINI F-F.pdf;FOURNISSEURS ADHERENTS/ATUSA (REF SANS PAIEMENT)/FICHES TECHNIQUES /RACCORDS ACIER INOXYDABLE;application/pdf;458037;1Qmk6YbzgBGIm_lVY_LOReEClGCLbrYzh;https://drive.google.com/file/d/1Qmk6YbzgBGIm_lVY_LOReEClGCLbrYzh/view?usp=drivesdk
adherents;ATUSA (REF SANS PAIEMENT);Tuyaux et raccords (réseau);Vanne;Fiche technique;FT VANNE À SPHÈRE MINI M-F.pdf;FOURNISSEURS ADHERENTS/ATUSA (REF SANS PAIEMENT)/FICHES TECHNIQUES /RACCORDS ACIER INOXYDABLE;application/pdf;442583;16ldy84MEkwOx3oexWgcHa3jiJl8QLdh8;https://drive.google.com/file/d/16ldy84MEkwOx3oexWgcHa3jiJl8QLdh8/view?usp=drivesdk
adherents;ATUSA (REF SANS PAIEMENT);Tuyaux et raccords (réseau);Vanne;Fiche technique;FT VANNE À SPHÈRE TROIS PIÈCES BUTT WELDING INOX.pdf;FOURNISSEURS ADHERENTS/ATUSA (REF SANS PAIEMENT)/FICHES TECHNIQUES /RACCORDS ACIER INOXYDABLE;application/pdf;640479;1I7_KA8iFwYei4QRlrDQoCWYR1FKm-7KM;https://drive.google.com/file/d/1I7_KA8iFwYei4QRlrDQoCWYR1FKm-7KM/view?usp=drivesdk
adherents;ATUSA (REF SANS PAIEMENT);Tuyaux et raccords (réseau);Vanne;Fiche technique;FT VANNE À SPHÈRE TROIS PIÈCES FILETÉE.pdf;FOURNISSEURS ADHERENTS/ATUSA (REF SANS PAIEMENT)/FICHES TECHNIQUES /RACCORDS ACIER INOXYDABLE;application/pdf;627239;1kcPdj6OybgVAPZ4mmz_hikpqlmBrJ9Y8;https://drive.google.com/file/d/1kcPdj6OybgVAPZ4mmz_hikpqlmBrJ9Y8/view?usp=drivesdk
adherents;ATUSA (REF SANS PAIEMENT);Tuyaux et raccords (réseau);Vanne;Fiche technique;FT VANNE À SPHÈRE TROIS PIÈCES SOCKET WELDING INOX.pdf;FOURNISSEURS ADHERENTS/ATUSA (REF SANS PAIEMENT)/FICHES TECHNIQUES /RACCORDS ACIER INOXYDABLE;application/pdf;633857;1gl9h6XCmz3vClPkt4SfhpxHJvlhhDvVC;https://drive.google.com/file/d/1gl9h6XCmz3vClPkt4SfhpxHJvlhhDvVC/view?usp=drivesdk
adherents;ATUSA (REF SANS PAIEMENT);Tuyaux et raccords (réseau);Vanne;Fiche technique;FT VANNE À SPHÈRE TROIS PIÈCES.pdf;FOURNISSEURS ADHERENTS/ATUSA (REF SANS PAIEMENT)/FICHES TECHNIQUES /RACCORDS ACIER INOXYDABLE;application/pdf;365030;1_69Rvzoewn-AEPYNje9IPsmsSqD05AH6;https://drive.google.com/file/d/1_69Rvzoewn-AEPYNje9IPsmsSqD05AH6/view?usp=drivesdk
adherents;ATUSA (REF SANS PAIEMENT);Tuyaux et raccords (réseau);Raccord inox / acier;Fiche technique;FT VIS INOX AISI 304.pdf;FOURNISSEURS ADHERENTS/ATUSA (REF SANS PAIEMENT)/FICHES TECHNIQUES /RACCORDS ACIER INOXYDABLE;application/pdf;271467;1sRoCIfEQFHY3Y0nRfZPVw6M1DZRF_Rtm;https://drive.google.com/file/d/1sRoCIfEQFHY3Y0nRfZPVw6M1DZRF_Rtm/view?usp=drivesdk
adherents;ATUSA (REF SANS PAIEMENT);Tuyaux et raccords (réseau);Vanne;Fiche technique;ROBINET DE PUISAGE INOX.pdf;FOURNISSEURS ADHERENTS/ATUSA (REF SANS PAIEMENT)/FICHES TECHNIQUES /RACCORDS ACIER INOXYDABLE;application/pdf;446368;1rWBjP7gU8PIhp-FwUMJFKcAxPQPk6iOw;https://drive.google.com/file/d/1rWBjP7gU8PIhp-FwUMJFKcAxPQPk6iOw/view?usp=drivesdk
adherents;ATUSA (REF SANS PAIEMENT);Tuyaux et raccords (réseau);Raccord inox / acier;Fiche technique;RONDELLE PLATE INOX AISI 304.pdf;FOURNISSEURS ADHERENTS/ATUSA (REF SANS PAIEMENT)/FICHES TECHNIQUES /RACCORDS ACIER INOXYDABLE;application/pdf;223059;1xUB86YfhQcQUYAOa6CnM-O7FS4x7VksN;https://drive.google.com/file/d/1xUB86YfhQcQUYAOa6CnM-O7FS4x7VksN/view?usp=drivesdk
adherents;ATUSA (REF SANS PAIEMENT);Tuyaux et raccords (réseau);Raccord inox / acier;Fiche technique;TIGES FILETÉES INOX AISI 304.pdf;FOURNISSEURS ADHERENTS/ATUSA (REF SANS PAIEMENT)/FICHES TECHNIQUES /RACCORDS ACIER INOXYDABLE;application/pdf;271974;1XSe36Udwo2iqc3dC9ywPPWOrKTVQlPZd;https://drive.google.com/file/d/1XSe36Udwo2iqc3dC9ywPPWOrKTVQlPZd/view?usp=drivesdk
adherents;ATUSA (REF SANS PAIEMENT);Tuyaux et raccords (réseau);Vanne;Fiche technique;VANNE CLAPET DE RETENUE REF. 540.pdf;FOURNISSEURS ADHERENTS/ATUSA (REF SANS PAIEMENT)/FICHES TECHNIQUES /RACCORDS ACIER INOXYDABLE;application/pdf;413541;1eKTe4FPf0ue1eImAJd_ghMYnObaS4yd9;https://drive.google.com/file/d/1eKTe4FPf0ue1eImAJd_ghMYnObaS4yd9/view?usp=drivesdk
adherents;ATUSA (REF SANS PAIEMENT);Tuyaux et raccords (réseau);Bride / joint / boulonnerie;Fiche technique;ÉCROU INOX AISI 304.pdf;FOURNISSEURS ADHERENTS/ATUSA (REF SANS PAIEMENT)/FICHES TECHNIQUES /RACCORDS ACIER INOXYDABLE;application/pdf;219516;114L-fE2gTS5-8TJaZlBd_2_OzU6_glmL;https://drive.google.com/file/d/114L-fE2gTS5-8TJaZlBd_2_OzU6_glmL/view?usp=drivesdk
adherents;ATUSA (REF SANS PAIEMENT);Pompage;Pompe / groupe motopompe;Fiche technique;FT JEUX DE CONNEXION POUR POMPES.pdf;FOURNISSEURS ADHERENTS/ATUSA (REF SANS PAIEMENT)/FICHES TECHNIQUES /RACCORDS FONTE MALLEABLE;application/pdf;621745;1zasJYIB9kLmNjtAVBD45UpNdp3_Vhxrs;https://drive.google.com/file/d/1zasJYIB9kLmNjtAVBD45UpNdp3_Vhxrs/view?usp=drivesdk
adherents;ATUSA (REF SANS PAIEMENT);Tuyaux et raccords (réseau);Raccord inox / acier;Fiche technique;FT MALLÉABLE FIF. 1.pdf;FOURNISSEURS ADHERENTS/ATUSA (REF SANS PAIEMENT)/FICHES TECHNIQUES /RACCORDS FONTE MALLEABLE;application/pdf;353913;1MHoqFgUGHTdCszaZeqdD2h9nRaXxWnfy;https://drive.google.com/file/d/1MHoqFgUGHTdCszaZeqdD2h9nRaXxWnfy/view?usp=drivesdk
adherents;ATUSA (REF SANS PAIEMENT);Tuyaux et raccords (réseau);Raccord inox / acier;Fiche technique;FT MALLÉABLE FIG. 120.pdf;FOURNISSEURS ADHERENTS/ATUSA (REF SANS PAIEMENT)/FICHES TECHNIQUES /RACCORDS FONTE MALLEABLE;application/pdf;374035;1MH1afDmUGag0HTDnMgpT5U_gCJqEC6qC;https://drive.google.com/file/d/1MH1afDmUGag0HTDnMgpT5U_gCJqEC6qC/view?usp=drivesdk
adherents;ATUSA (REF SANS PAIEMENT);Tuyaux et raccords (réseau);Raccord inox / acier;Fiche technique;FT MALLÉABLE FIG. 121.pdf;FOURNISSEURS ADHERENTS/ATUSA (REF SANS PAIEMENT)/FICHES TECHNIQUES /RACCORDS FONTE MALLEABLE;application/pdf;398418;1UIWZZiqNMGdTBMd9Q6ixtlr0PMYdqMaK;https://drive.google.com/file/d/1UIWZZiqNMGdTBMd9Q6ixtlr0PMYdqMaK/view?usp=drivesdk
adherents;ATUSA (REF SANS PAIEMENT);Tuyaux et raccords (réseau);Raccord inox / acier;Fiche technique;FT MALLÉABLE FIG. 130.pdf;FOURNISSEURS ADHERENTS/ATUSA (REF SANS PAIEMENT)/FICHES TECHNIQUES /RACCORDS FONTE MALLEABLE;application/pdf;441270;1K1hD1Ywsg96qQa9yQ1Umc8PBUohhSrX0;https://drive.google.com/file/d/1K1hD1Ywsg96qQa9yQ1Umc8PBUohhSrX0/view?usp=drivesdk
adherents;ATUSA (REF SANS PAIEMENT);Tuyaux et raccords (réseau);Raccord inox / acier;Fiche technique;FT MALLÉABLE FIG. 130R.pdf;FOURNISSEURS ADHERENTS/ATUSA (REF SANS PAIEMENT)/FICHES TECHNIQUES /RACCORDS FONTE MALLEABLE;application/pdf;1503887;1uGH76tTJwc6HBpWmoPge1bE3w2q5RXFn;https://drive.google.com/file/d/1uGH76tTJwc6HBpWmoPge1bE3w2q5RXFn/view?usp=drivesdk
adherents;ATUSA (REF SANS PAIEMENT);Tuyaux et raccords (réseau);Raccord inox / acier;Fiche technique;FT MALLÉABLE FIG. 131.pdf;FOURNISSEURS ADHERENTS/ATUSA (REF SANS PAIEMENT)/FICHES TECHNIQUES /RACCORDS FONTE MALLEABLE;application/pdf;374676;1JdA37TDD_NPDCzN83KsYo4uTO-mmzolk;https://drive.google.com/file/d/1JdA37TDD_NPDCzN83KsYo4uTO-mmzolk/view?usp=drivesdk
adherents;ATUSA (REF SANS PAIEMENT);Tuyaux et raccords (réseau);Raccord inox / acier;Fiche technique;FT MALLÉABLE FIG. 132.pdf;FOURNISSEURS ADHERENTS/ATUSA (REF SANS PAIEMENT)/FICHES TECHNIQUES /RACCORDS FONTE MALLEABLE;application/pdf;336195;1dN1EZUVjXt4ZlDhyQPtCQtGYjr1yuNd_;https://drive.google.com/file/d/1dN1EZUVjXt4ZlDhyQPtCQtGYjr1yuNd_/view?usp=drivesdk
adherents;ATUSA (REF SANS PAIEMENT);Tuyaux et raccords (réseau);Raccord inox / acier;Fiche technique;FT MALLÉABLE FIG. 133.pdf;FOURNISSEURS ADHERENTS/ATUSA (REF SANS PAIEMENT)/FICHES TECHNIQUES /RACCORDS FONTE MALLEABLE;application/pdf;371488;15E5scit9NvoJWtt0c7_i1eRhXEJa19I3;https://drive.google.com/file/d/15E5scit9NvoJWtt0c7_i1eRhXEJa19I3/view?usp=drivesdk
adherents;ATUSA (REF SANS PAIEMENT);Tuyaux et raccords (réseau);Raccord inox / acier;Fiche technique;FT MALLÉABLE FIG. 134.pdf;FOURNISSEURS ADHERENTS/ATUSA (REF SANS PAIEMENT)/FICHES TECHNIQUES /RACCORDS FONTE MALLEABLE;application/pdf;378188;1UcF42fJ471bz4Z_1BIi9JqGPhXIh-cry;https://drive.google.com/file/d/1UcF42fJ471bz4Z_1BIi9JqGPhXIh-cry/view?usp=drivesdk
adherents;ATUSA (REF SANS PAIEMENT);Tuyaux et raccords (réseau);Raccord inox / acier;Fiche technique;FT MALLÉABLE FIG. 135.pdf;FOURNISSEURS ADHERENTS/ATUSA (REF SANS PAIEMENT)/FICHES TECHNIQUES /RACCORDS FONTE MALLEABLE;application/pdf;342866;1pEwOS47I5RDK6qs4-SKyq6_BzuEHopGj;https://drive.google.com/file/d/1pEwOS47I5RDK6qs4-SKyq6_BzuEHopGj/view?usp=drivesdk
adherents;ATUSA (REF SANS PAIEMENT);Tuyaux et raccords (réseau);Raccord inox / acier;Fiche technique;FT MALLÉABLE FIG. 165.pdf;FOURNISSEURS ADHERENTS/ATUSA (REF SANS PAIEMENT)/FICHES TECHNIQUES /RACCORDS FONTE MALLEABLE;application/pdf;388280;1L-z3A2GsoGZumJ1bCKtxO7nn_t8nOulS;https://drive.google.com/file/d/1L-z3A2GsoGZumJ1bCKtxO7nn_t8nOulS/view?usp=drivesdk
adherents;ATUSA (REF SANS PAIEMENT);Tuyaux et raccords (réseau);Raccord inox / acier;Fiche technique;FT MALLÉABLE FIG. 180.pdf;FOURNISSEURS ADHERENTS/ATUSA (REF SANS PAIEMENT)/FICHES TECHNIQUES /RACCORDS FONTE MALLEABLE;application/pdf;415859;1cemWZDOBszPed63tU2CEmQRCdEc8Deja;https://drive.google.com/file/d/1cemWZDOBszPed63tU2CEmQRCdEc8Deja/view?usp=drivesdk
adherents;ATUSA (REF SANS PAIEMENT);Tuyaux et raccords (réseau);Raccord inox / acier;Fiche technique;FT MALLÉABLE FIG. 1A.pdf;FOURNISSEURS ADHERENTS/ATUSA (REF SANS PAIEMENT)/FICHES TECHNIQUES /RACCORDS FONTE MALLEABLE;application/pdf;402094;15D0fnMxQZMK66cUbUcCrBrxp2FY7O0u3;https://drive.google.com/file/d/15D0fnMxQZMK66cUbUcCrBrxp2FY7O0u3/view?usp=drivesdk
adherents;ATUSA (REF SANS PAIEMENT);Tuyaux et raccords (réseau);Raccord inox / acier;Fiche technique;FT MALLÉABLE FIG. 2.pdf;FOURNISSEURS ADHERENTS/ATUSA (REF SANS PAIEMENT)/FICHES TECHNIQUES /RACCORDS FONTE MALLEABLE;application/pdf;373689;19ae9c7Q1SLCDY8q56_Ms19Ytane4oSUe;https://drive.google.com/file/d/19ae9c7Q1SLCDY8q56_Ms19Ytane4oSUe/view?usp=drivesdk
adherents;ATUSA (REF SANS PAIEMENT);Tuyaux et raccords (réseau);Raccord inox / acier;Fiche technique;FT MALLÉABLE FIG. 220.pdf;FOURNISSEURS ADHERENTS/ATUSA (REF SANS PAIEMENT)/FICHES TECHNIQUES /RACCORDS FONTE MALLEABLE;application/pdf;360165;1MONvxFJo_8l-GkYTGoM1zAqlAhwNqdUU;https://drive.google.com/file/d/1MONvxFJo_8l-GkYTGoM1zAqlAhwNqdUU/view?usp=drivesdk
adherents;ATUSA (REF SANS PAIEMENT);Tuyaux et raccords (réseau);Raccord inox / acier;Fiche technique;FT MALLÉABLE FIG. 221.pdf;FOURNISSEURS ADHERENTS/ATUSA (REF SANS PAIEMENT)/FICHES TECHNIQUES /RACCORDS FONTE MALLEABLE;application/pdf;379163;1kEH-v5j-4c_vT0gK-48aUg80brHt6PWq;https://drive.google.com/file/d/1kEH-v5j-4c_vT0gK-48aUg80brHt6PWq/view?usp=drivesdk
adherents;ATUSA (REF SANS PAIEMENT);Tuyaux et raccords (réseau);Raccord inox / acier;Fiche technique;FT MALLÉABLE FIG. 223.pdf;FOURNISSEURS ADHERENTS/ATUSA (REF SANS PAIEMENT)/FICHES TECHNIQUES /RACCORDS FONTE MALLEABLE;application/pdf;395462;12L2O8oIOa9ikj-E4NExVb_N3BW-bG1FP;https://drive.google.com/file/d/12L2O8oIOa9ikj-E4NExVb_N3BW-bG1FP/view?usp=drivesdk
adherents;ATUSA (REF SANS PAIEMENT);Tuyaux et raccords (réseau);Raccord inox / acier;Fiche technique;FT MALLÉABLE FIG. 240.pdf;FOURNISSEURS ADHERENTS/ATUSA (REF SANS PAIEMENT)/FICHES TECHNIQUES /RACCORDS FONTE MALLEABLE;application/pdf;408356;1ncooNXTcO3007AZ_zjhpIxryVKqaUint;https://drive.google.com/file/d/1ncooNXTcO3007AZ_zjhpIxryVKqaUint/view?usp=drivesdk
adherents;ATUSA (REF SANS PAIEMENT);Tuyaux et raccords (réseau);Raccord inox / acier;Fiche technique;FT MALLÉABLE FIG. 241.pdf;FOURNISSEURS ADHERENTS/ATUSA (REF SANS PAIEMENT)/FICHES TECHNIQUES /RACCORDS FONTE MALLEABLE;application/pdf;719533;1H8_xWw241AJ80M-0nE-nnyrx6OYS4Ymn;https://drive.google.com/file/d/1H8_xWw241AJ80M-0nE-nnyrx6OYS4Ymn/view?usp=drivesdk
adherents;ATUSA (REF SANS PAIEMENT);Tuyaux et raccords (réseau);Raccord inox / acier;Fiche technique;FT MALLÉABLE FIG. 245.pdf;FOURNISSEURS ADHERENTS/ATUSA (REF SANS PAIEMENT)/FICHES TECHNIQUES /RACCORDS FONTE MALLEABLE;application/pdf;404172;13bsvU5y4qsHt8mWpeUgXIoYxbCFRRdhE;https://drive.google.com/file/d/13bsvU5y4qsHt8mWpeUgXIoYxbCFRRdhE/view?usp=drivesdk
adherents;ATUSA (REF SANS PAIEMENT);Tuyaux et raccords (réseau);Raccord inox / acier;Fiche technique;FT MALLÉABLE FIG. 246.pdf;FOURNISSEURS ADHERENTS/ATUSA (REF SANS PAIEMENT)/FICHES TECHNIQUES /RACCORDS FONTE MALLEABLE;application/pdf;446628;1xw73g3fgMCwWgclRmF6Wqs6b3NeESDay;https://drive.google.com/file/d/1xw73g3fgMCwWgclRmF6Wqs6b3NeESDay/view?usp=drivesdk
adherents;ATUSA (REF SANS PAIEMENT);Tuyaux et raccords (réseau);Raccord inox / acier;Fiche technique;FT MALLÉABLE FIG. 270.pdf;FOURNISSEURS ADHERENTS/ATUSA (REF SANS PAIEMENT)/FICHES TECHNIQUES /RACCORDS FONTE MALLEABLE;application/pdf;410952;1vdjcMwMH9pTIPx2KiEwJaTbBpAkIRL7O;https://drive.google.com/file/d/1vdjcMwMH9pTIPx2KiEwJaTbBpAkIRL7O/view?usp=drivesdk
adherents;ATUSA (REF SANS PAIEMENT);Tuyaux et raccords (réseau);Raccord inox / acier;Fiche technique;FT MALLÉABLE FIG. 271.pdf;FOURNISSEURS ADHERENTS/ATUSA (REF SANS PAIEMENT)/FICHES TECHNIQUES /RACCORDS FONTE MALLEABLE;application/pdf;394464;1BgRnJKh-dlSRI4YUdAa_AukNsRm2px2z;https://drive.google.com/file/d/1BgRnJKh-dlSRI4YUdAa_AukNsRm2px2z/view?usp=drivesdk
adherents;ATUSA (REF SANS PAIEMENT);Tuyaux et raccords (réseau);Raccord inox / acier;Fiche technique;FT MALLÉABLE FIG. 280.pdf;FOURNISSEURS ADHERENTS/ATUSA (REF SANS PAIEMENT)/FICHES TECHNIQUES /RACCORDS FONTE MALLEABLE;application/pdf;398824;1DwJ-Arc8N9MGgZeE4QIkWYwadG0MP2m-;https://drive.google.com/file/d/1DwJ-Arc8N9MGgZeE4QIkWYwadG0MP2m-/view?usp=drivesdk
adherents;ATUSA (REF SANS PAIEMENT);Tuyaux et raccords (réseau);Raccord inox / acier;Fiche technique;FT MALLÉABLE FIG. 281.pdf;FOURNISSEURS ADHERENTS/ATUSA (REF SANS PAIEMENT)/FICHES TECHNIQUES /RACCORDS FONTE MALLEABLE;application/pdf;393946;1mGUryDHDlnZ4AM47pHPQRBgRczfaEDyD;https://drive.google.com/file/d/1mGUryDHDlnZ4AM47pHPQRBgRczfaEDyD/view?usp=drivesdk
adherents;ATUSA (REF SANS PAIEMENT);Tuyaux et raccords (réseau);Raccord inox / acier;Fiche technique;FT MALLÉABLE FIG. 290.pdf;FOURNISSEURS ADHERENTS/ATUSA (REF SANS PAIEMENT)/FICHES TECHNIQUES /RACCORDS FONTE MALLEABLE;application/pdf;395452;1KqZEqf-i2VLIkxqiEylQnHv1dCXFOTRk;https://drive.google.com/file/d/1KqZEqf-i2VLIkxqiEylQnHv1dCXFOTRk/view?usp=drivesdk
adherents;ATUSA (REF SANS PAIEMENT);Tuyaux et raccords (réseau);Raccord inox / acier;Fiche technique;FT MALLÉABLE FIG. 291.pdf;FOURNISSEURS ADHERENTS/ATUSA (REF SANS PAIEMENT)/FICHES TECHNIQUES /RACCORDS FONTE MALLEABLE;application/pdf;391501;1dQJujMWC1Yy3sMY7Pt9gMl5qethwUvbm;https://drive.google.com/file/d/1dQJujMWC1Yy3sMY7Pt9gMl5qethwUvbm/view?usp=drivesdk
adherents;ATUSA (REF SANS PAIEMENT);Tuyaux et raccords (réseau);Raccord inox / acier;Fiche technique;FT MALLÉABLE FIG. 294.pdf;FOURNISSEURS ADHERENTS/ATUSA (REF SANS PAIEMENT)/FICHES TECHNIQUES /RACCORDS FONTE MALLEABLE;application/pdf;405837;1JoUBM2cdLDnRimHiGp1gL2K6WDHLbhAF;https://drive.google.com/file/d/1JoUBM2cdLDnRimHiGp1gL2K6WDHLbhAF/view?usp=drivesdk
adherents;ATUSA (REF SANS PAIEMENT);Tuyaux et raccords (réseau);Raccord inox / acier;Fiche technique;FT MALLÉABLE FIG. 2A.pdf;FOURNISSEURS ADHERENTS/ATUSA (REF SANS PAIEMENT)/FICHES TECHNIQUES /RACCORDS FONTE MALLEABLE;application/pdf;386318;1azIXuEeM3k4b4yTV4jF_XDldjmK4kEsn;https://drive.google.com/file/d/1azIXuEeM3k4b4yTV4jF_XDldjmK4kEsn/view?usp=drivesdk
adherents;ATUSA (REF SANS PAIEMENT);Tuyaux et raccords (réseau);Raccord inox / acier;Fiche technique;FT MALLÉABLE FIG. 3.pdf;FOURNISSEURS ADHERENTS/ATUSA (REF SANS PAIEMENT)/FICHES TECHNIQUES /RACCORDS FONTE MALLEABLE;application/pdf;392426;19nUk8JE7W3QYuNqa35_96ELeeRG_3yyy;https://drive.google.com/file/d/19nUk8JE7W3QYuNqa35_96ELeeRG_3yyy/view?usp=drivesdk
adherents;ATUSA (REF SANS PAIEMENT);Tuyaux et raccords (réseau);Raccord inox / acier;Fiche technique;FT MALLÉABLE FIG. 300.pdf;FOURNISSEURS ADHERENTS/ATUSA (REF SANS PAIEMENT)/FICHES TECHNIQUES /RACCORDS FONTE MALLEABLE;application/pdf;396709;1Z47jJ0grDXWdGoOytttS06hP7r1Ubm5h;https://drive.google.com/file/d/1Z47jJ0grDXWdGoOytttS06hP7r1Ubm5h/view?usp=drivesdk
adherents;ATUSA (REF SANS PAIEMENT);Tuyaux et raccords (réseau);Raccord inox / acier;Fiche technique;FT MALLÉABLE FIG. 310.pdf;FOURNISSEURS ADHERENTS/ATUSA (REF SANS PAIEMENT)/FICHES TECHNIQUES /RACCORDS FONTE MALLEABLE;application/pdf;382949;1Wax4gNW-XcnborKhYkzZtniRdd6N5cw0;https://drive.google.com/file/d/1Wax4gNW-XcnborKhYkzZtniRdd6N5cw0/view?usp=drivesdk
adherents;ATUSA (REF SANS PAIEMENT);Tuyaux et raccords (réseau);Raccord inox / acier;Fiche technique;FT MALLÉABLE FIG. 312.pdf;FOURNISSEURS ADHERENTS/ATUSA (REF SANS PAIEMENT)/FICHES TECHNIQUES /RACCORDS FONTE MALLEABLE;application/pdf;394883;1uP2ohpQYOsVsc3sMVeRTna1LHpyUrD-P;https://drive.google.com/file/d/1uP2ohpQYOsVsc3sMVeRTna1LHpyUrD-P/view?usp=drivesdk
adherents;ATUSA (REF SANS PAIEMENT);Tuyaux et raccords (réseau);Raccord inox / acier;Fiche technique;FT MALLÉABLE FIG. 320.pdf;FOURNISSEURS ADHERENTS/ATUSA (REF SANS PAIEMENT)/FICHES TECHNIQUES /RACCORDS FONTE MALLEABLE;application/pdf;398113;1lRF8W6-Fgm-CQ_RYy3w123AhcYR3knSq;https://drive.google.com/file/d/1lRF8W6-Fgm-CQ_RYy3w123AhcYR3knSq/view?usp=drivesdk
adherents;ATUSA (REF SANS PAIEMENT);Tuyaux et raccords (réseau);Raccord inox / acier;Fiche technique;FT MALLÉABLE FIG. 321.pdf;FOURNISSEURS ADHERENTS/ATUSA (REF SANS PAIEMENT)/FICHES TECHNIQUES /RACCORDS FONTE MALLEABLE;application/pdf;419875;1KeKHBgESNnKqewNtZcYHzy15MRJ6Ghcd;https://drive.google.com/file/d/1KeKHBgESNnKqewNtZcYHzy15MRJ6Ghcd/view?usp=drivesdk
adherents;ATUSA (REF SANS PAIEMENT);Tuyaux et raccords (réseau);Raccord inox / acier;Fiche technique;FT MALLÉABLE FIG. 330.pdf;FOURNISSEURS ADHERENTS/ATUSA (REF SANS PAIEMENT)/FICHES TECHNIQUES /RACCORDS FONTE MALLEABLE;application/pdf;404875;1lno3AsRy1YN5BpGl2X3I45TfWUAjpJgJ;https://drive.google.com/file/d/1lno3AsRy1YN5BpGl2X3I45TfWUAjpJgJ/view?usp=drivesdk
adherents;ATUSA (REF SANS PAIEMENT);Tuyaux et raccords (réseau);Raccord inox / acier;Fiche technique;FT MALLÉABLE FIG. 331.pdf;FOURNISSEURS ADHERENTS/ATUSA (REF SANS PAIEMENT)/FICHES TECHNIQUES /RACCORDS FONTE MALLEABLE;application/pdf;426329;1aEvOdYmfMLZQXnfgnXSfU4EdmITl9WEN;https://drive.google.com/file/d/1aEvOdYmfMLZQXnfgnXSfU4EdmITl9WEN/view?usp=drivesdk
adherents;ATUSA (REF SANS PAIEMENT);Tuyaux et raccords (réseau);Raccord inox / acier;Fiche technique;FT MALLÉABLE FIG. 340.pdf;FOURNISSEURS ADHERENTS/ATUSA (REF SANS PAIEMENT)/FICHES TECHNIQUES /RACCORDS FONTE MALLEABLE;application/pdf;423339;1KhXRyFbLl4v_MNiiEcCp0rqKRqj35RAh;https://drive.google.com/file/d/1KhXRyFbLl4v_MNiiEcCp0rqKRqj35RAh/view?usp=drivesdk
adherents;ATUSA (REF SANS PAIEMENT);Tuyaux et raccords (réseau);Raccord inox / acier;Fiche technique;FT MALLÉABLE FIG. 341.pdf;FOURNISSEURS ADHERENTS/ATUSA (REF SANS PAIEMENT)/FICHES TECHNIQUES /RACCORDS FONTE MALLEABLE;application/pdf;442670;1f0cx19ndJOCyZjXCenL36IdJ-YMu1OTn;https://drive.google.com/file/d/1f0cx19ndJOCyZjXCenL36IdJ-YMu1OTn/view?usp=drivesdk
adherents;ATUSA (REF SANS PAIEMENT);Tuyaux et raccords (réseau);Raccord inox / acier;Fiche technique;FT MALLÉABLE FIG. 344.pdf;FOURNISSEURS ADHERENTS/ATUSA (REF SANS PAIEMENT)/FICHES TECHNIQUES /RACCORDS FONTE MALLEABLE;application/pdf;389017;1IZEmtTqDKuYI03UIxTddeKorD9ZipN1d;https://drive.google.com/file/d/1IZEmtTqDKuYI03UIxTddeKorD9ZipN1d/view?usp=drivesdk
adherents;ATUSA (REF SANS PAIEMENT);Tuyaux et raccords (réseau);Raccord inox / acier;Fiche technique;FT MALLÉABLE FIG. 370.pdf;FOURNISSEURS ADHERENTS/ATUSA (REF SANS PAIEMENT)/FICHES TECHNIQUES /RACCORDS FONTE MALLEABLE;application/pdf;372814;1hzy5lsGnR41M-fDi4FycVYNMN_Ndx_B2;https://drive.google.com/file/d/1hzy5lsGnR41M-fDi4FycVYNMN_Ndx_B2/view?usp=drivesdk
adherents;ATUSA (REF SANS PAIEMENT);Tuyaux et raccords (réseau);Raccord inox / acier;Fiche technique;FT MALLÉABLE FIG. 371.pdf;FOURNISSEURS ADHERENTS/ATUSA (REF SANS PAIEMENT)/FICHES TECHNIQUES /RACCORDS FONTE MALLEABLE;application/pdf;339986;1Rflofnj6OrBhPUgqkHnzWuOTlCFaJdmd;https://drive.google.com/file/d/1Rflofnj6OrBhPUgqkHnzWuOTlCFaJdmd/view?usp=drivesdk
adherents;ATUSA (REF SANS PAIEMENT);Tuyaux et raccords (réseau);Raccord inox / acier;Fiche technique;FT MALLÉABLE FIG. 372.pdf;FOURNISSEURS ADHERENTS/ATUSA (REF SANS PAIEMENT)/FICHES TECHNIQUES /RACCORDS FONTE MALLEABLE;application/pdf;336080;1an3u4Av_Exi-N5dKPFao8ytHL2r5S62s;https://drive.google.com/file/d/1an3u4Av_Exi-N5dKPFao8ytHL2r5S62s/view?usp=drivesdk
adherents;ATUSA (REF SANS PAIEMENT);Tuyaux et raccords (réseau);Raccord inox / acier;Fiche technique;FT MALLÉABLE FIG. 374.pdf;FOURNISSEURS ADHERENTS/ATUSA (REF SANS PAIEMENT)/FICHES TECHNIQUES /RACCORDS FONTE MALLEABLE;application/pdf;379063;1-s2_CuBpSIcid5ol5pvSvZ3R6P9GKwWh;https://drive.google.com/file/d/1-s2_CuBpSIcid5ol5pvSvZ3R6P9GKwWh/view?usp=drivesdk
adherents;ATUSA (REF SANS PAIEMENT);Tuyaux et raccords (réseau);Raccord inox / acier;Fiche technique;FT MALLÉABLE FIG. 40.pdf;FOURNISSEURS ADHERENTS/ATUSA (REF SANS PAIEMENT)/FICHES TECHNIQUES /RACCORDS FONTE MALLEABLE;application/pdf;383402;1P_dwVGeUVzJTggFkWWQi-MZOsSSDzfoF;https://drive.google.com/file/d/1P_dwVGeUVzJTggFkWWQi-MZOsSSDzfoF/view?usp=drivesdk
adherents;ATUSA (REF SANS PAIEMENT);Tuyaux et raccords (réseau);Raccord inox / acier;Fiche technique;FT MALLÉABLE FIG. 41.pdf;FOURNISSEURS ADHERENTS/ATUSA (REF SANS PAIEMENT)/FICHES TECHNIQUES /RACCORDS FONTE MALLEABLE;application/pdf;384856;1UNAm0DJtJ-J3MrHZ897fxnpX_YOhFWLX;https://drive.google.com/file/d/1UNAm0DJtJ-J3MrHZ897fxnpX_YOhFWLX/view?usp=drivesdk
adherents;ATUSA (REF SANS PAIEMENT);Tuyaux et raccords (réseau);Raccord inox / acier;Fiche technique;FT MALLÉABLE FIG. 471.pdf;FOURNISSEURS ADHERENTS/ATUSA (REF SANS PAIEMENT)/FICHES TECHNIQUES /RACCORDS FONTE MALLEABLE;application/pdf;465907;1rIVuFEd8N1OMVWgd15Fd4VBcqpaCx0z8;https://drive.google.com/file/d/1rIVuFEd8N1OMVWgd15Fd4VBcqpaCx0z8/view?usp=drivesdk
adherents;ATUSA (REF SANS PAIEMENT);Tuyaux et raccords (réseau);Raccord inox / acier;Fiche technique;FT MALLÉABLE FIG. 526.pdf;FOURNISSEURS ADHERENTS/ATUSA (REF SANS PAIEMENT)/FICHES TECHNIQUES /RACCORDS FONTE MALLEABLE;application/pdf;361310;1IhUTfTbQf42Q-iip133E6f-1mj8rpRFu;https://drive.google.com/file/d/1IhUTfTbQf42Q-iip133E6f-1mj8rpRFu/view?usp=drivesdk
adherents;ATUSA (REF SANS PAIEMENT);Tuyaux et raccords (réseau);Raccord inox / acier;Fiche technique;FT MALLÉABLE FIG. 529.pdf;FOURNISSEURS ADHERENTS/ATUSA (REF SANS PAIEMENT)/FICHES TECHNIQUES /RACCORDS FONTE MALLEABLE;application/pdf;379322;17dknnA0XG3SNoX5X__X6Y-2RooSkKhe3;https://drive.google.com/file/d/17dknnA0XG3SNoX5X__X6Y-2RooSkKhe3/view?usp=drivesdk
adherents;ATUSA (REF SANS PAIEMENT);Tuyaux et raccords (réseau);Raccord inox / acier;Fiche technique;FT MALLÉABLE FIG. 531.pdf;FOURNISSEURS ADHERENTS/ATUSA (REF SANS PAIEMENT)/FICHES TECHNIQUES /RACCORDS FONTE MALLEABLE;application/pdf;285266;1kSmIzDZpx9RMk4l8JO08zDPd83aWYwpH;https://drive.google.com/file/d/1kSmIzDZpx9RMk4l8JO08zDPd83aWYwpH/view?usp=drivesdk
adherents;ATUSA (REF SANS PAIEMENT);Tuyaux et raccords (réseau);Raccord inox / acier;Fiche technique;FT MALLÉABLE FIG. 596.pdf;FOURNISSEURS ADHERENTS/ATUSA (REF SANS PAIEMENT)/FICHES TECHNIQUES /RACCORDS FONTE MALLEABLE;application/pdf;297246;1Zy6Cu0NF8amyDxWP_0vIejwyJHKqhOl3;https://drive.google.com/file/d/1Zy6Cu0NF8amyDxWP_0vIejwyJHKqhOl3/view?usp=drivesdk
adherents;ATUSA (REF SANS PAIEMENT);Tuyaux et raccords (réseau);Raccord inox / acier;Fiche technique;FT MALLÉABLE FIG. 60.pdf;FOURNISSEURS ADHERENTS/ATUSA (REF SANS PAIEMENT)/FICHES TECHNIQUES /RACCORDS FONTE MALLEABLE;application/pdf;379374;1c3aq8DbrHdvvD1o99N8G0bRsNy3wBuBH;https://drive.google.com/file/d/1c3aq8DbrHdvvD1o99N8G0bRsNy3wBuBH/view?usp=drivesdk
adherents;ATUSA (REF SANS PAIEMENT);Tuyaux et raccords (réseau);Raccord inox / acier;Fiche technique;FT MALLÉABLE FIG. 85.pdf;FOURNISSEURS ADHERENTS/ATUSA (REF SANS PAIEMENT)/FICHES TECHNIQUES /RACCORDS FONTE MALLEABLE;application/pdf;335973;1kGIN5dS9E2JTgtZwgw8BeCKNAWu3ugNQ;https://drive.google.com/file/d/1kGIN5dS9E2JTgtZwgw8BeCKNAWu3ugNQ/view?usp=drivesdk
adherents;ATUSA (REF SANS PAIEMENT);Tuyaux et raccords (réseau);Raccord inox / acier;Fiche technique;FT MALLÉABLE FIG. 90.pdf;FOURNISSEURS ADHERENTS/ATUSA (REF SANS PAIEMENT)/FICHES TECHNIQUES /RACCORDS FONTE MALLEABLE;application/pdf;375401;1gcLeXsGzzXt22hpT6qnhj1u0iU2UxBFI;https://drive.google.com/file/d/1gcLeXsGzzXt22hpT6qnhj1u0iU2UxBFI/view?usp=drivesdk
adherents;ATUSA (REF SANS PAIEMENT);Tuyaux et raccords (réseau);Raccord inox / acier;Fiche technique;FT MALLÉABLE FIG. 90R.pdf;FOURNISSEURS ADHERENTS/ATUSA (REF SANS PAIEMENT)/FICHES TECHNIQUES /RACCORDS FONTE MALLEABLE;application/pdf;424911;1V_IqdBwJ8YzjlKs44RNKHQBB8wzRjI7P;https://drive.google.com/file/d/1V_IqdBwJ8YzjlKs44RNKHQBB8wzRjI7P/view?usp=drivesdk
adherents;ATUSA (REF SANS PAIEMENT);Tuyaux et raccords (réseau);Raccord inox / acier;Fiche technique;FT MALLÉABLE FIG. 92.pdf;FOURNISSEURS ADHERENTS/ATUSA (REF SANS PAIEMENT)/FICHES TECHNIQUES /RACCORDS FONTE MALLEABLE;application/pdf;396246;11vtGYgC0Fe9bXViyEAA2g_cReNRHAMlV;https://drive.google.com/file/d/11vtGYgC0Fe9bXViyEAA2g_cReNRHAMlV/view?usp=drivesdk
adherents;ATUSA (REF SANS PAIEMENT);Tuyaux et raccords (réseau);Raccord inox / acier;Fiche technique;FT MALLÉABLE FIG. 92R.pdf;FOURNISSEURS ADHERENTS/ATUSA (REF SANS PAIEMENT)/FICHES TECHNIQUES /RACCORDS FONTE MALLEABLE;application/pdf;406934;1dnYNWO5t0VQD92tdGIb2GOKK9_sYWRFd;https://drive.google.com/file/d/1dnYNWO5t0VQD92tdGIb2GOKK9_sYWRFd/view?usp=drivesdk
adherents;ATUSA (REF SANS PAIEMENT);Tuyaux et raccords (réseau);Raccord inox / acier;Fiche technique;FT MALLÉABLE FIG. 94.pdf;FOURNISSEURS ADHERENTS/ATUSA (REF SANS PAIEMENT)/FICHES TECHNIQUES /RACCORDS FONTE MALLEABLE;application/pdf;414917;1QGWrn9K9umlUiTxr1vz4Sg7RZq_Wtphb;https://drive.google.com/file/d/1QGWrn9K9umlUiTxr1vz4Sg7RZq_Wtphb/view?usp=drivesdk
adherents;ATUSA (REF SANS PAIEMENT);Tuyaux et raccords (réseau);Raccord inox / acier;Fiche technique;FT MALLÉABLE FIG. 95.pdf;FOURNISSEURS ADHERENTS/ATUSA (REF SANS PAIEMENT)/FICHES TECHNIQUES /RACCORDS FONTE MALLEABLE;application/pdf;403415;1sbTy3iXmrbrHOd3IliUMXHYcMr3c5tI-;https://drive.google.com/file/d/1sbTy3iXmrbrHOd3IliUMXHYcMr3c5tI-/view?usp=drivesdk
adherents;ATUSA (REF SANS PAIEMENT);Tuyaux et raccords (réseau);Raccord inox / acier;Fiche technique;FT MALLÉABLE FIG. 96.pdf;FOURNISSEURS ADHERENTS/ATUSA (REF SANS PAIEMENT)/FICHES TECHNIQUES /RACCORDS FONTE MALLEABLE;application/pdf;425811;1TctW8HbFyz0-EC95KzDe6740g7gmSPvu;https://drive.google.com/file/d/1TctW8HbFyz0-EC95KzDe6740g7gmSPvu/view?usp=drivesdk
adherents;ATUSA (REF SANS PAIEMENT);Tuyaux et raccords (réseau);Raccord inox / acier;Fiche technique;FT MALLÉABLE FIG. 97.pdf;FOURNISSEURS ADHERENTS/ATUSA (REF SANS PAIEMENT)/FICHES TECHNIQUES /RACCORDS FONTE MALLEABLE;application/pdf;409344;1UsVyttDiuvVeCKw58jbnq0q9A2oTWrY6;https://drive.google.com/file/d/1UsVyttDiuvVeCKw58jbnq0q9A2oTWrY6/view?usp=drivesdk
adherents;ATUSA (REF SANS PAIEMENT);Tuyaux et raccords (réseau);Raccord inox / acier;Fiche technique;FT MALLÉABLE FIG. 98.pdf;FOURNISSEURS ADHERENTS/ATUSA (REF SANS PAIEMENT)/FICHES TECHNIQUES /RACCORDS FONTE MALLEABLE;application/pdf;412341;1rqdCiyKu6qHHK2HvXz8xEpRoeBU39HWb;https://drive.google.com/file/d/1rqdCiyKu6qHHK2HvXz8xEpRoeBU39HWb/view?usp=drivesdk
adherents;ATUSA (REF SANS PAIEMENT);Tuyaux et raccords (réseau);Raccord laiton;Fiche technique;FT ANNEAU DOUBLE FILETÉ.pdf;FOURNISSEURS ADHERENTS/ATUSA (REF SANS PAIEMENT)/FICHES TECHNIQUES /RACCORDS LAITON;application/pdf;192649;1WLrWP6OXiOtL29M1Q4VO1Y6n68SocLEk;https://drive.google.com/file/d/1WLrWP6OXiOtL29M1Q4VO1Y6n68SocLEk/view?usp=drivesdk
adherents;ATUSA (REF SANS PAIEMENT);Tuyaux et raccords (réseau);Raccord laiton;Fiche technique;FT BOBINE LAITON CHROMÉE.pdf;FOURNISSEURS ADHERENTS/ATUSA (REF SANS PAIEMENT)/FICHES TECHNIQUES /RACCORDS LAITON;application/pdf;246566;1PAcn9O9ouyylQbqylDgP1XbuN3KhTTrH;https://drive.google.com/file/d/1PAcn9O9ouyylQbqylDgP1XbuN3KhTTrH/view?usp=drivesdk
adherents;ATUSA (REF SANS PAIEMENT);Tuyaux et raccords (réseau);Raccord laiton;Fiche technique;FT BOBINE LAITON.pdf;FOURNISSEURS ADHERENTS/ATUSA (REF SANS PAIEMENT)/FICHES TECHNIQUES /RACCORDS LAITON;application/pdf;307664;1LcMxolTidaZn4P5kQm-KB9OmFPmq1C4d;https://drive.google.com/file/d/1LcMxolTidaZn4P5kQm-KB9OmFPmq1C4d/view?usp=drivesdk
adherents;ATUSA (REF SANS PAIEMENT);Tuyaux et raccords (réseau);Raccord laiton;Fiche technique;FT INSERT LAITON.pdf;FOURNISSEURS ADHERENTS/ATUSA (REF SANS PAIEMENT)/FICHES TECHNIQUES /RACCORDS LAITON;application/pdf;222435;1bSYfr7JYmTOu2EzyyzRf0O8ANTCBdeuc;https://drive.google.com/file/d/1bSYfr7JYmTOu2EzyyzRf0O8ANTCBdeuc/view?usp=drivesdk
adherents;ATUSA (REF SANS PAIEMENT);Tuyaux et raccords (réseau);Bride / joint / boulonnerie;Fiche technique;FT LAITON A BRIDES COUDE FEMELLE.pdf;FOURNISSEURS ADHERENTS/ATUSA (REF SANS PAIEMENT)/FICHES TECHNIQUES /RACCORDS LAITON;application/pdf;281229;1s3KQgTmkBpMhyklbFzPeRfPkPoYEsMVV;https://drive.google.com/file/d/1s3KQgTmkBpMhyklbFzPeRfPkPoYEsMVV/view?usp=drivesdk
adherents;ATUSA (REF SANS PAIEMENT);Tuyaux et raccords (réseau);Bride / joint / boulonnerie;Fiche technique;FT LAITON A BRIDES COUDE MÂLE.pdf;FOURNISSEURS ADHERENTS/ATUSA (REF SANS PAIEMENT)/FICHES TECHNIQUES /RACCORDS LAITON;application/pdf;273214;1PYk3sfgnNnyD2TkqNb8CZoegKzsUXh48;https://drive.google.com/file/d/1PYk3sfgnNnyD2TkqNb8CZoegKzsUXh48/view?usp=drivesdk
adherents;ATUSA (REF SANS PAIEMENT);Tuyaux et raccords (réseau);Bride / joint / boulonnerie;Fiche technique;FT LAITON A BRIDES MANCHON COUDE.pdf;FOURNISSEURS ADHERENTS/ATUSA (REF SANS PAIEMENT)/FICHES TECHNIQUES /RACCORDS LAITON;application/pdf;301303;1pWcGHDbhXUrPfa-udaWZTJw9UI5XfDvg;https://drive.google.com/file/d/1pWcGHDbhXUrPfa-udaWZTJw9UI5XfDvg/view?usp=drivesdk
adherents;ATUSA (REF SANS PAIEMENT);Tuyaux et raccords (réseau);Bride / joint / boulonnerie;Fiche technique;FT LAITON A BRIDES MANCHON DOUBLE.pdf;FOURNISSEURS ADHERENTS/ATUSA (REF SANS PAIEMENT)/FICHES TECHNIQUES /RACCORDS LAITON;application/pdf;288611;1m6JniyMjA7P2AD_Vbf1-EI3JAkLE-jg5;https://drive.google.com/file/d/1m6JniyMjA7P2AD_Vbf1-EI3JAkLE-jg5/view?usp=drivesdk
adherents;ATUSA (REF SANS PAIEMENT);Tuyaux et raccords (réseau);Bride / joint / boulonnerie;Fiche technique;FT LAITON A BRIDES RACCORD FEMELLE.pdf;FOURNISSEURS ADHERENTS/ATUSA (REF SANS PAIEMENT)/FICHES TECHNIQUES /RACCORDS LAITON;application/pdf;265981;1SE6yoIy5rwrxEpc9EVmHKbBSRL8NxhTk;https://drive.google.com/file/d/1SE6yoIy5rwrxEpc9EVmHKbBSRL8NxhTk/view?usp=drivesdk
adherents;ATUSA (REF SANS PAIEMENT);Tuyaux et raccords (réseau);Bride / joint / boulonnerie;Fiche technique;FT LAITON A BRIDES RACCORD MÂLE.pdf;FOURNISSEURS ADHERENTS/ATUSA (REF SANS PAIEMENT)/FICHES TECHNIQUES /RACCORDS LAITON;application/pdf;269421;1y4So2AXcPHAfrCrhX6ELLea1KxdD03Oh;https://drive.google.com/file/d/1y4So2AXcPHAfrCrhX6ELLea1KxdD03Oh/view?usp=drivesdk
adherents;ATUSA (REF SANS PAIEMENT);Tuyaux et raccords (réseau);Bride / joint / boulonnerie;Fiche technique;FT LAITON A BRIDES TÉ FEMELLE.pdf;FOURNISSEURS ADHERENTS/ATUSA (REF SANS PAIEMENT)/FICHES TECHNIQUES /RACCORDS LAITON;application/pdf;291082;1TxeWaiBcOtwcl5HaBGieIr93VGNo5DPH;https://drive.google.com/file/d/1TxeWaiBcOtwcl5HaBGieIr93VGNo5DPH/view?usp=drivesdk
adherents;ATUSA (REF SANS PAIEMENT);Tuyaux et raccords (réseau);Bride / joint / boulonnerie;Fiche technique;FT LAITON A BRIDES TÉ.pdf;FOURNISSEURS ADHERENTS/ATUSA (REF SANS PAIEMENT)/FICHES TECHNIQUES /RACCORDS LAITON;application/pdf;292706;1drcRxKL-IvL4p20MGsqKDPpoYOtEpFqe;https://drive.google.com/file/d/1drcRxKL-IvL4p20MGsqKDPpoYOtEpFqe/view?usp=drivesdk
adherents;ATUSA (REF SANS PAIEMENT);Tuyaux et raccords (réseau);Raccord laiton;Fiche technique;FT LAITON A SOUDER FIG. 130.pdf;FOURNISSEURS ADHERENTS/ATUSA (REF SANS PAIEMENT)/FICHES TECHNIQUES /RACCORDS LAITON;application/pdf;333121;1D3hNi7KbvfIBiZojeXztBGkSuZ_QIplT;https://drive.google.com/file/d/1D3hNi7KbvfIBiZojeXztBGkSuZ_QIplT/view?usp=drivesdk
adherents;ATUSA (REF SANS PAIEMENT);Tuyaux et raccords (réseau);Raccord laiton;Fiche technique;FT LAITON A SOUDER FIG. 243.pdf;FOURNISSEURS ADHERENTS/ATUSA (REF SANS PAIEMENT)/FICHES TECHNIQUES /RACCORDS LAITON;application/pdf;311943;10GyvlzO3XqMtYlBNeQYDhhY9eQsclSpp;https://drive.google.com/file/d/10GyvlzO3XqMtYlBNeQYDhhY9eQsclSpp/view?usp=drivesdk
adherents;ATUSA (REF SANS PAIEMENT);Tuyaux et raccords (réseau);Raccord laiton;Fiche technique;FT LAITON A SOUDER FIG. 270.pdf;FOURNISSEURS ADHERENTS/ATUSA (REF SANS PAIEMENT)/FICHES TECHNIQUES /RACCORDS LAITON;application/pdf;279686;1yUl4SaoRAyrp__PbHtSp59D9HWRvIRDf;https://drive.google.com/file/d/1yUl4SaoRAyrp__PbHtSp59D9HWRvIRDf/view?usp=drivesdk
adherents;ATUSA (REF SANS PAIEMENT);Tuyaux et raccords (réseau);Raccord laiton;Fiche technique;FT LAITON A SOUDER FIG. 359.pdf;FOURNISSEURS ADHERENTS/ATUSA (REF SANS PAIEMENT)/FICHES TECHNIQUES /RACCORDS LAITON;application/pdf;290311;16JsL9hqKiFDWumW0WafUkWxuVkcMyTLt;https://drive.google.com/file/d/16JsL9hqKiFDWumW0WafUkWxuVkcMyTLt/view?usp=drivesdk
adherents;ATUSA (REF SANS PAIEMENT);Tuyaux et raccords (réseau);Raccord laiton;Fiche technique;FT LAITON A SOUDER FIG. 90.pdf;FOURNISSEURS ADHERENTS/ATUSA (REF SANS PAIEMENT)/FICHES TECHNIQUES /RACCORDS LAITON;application/pdf;345096;17JAYJAv2oT0g3gxN7wGbiJVwsVHQ5CQ4;https://drive.google.com/file/d/17JAYJAv2oT0g3gxN7wGbiJVwsVHQ5CQ4/view?usp=drivesdk
adherents;ATUSA (REF SANS PAIEMENT);Tuyaux et raccords (réseau);Raccord laiton;Fiche technique;FT LAITON A SOUDER FIG. 92.pdf;FOURNISSEURS ADHERENTS/ATUSA (REF SANS PAIEMENT)/FICHES TECHNIQUES /RACCORDS LAITON;application/pdf;288825;1OEELfXYRoSh6OQ8OC8k1i_Hh8zxglSTz;https://drive.google.com/file/d/1OEELfXYRoSh6OQ8OC8k1i_Hh8zxglSTz/view?usp=drivesdk
adherents;ATUSA (REF SANS PAIEMENT);Tuyaux et raccords (réseau);Raccord laiton;Fiche technique;FT LAITON APPLIQUE MURALE.pdf;FOURNISSEURS ADHERENTS/ATUSA (REF SANS PAIEMENT)/FICHES TECHNIQUES /RACCORDS LAITON;application/pdf;311083;1Bnm0zav0YJ-dT5uvAzzHjaGptqNo48X2;https://drive.google.com/file/d/1Bnm0zav0YJ-dT5uvAzzHjaGptqNo48X2/view?usp=drivesdk
adherents;ATUSA (REF SANS PAIEMENT);Tuyaux et raccords (réseau);Raccord laiton;Fiche technique;FT LAITON COUDE DOUBLE.pdf;FOURNISSEURS ADHERENTS/ATUSA (REF SANS PAIEMENT)/FICHES TECHNIQUES /RACCORDS LAITON;application/pdf;421801;1ZRnY6Htiy5zvzgMhAi3JO7G89hRxe7Sf;https://drive.google.com/file/d/1ZRnY6Htiy5zvzgMhAi3JO7G89hRxe7Sf/view?usp=drivesdk
adherents;ATUSA (REF SANS PAIEMENT);Tuyaux et raccords (réseau);Raccord laiton;Fiche technique;FT LAITON CUIVRE COUDE APPLIQUE.pdf;FOURNISSEURS ADHERENTS/ATUSA (REF SANS PAIEMENT)/FICHES TECHNIQUES /RACCORDS LAITON;application/pdf;484461;1fBEOMvYgkRkZMOhUsOlXllwdSCubeUk6;https://drive.google.com/file/d/1fBEOMvYgkRkZMOhUsOlXllwdSCubeUk6/view?usp=drivesdk
adherents;ATUSA (REF SANS PAIEMENT);Tuyaux et raccords (réseau);Raccord laiton;Fiche technique;FT LAITON CUIVRE COUDE FEMELLE.pdf;FOURNISSEURS ADHERENTS/ATUSA (REF SANS PAIEMENT)/FICHES TECHNIQUES /RACCORDS LAITON;application/pdf;482747;1SBdyz0kWo3IfraCrLB4e6kQSpkv62qJO;https://drive.google.com/file/d/1SBdyz0kWo3IfraCrLB4e6kQSpkv62qJO/view?usp=drivesdk
adherents;ATUSA (REF SANS PAIEMENT);Tuyaux et raccords (réseau);Raccord laiton;Fiche technique;FT LAITON CUIVRE COUDE MÂLE.pdf;FOURNISSEURS ADHERENTS/ATUSA (REF SANS PAIEMENT)/FICHES TECHNIQUES /RACCORDS LAITON;application/pdf;420784;1IDJq1CTniXkMebCYTI-Ez5oAkj4nEO07;https://drive.google.com/file/d/1IDJq1CTniXkMebCYTI-Ez5oAkj4nEO07/view?usp=drivesdk
adherents;ATUSA (REF SANS PAIEMENT);Tuyaux et raccords (réseau);Raccord laiton;Fiche technique;FT LAITON CUIVRE DROIT DOUBLE.pdf;FOURNISSEURS ADHERENTS/ATUSA (REF SANS PAIEMENT)/FICHES TECHNIQUES /RACCORDS LAITON;application/pdf;345167;1S8u74wDoveUc_JusaAEkbd5issSjfuQk;https://drive.google.com/file/d/1S8u74wDoveUc_JusaAEkbd5issSjfuQk/view?usp=drivesdk
adherents;ATUSA (REF SANS PAIEMENT);Tuyaux et raccords (réseau);Raccord laiton;Fiche technique;FT LAITON CUIVRE DROIT FEMELLE.pdf;FOURNISSEURS ADHERENTS/ATUSA (REF SANS PAIEMENT)/FICHES TECHNIQUES /RACCORDS LAITON;application/pdf;378394;1vDo19grIC5jQwdMOeQlc00kMrfcxmcj-;https://drive.google.com/file/d/1vDo19grIC5jQwdMOeQlc00kMrfcxmcj-/view?usp=drivesdk
adherents;ATUSA (REF SANS PAIEMENT);Tuyaux et raccords (réseau);Raccord laiton;Fiche technique;FT LAITON CUIVRE DROIT MÂLE.pdf;FOURNISSEURS ADHERENTS/ATUSA (REF SANS PAIEMENT)/FICHES TECHNIQUES /RACCORDS LAITON;application/pdf;299766;1Qhf3Td20-BegcqhDZskQxsGq0lSuPZW_;https://drive.google.com/file/d/1Qhf3Td20-BegcqhDZskQxsGq0lSuPZW_/view?usp=drivesdk
adherents;ATUSA (REF SANS PAIEMENT);Tuyaux et raccords (réseau);Raccord laiton;Fiche technique;FT LAITON CUIVRE TÉ DOUBLE.pdf;FOURNISSEURS ADHERENTS/ATUSA (REF SANS PAIEMENT)/FICHES TECHNIQUES /RACCORDS LAITON;application/pdf;539397;1mUSeOHMos7IDPFZz5MddtTuYirrn9ldo;https://drive.google.com/file/d/1mUSeOHMos7IDPFZz5MddtTuYirrn9ldo/view?usp=drivesdk
adherents;ATUSA (REF SANS PAIEMENT);Tuyaux et raccords (réseau);Raccord laiton;Fiche technique;FT LAITON CUIVRE TÉ FEMELLE.pdf;FOURNISSEURS ADHERENTS/ATUSA (REF SANS PAIEMENT)/FICHES TECHNIQUES /RACCORDS LAITON;application/pdf;377933;1mGrIXrCnoN8MTVvYFMBzMEV7--GMHyc6;https://drive.google.com/file/d/1mGrIXrCnoN8MTVvYFMBzMEV7--GMHyc6/view?usp=drivesdk
adherents;ATUSA (REF SANS PAIEMENT);Tuyaux et raccords (réseau);Raccord laiton;Fiche technique;FT LAITON EXPRESS CANNELE _ MÂLE.pdf;FOURNISSEURS ADHERENTS/ATUSA (REF SANS PAIEMENT)/FICHES TECHNIQUES /RACCORDS LAITON;application/pdf;291616;1827gEF1tsExRaDsvEUq_QlxH-pcWy9FJ;https://drive.google.com/file/d/1827gEF1tsExRaDsvEUq_QlxH-pcWy9FJ/view?usp=drivesdk
adherents;ATUSA (REF SANS PAIEMENT);Tuyaux et raccords (réseau);Raccord laiton;Fiche technique;FT LAITON EXPRESS CANNELE.pdf;FOURNISSEURS ADHERENTS/ATUSA (REF SANS PAIEMENT)/FICHES TECHNIQUES /RACCORDS LAITON;application/pdf;238051;1G68O1HPtbP0k0cuERrA-3aKtpIB_meDW;https://drive.google.com/file/d/1G68O1HPtbP0k0cuERrA-3aKtpIB_meDW/view?usp=drivesdk
adherents;ATUSA (REF SANS PAIEMENT);Tuyaux et raccords (réseau);Raccord laiton;Fiche technique;FT LAITON EXPRESS MÂLE _ MÂLE.pdf;FOURNISSEURS ADHERENTS/ATUSA (REF SANS PAIEMENT)/FICHES TECHNIQUES /RACCORDS LAITON;application/pdf;229759;1ZjEjIn0FwJ_lc93tHVC-kK0TE2N9A64Y;https://drive.google.com/file/d/1ZjEjIn0FwJ_lc93tHVC-kK0TE2N9A64Y/view?usp=drivesdk
adherents;ATUSA (REF SANS PAIEMENT);Tuyaux et raccords (réseau);Raccord laiton;Fiche technique;FT LAITON FIG. 130 CHROMÉE.pdf;FOURNISSEURS ADHERENTS/ATUSA (REF SANS PAIEMENT)/FICHES TECHNIQUES /RACCORDS LAITON;application/pdf;260652;1tO5nCQwo80wmWFUNPT2JS5Hlk3l3tjhz;https://drive.google.com/file/d/1tO5nCQwo80wmWFUNPT2JS5Hlk3l3tjhz/view?usp=drivesdk
adherents;ATUSA (REF SANS PAIEMENT);Tuyaux et raccords (réseau);Raccord laiton;Fiche technique;FT LAITON FIG. 130 ISO 7-1.pdf;FOURNISSEURS ADHERENTS/ATUSA (REF SANS PAIEMENT)/FICHES TECHNIQUES /RACCORDS LAITON;application/pdf;406053;1-NOTR6q-tqlx7ANlRuik2IUUH-SAFP7Z;https://drive.google.com/file/d/1-NOTR6q-tqlx7ANlRuik2IUUH-SAFP7Z/view?usp=drivesdk
adherents;ATUSA (REF SANS PAIEMENT);Tuyaux et raccords (réseau);Raccord laiton;Fiche technique;FT LAITON FIG. 130 NICKELÉE.pdf;FOURNISSEURS ADHERENTS/ATUSA (REF SANS PAIEMENT)/FICHES TECHNIQUES /RACCORDS LAITON;application/pdf;277258;1cC7W9_TN0FBxIVRSF2slo0yrSforMuLX;https://drive.google.com/file/d/1cC7W9_TN0FBxIVRSF2slo0yrSforMuLX/view?usp=drivesdk
adherents;ATUSA (REF SANS PAIEMENT);Tuyaux et raccords (réseau);Raccord laiton;Fiche technique;FT LAITON FIG. 130.pdf;FOURNISSEURS ADHERENTS/ATUSA (REF SANS PAIEMENT)/FICHES TECHNIQUES /RACCORDS LAITON;application/pdf;397836;1vxehhtaSDbgCZhcQiD4nXtHbXCH-h6w2;https://drive.google.com/file/d/1vxehhtaSDbgCZhcQiD4nXtHbXCH-h6w2/view?usp=drivesdk
adherents;ATUSA (REF SANS PAIEMENT);Tuyaux et raccords (réseau);Raccord laiton;Fiche technique;FT LAITON FIG. 130R.pdf;FOURNISSEURS ADHERENTS/ATUSA (REF SANS PAIEMENT)/FICHES TECHNIQUES /RACCORDS LAITON;application/pdf;681807;1e2WDbcycaIyYXlyTsPv9g-HWbqeVS6bg;https://drive.google.com/file/d/1e2WDbcycaIyYXlyTsPv9g-HWbqeVS6bg/view?usp=drivesdk
adherents;ATUSA (REF SANS PAIEMENT);Tuyaux et raccords (réseau);Raccord laiton;Fiche technique;FT LAITON FIG. 180.pdf;FOURNISSEURS ADHERENTS/ATUSA (REF SANS PAIEMENT)/FICHES TECHNIQUES /RACCORDS LAITON;application/pdf;322884;1EF0mDKYKuhfptacePItJ9UxnZV1un-Lp;https://drive.google.com/file/d/1EF0mDKYKuhfptacePItJ9UxnZV1un-Lp/view?usp=drivesdk
adherents;ATUSA (REF SANS PAIEMENT);Tuyaux et raccords (réseau);Raccord laiton;Fiche technique;FT LAITON FIG. 2.pdf;FOURNISSEURS ADHERENTS/ATUSA (REF SANS PAIEMENT)/FICHES TECHNIQUES /RACCORDS LAITON;application/pdf;267840;1UOr4uPr1iGt35heqx5q5LeTJXE4Q8WE2;https://drive.google.com/file/d/1UOr4uPr1iGt35heqx5q5LeTJXE4Q8WE2/view?usp=drivesdk
adherents;ATUSA (REF SANS PAIEMENT);Tuyaux et raccords (réseau);Raccord laiton;Fiche technique;FT LAITON FIG. 240.pdf;FOURNISSEURS ADHERENTS/ATUSA (REF SANS PAIEMENT)/FICHES TECHNIQUES /RACCORDS LAITON;application/pdf;388289;19zcvKW8kCtCkyDVz6dXNgX97PfViH_W1;https://drive.google.com/file/d/19zcvKW8kCtCkyDVz6dXNgX97PfViH_W1/view?usp=drivesdk
adherents;ATUSA (REF SANS PAIEMENT);Tuyaux et raccords (réseau);Raccord laiton;Fiche technique;FT LAITON FIG. 241 CHROMÉE.pdf;FOURNISSEURS ADHERENTS/ATUSA (REF SANS PAIEMENT)/FICHES TECHNIQUES /RACCORDS LAITON;application/pdf;212961;1hJggIPqEUq6Ymiz39PQhC3dKcMlhKoUo;https://drive.google.com/file/d/1hJggIPqEUq6Ymiz39PQhC3dKcMlhKoUo/view?usp=drivesdk
adherents;ATUSA (REF SANS PAIEMENT);Tuyaux et raccords (réseau);Raccord laiton;Fiche technique;FT LAITON FIG. 241 NICKELÉE.pdf;FOURNISSEURS ADHERENTS/ATUSA (REF SANS PAIEMENT)/FICHES TECHNIQUES /RACCORDS LAITON;application/pdf;205553;1Us30RRONiGtWyOgHxRlZAdpffMnkLUw3;https://drive.google.com/file/d/1Us30RRONiGtWyOgHxRlZAdpffMnkLUw3/view?usp=drivesdk
adherents;ATUSA (REF SANS PAIEMENT);Tuyaux et raccords (réseau);Raccord laiton;Fiche technique;FT LAITON FIG. 241.pdf;FOURNISSEURS ADHERENTS/ATUSA (REF SANS PAIEMENT)/FICHES TECHNIQUES /RACCORDS LAITON;application/pdf;382801;11A32I89iSbHS5vYQTob2jzwuEbYqXxxL;https://drive.google.com/file/d/11A32I89iSbHS5vYQTob2jzwuEbYqXxxL/view?usp=drivesdk
adherents;ATUSA (REF SANS PAIEMENT);Tuyaux et raccords (réseau);Raccord laiton;Fiche technique;FT LAITON FIG. 245 CHROMÉE.pdf;FOURNISSEURS ADHERENTS/ATUSA (REF SANS PAIEMENT)/FICHES TECHNIQUES /RACCORDS LAITON;application/pdf;221260;1IniMAtBNIu2e_Mz2JTsmPjgag9KMfxvJ;https://drive.google.com/file/d/1IniMAtBNIu2e_Mz2JTsmPjgag9KMfxvJ/view?usp=drivesdk
adherents;ATUSA (REF SANS PAIEMENT);Tuyaux et raccords (réseau);Raccord laiton;Fiche technique;FT LAITON FIG. 245 NICKELÉE.pdf;FOURNISSEURS ADHERENTS/ATUSA (REF SANS PAIEMENT)/FICHES TECHNIQUES /RACCORDS LAITON;application/pdf;320997;1GRVQ82n1QF5Ee_FSzXquMUHZq-rboSeB;https://drive.google.com/file/d/1GRVQ82n1QF5Ee_FSzXquMUHZq-rboSeB/view?usp=drivesdk
adherents;ATUSA (REF SANS PAIEMENT);Tuyaux et raccords (réseau);Raccord laiton;Fiche technique;FT LAITON FIG. 245.pdf;FOURNISSEURS ADHERENTS/ATUSA (REF SANS PAIEMENT)/FICHES TECHNIQUES /RACCORDS LAITON;application/pdf;390224;1G7_az57eMi0Opn1_w7tYLi0Q9HWmOSUv;https://drive.google.com/file/d/1G7_az57eMi0Opn1_w7tYLi0Q9HWmOSUv/view?usp=drivesdk
adherents;ATUSA (REF SANS PAIEMENT);Tuyaux et raccords (réseau);Raccord laiton;Fiche technique;FT LAITON FIG. 246.pdf;FOURNISSEURS ADHERENTS/ATUSA (REF SANS PAIEMENT)/FICHES TECHNIQUES /RACCORDS LAITON;application/pdf;408656;1bQDeWiAJkhoP7SKG4pgHLO-8qAjrb3vH;https://drive.google.com/file/d/1bQDeWiAJkhoP7SKG4pgHLO-8qAjrb3vH/view?usp=drivesdk
adherents;ATUSA (REF SANS PAIEMENT);Tuyaux et raccords (réseau);Raccord laiton;Fiche technique;FT LAITON FIG. 270 CHROMÉE.pdf;FOURNISSEURS ADHERENTS/ATUSA (REF SANS PAIEMENT)/FICHES TECHNIQUES /RACCORDS LAITON;application/pdf;232582;16_USizelcx_CCtjhowC_sKiM-gdNiRsD;https://drive.google.com/file/d/16_USizelcx_CCtjhowC_sKiM-gdNiRsD/view?usp=drivesdk
adherents;ATUSA (REF SANS PAIEMENT);Tuyaux et raccords (réseau);Raccord laiton;Fiche technique;FT LAITON FIG. 270 ISO 7-1.pdf;FOURNISSEURS ADHERENTS/ATUSA (REF SANS PAIEMENT)/FICHES TECHNIQUES /RACCORDS LAITON;application/pdf;494702;179TdndtKgIl_zFvh-6vePkppgaeAxbDC;https://drive.google.com/file/d/179TdndtKgIl_zFvh-6vePkppgaeAxbDC/view?usp=drivesdk
adherents;ATUSA (REF SANS PAIEMENT);Tuyaux et raccords (réseau);Raccord laiton;Fiche technique;FT LAITON FIG. 270 NICKELÉE.pdf;FOURNISSEURS ADHERENTS/ATUSA (REF SANS PAIEMENT)/FICHES TECHNIQUES /RACCORDS LAITON;application/pdf;254214;1WLYMojnBqFOfXAbTX2Go4-9ABXS3JJmv;https://drive.google.com/file/d/1WLYMojnBqFOfXAbTX2Go4-9ABXS3JJmv/view?usp=drivesdk
adherents;ATUSA (REF SANS PAIEMENT);Tuyaux et raccords (réseau);Raccord laiton;Fiche technique;FT LAITON FIG. 270.pdf;FOURNISSEURS ADHERENTS/ATUSA (REF SANS PAIEMENT)/FICHES TECHNIQUES /RACCORDS LAITON;application/pdf;488965;1hsxENwYQMCSr0RhAtGBGXbZqO49i9eok;https://drive.google.com/file/d/1hsxENwYQMCSr0RhAtGBGXbZqO49i9eok/view?usp=drivesdk
adherents;ATUSA (REF SANS PAIEMENT);Tuyaux et raccords (réseau);Raccord laiton;Fiche technique;FT LAITON FIG. 280 CHROMÉE.pdf;FOURNISSEURS ADHERENTS/ATUSA (REF SANS PAIEMENT)/FICHES TECHNIQUES /RACCORDS LAITON;application/pdf;219433;1uj1RAc7PGS--Ev8hiyeeDdsYgXtFGgTd;https://drive.google.com/file/d/1uj1RAc7PGS--Ev8hiyeeDdsYgXtFGgTd/view?usp=drivesdk
adherents;ATUSA (REF SANS PAIEMENT);Tuyaux et raccords (réseau);Raccord laiton;Fiche technique;FT LAITON FIG. 280 ISO 7-1.pdf;FOURNISSEURS ADHERENTS/ATUSA (REF SANS PAIEMENT)/FICHES TECHNIQUES /RACCORDS LAITON;application/pdf;170136;16kfYBgpfj1UN91xzLEmzUtDUeTzOzB4z;https://drive.google.com/file/d/16kfYBgpfj1UN91xzLEmzUtDUeTzOzB4z/view?usp=drivesdk
adherents;ATUSA (REF SANS PAIEMENT);Tuyaux et raccords (réseau);Raccord laiton;Fiche technique;FT LAITON FIG. 280 NICKELÉE.pdf;FOURNISSEURS ADHERENTS/ATUSA (REF SANS PAIEMENT)/FICHES TECHNIQUES /RACCORDS LAITON;application/pdf;249516;1f39bF7psmd0y8_sZzzajj82RDQW49A0L;https://drive.google.com/file/d/1f39bF7psmd0y8_sZzzajj82RDQW49A0L/view?usp=drivesdk
adherents;ATUSA (REF SANS PAIEMENT);Tuyaux et raccords (réseau);Raccord laiton;Fiche technique;FT LAITON FIG. 280.pdf;FOURNISSEURS ADHERENTS/ATUSA (REF SANS PAIEMENT)/FICHES TECHNIQUES /RACCORDS LAITON;application/pdf;170754;1I9BIaBVmnboB7j2LwExR78RqxrUSVGaS;https://drive.google.com/file/d/1I9BIaBVmnboB7j2LwExR78RqxrUSVGaS/view?usp=drivesdk
adherents;ATUSA (REF SANS PAIEMENT);Tuyaux et raccords (réseau);Raccord laiton;Fiche technique;FT LAITON FIG. 290 CHROMÉE.pdf;FOURNISSEURS ADHERENTS/ATUSA (REF SANS PAIEMENT)/FICHES TECHNIQUES /RACCORDS LAITON;application/pdf;218050;18k_NNBfd5Zbi4HLYJzvijOGefxm8B4rH;https://drive.google.com/file/d/18k_NNBfd5Zbi4HLYJzvijOGefxm8B4rH/view?usp=drivesdk
adherents;ATUSA (REF SANS PAIEMENT);Tuyaux et raccords (réseau);Raccord laiton;Fiche technique;FT LAITON FIG. 290 NICKELÉE.pdf;FOURNISSEURS ADHERENTS/ATUSA (REF SANS PAIEMENT)/FICHES TECHNIQUES /RACCORDS LAITON;application/pdf;237266;15NZJ0Eaz4OkZ3cpcrpOe8IUX4DeoYJPi;https://drive.google.com/file/d/15NZJ0Eaz4OkZ3cpcrpOe8IUX4DeoYJPi/view?usp=drivesdk
adherents;ATUSA (REF SANS PAIEMENT);Tuyaux et raccords (réseau);Raccord laiton;Fiche technique;FT LAITON FIG. 290.pdf;FOURNISSEURS ADHERENTS/ATUSA (REF SANS PAIEMENT)/FICHES TECHNIQUES /RACCORDS LAITON;application/pdf;303285;1IOnPx1Yam3AEYyXu-vc4TiqmHPfvpjmQ;https://drive.google.com/file/d/1IOnPx1Yam3AEYyXu-vc4TiqmHPfvpjmQ/view?usp=drivesdk
adherents;ATUSA (REF SANS PAIEMENT);Tuyaux et raccords (réseau);Raccord laiton;Fiche technique;FT LAITON FIG. 300 CHROMÉE.pdf;FOURNISSEURS ADHERENTS/ATUSA (REF SANS PAIEMENT)/FICHES TECHNIQUES /RACCORDS LAITON;application/pdf;197956;1gG7FglcDA63SojDFPt9eK6SCB8ISiCA2;https://drive.google.com/file/d/1gG7FglcDA63SojDFPt9eK6SCB8ISiCA2/view?usp=drivesdk
adherents;ATUSA (REF SANS PAIEMENT);Tuyaux et raccords (réseau);Raccord laiton;Fiche technique;FT LAITON FIG. 300 NICKELÉE.pdf;FOURNISSEURS ADHERENTS/ATUSA (REF SANS PAIEMENT)/FICHES TECHNIQUES /RACCORDS LAITON;application/pdf;217981;1dPd3Xdz4r-RQaHkaKo-JFgUGX4p4fEyp;https://drive.google.com/file/d/1dPd3Xdz4r-RQaHkaKo-JFgUGX4p4fEyp/view?usp=drivesdk
adherents;ATUSA (REF SANS PAIEMENT);Tuyaux et raccords (réseau);Raccord laiton;Fiche technique;FT LAITON FIG. 300.pdf;FOURNISSEURS ADHERENTS/ATUSA (REF SANS PAIEMENT)/FICHES TECHNIQUES /RACCORDS LAITON;application/pdf;287392;1x_VHy-i9TfsQciNTS8HSWQEJmBbzjm-V;https://drive.google.com/file/d/1x_VHy-i9TfsQciNTS8HSWQEJmBbzjm-V/view?usp=drivesdk
adherents;ATUSA (REF SANS PAIEMENT);Tuyaux et raccords (réseau);Raccord laiton;Fiche technique;FT LAITON FIG. 315.pdf;FOURNISSEURS ADHERENTS/ATUSA (REF SANS PAIEMENT)/FICHES TECHNIQUES /RACCORDS LAITON;application/pdf;275673;1rr2QE_6Ai5RVWgkhtKMyXSU3aZQYNH8Z;https://drive.google.com/file/d/1rr2QE_6Ai5RVWgkhtKMyXSU3aZQYNH8Z/view?usp=drivesdk
adherents;ATUSA (REF SANS PAIEMENT);Tuyaux et raccords (réseau);Mesure;Fiche technique;FT LAITON FIG. 317 - RACCORD DE  COMPTEUR M_F.pdf;FOURNISSEURS ADHERENTS/ATUSA (REF SANS PAIEMENT)/FICHES TECHNIQUES /RACCORDS LAITON;application/pdf;253413;1Fekl0p4WxbntKpEZ64XLX0z0wIYXBGow;https://drive.google.com/file/d/1Fekl0p4WxbntKpEZ64XLX0z0wIYXBGow/view?usp=drivesdk
adherents;ATUSA (REF SANS PAIEMENT);Tuyaux et raccords (réseau);Raccord laiton;Fiche technique;FT LAITON FIG. 318.pdf;FOURNISSEURS ADHERENTS/ATUSA (REF SANS PAIEMENT)/FICHES TECHNIQUES /RACCORDS LAITON;application/pdf;345996;1yoxsN9gfuTX6G3FtLJNiYOzhFqwUEjUF;https://drive.google.com/file/d/1yoxsN9gfuTX6G3FtLJNiYOzhFqwUEjUF/view?usp=drivesdk
adherents;ATUSA (REF SANS PAIEMENT);Tuyaux et raccords (réseau);Raccord laiton;Fiche technique;FT LAITON FIG. 330.pdf;FOURNISSEURS ADHERENTS/ATUSA (REF SANS PAIEMENT)/FICHES TECHNIQUES /RACCORDS LAITON;application/pdf;336978;1K0TAj_XuXzEO5C3Vv7gEW1Z3e72FCIK9;https://drive.google.com/file/d/1K0TAj_XuXzEO5C3Vv7gEW1Z3e72FCIK9/view?usp=drivesdk
adherents;ATUSA (REF SANS PAIEMENT);Tuyaux et raccords (réseau);Raccord laiton;Fiche technique;FT LAITON FIG. 331.pdf;FOURNISSEURS ADHERENTS/ATUSA (REF SANS PAIEMENT)/FICHES TECHNIQUES /RACCORDS LAITON;application/pdf;341296;1iWiTKOEFCqZ06NA-VVYdIs9F5uizHJ6h;https://drive.google.com/file/d/1iWiTKOEFCqZ06NA-VVYdIs9F5uizHJ6h/view?usp=drivesdk
adherents;ATUSA (REF SANS PAIEMENT);Tuyaux et raccords (réseau);Raccord laiton;Fiche technique;FT LAITON FIG. 340.pdf;FOURNISSEURS ADHERENTS/ATUSA (REF SANS PAIEMENT)/FICHES TECHNIQUES /RACCORDS LAITON;application/pdf;351700;1h3ayBOvVvQu0IDMSNY_sr6IF7k7jpS_B;https://drive.google.com/file/d/1h3ayBOvVvQu0IDMSNY_sr6IF7k7jpS_B/view?usp=drivesdk
adherents;ATUSA (REF SANS PAIEMENT);Tuyaux et raccords (réseau);Raccord laiton;Fiche technique;FT LAITON FIG. 341.pdf;FOURNISSEURS ADHERENTS/ATUSA (REF SANS PAIEMENT)/FICHES TECHNIQUES /RACCORDS LAITON;application/pdf;351330;1qKguaPfsSw5cVvSuPzoCzqiR23plvvhX;https://drive.google.com/file/d/1qKguaPfsSw5cVvSuPzoCzqiR23plvvhX/view?usp=drivesdk
adherents;ATUSA (REF SANS PAIEMENT);Tuyaux et raccords (réseau);Raccord laiton;Fiche technique;FT LAITON FIG. 529 CHROMÉE.pdf;FOURNISSEURS ADHERENTS/ATUSA (REF SANS PAIEMENT)/FICHES TECHNIQUES /RACCORDS LAITON;application/pdf;227265;1EPuoDkKPB7K0fvz3hZBMpEkNUeqAy5Lz;https://drive.google.com/file/d/1EPuoDkKPB7K0fvz3hZBMpEkNUeqAy5Lz/view?usp=drivesdk
adherents;ATUSA (REF SANS PAIEMENT);Tuyaux et raccords (réseau);Raccord laiton;Fiche technique;FT LAITON FIG. 529 NICKELÉE.pdf;FOURNISSEURS ADHERENTS/ATUSA (REF SANS PAIEMENT)/FICHES TECHNIQUES /RACCORDS LAITON;application/pdf;246066;1NvCmMVL5gvEjGAcs4sTr3jJZQ6jcHva1;https://drive.google.com/file/d/1NvCmMVL5gvEjGAcs4sTr3jJZQ6jcHva1/view?usp=drivesdk
adherents;ATUSA (REF SANS PAIEMENT);Tuyaux et raccords (réseau);Raccord laiton;Fiche technique;FT LAITON FIG. 529.pdf;FOURNISSEURS ADHERENTS/ATUSA (REF SANS PAIEMENT)/FICHES TECHNIQUES /RACCORDS LAITON;application/pdf;523551;1Dktp79IrXXG6UJfvZ1qs1PBMYZ4LwFkq;https://drive.google.com/file/d/1Dktp79IrXXG6UJfvZ1qs1PBMYZ4LwFkq/view?usp=drivesdk
adherents;ATUSA (REF SANS PAIEMENT);Tuyaux et raccords (réseau);Raccord laiton;Fiche technique;FT LAITON FIG. 529H NICKELÉE.pdf;FOURNISSEURS ADHERENTS/ATUSA (REF SANS PAIEMENT)/FICHES TECHNIQUES /RACCORDS LAITON;application/pdf;250771;1nuKYAsjMBmzbl_XjG2YV2AoGEk1HRqQ1;https://drive.google.com/file/d/1nuKYAsjMBmzbl_XjG2YV2AoGEk1HRqQ1/view?usp=drivesdk
adherents;ATUSA (REF SANS PAIEMENT);Tuyaux et raccords (réseau);Raccord laiton;Fiche technique;FT LAITON FIG. 529H.pdf;FOURNISSEURS ADHERENTS/ATUSA (REF SANS PAIEMENT)/FICHES TECHNIQUES /RACCORDS LAITON;application/pdf;274553;1ta-sdpLXciUm1o3dxRronK-v82pbObdi;https://drive.google.com/file/d/1ta-sdpLXciUm1o3dxRronK-v82pbObdi/view?usp=drivesdk
adherents;ATUSA (REF SANS PAIEMENT);Tuyaux et raccords (réseau);Raccord laiton;Fiche technique;FT LAITON FIG. 529L.pdf;FOURNISSEURS ADHERENTS/ATUSA (REF SANS PAIEMENT)/FICHES TECHNIQUES /RACCORDS LAITON;application/pdf;296064;1TuWs2p3CEAD4Is8N3w_Q9JEbXV5XLunH;https://drive.google.com/file/d/1TuWs2p3CEAD4Is8N3w_Q9JEbXV5XLunH/view?usp=drivesdk
adherents;ATUSA (REF SANS PAIEMENT);Tuyaux et raccords (réseau);Raccord laiton;Fiche technique;FT LAITON FIG. 715.pdf;FOURNISSEURS ADHERENTS/ATUSA (REF SANS PAIEMENT)/FICHES TECHNIQUES /RACCORDS LAITON;application/pdf;272210;1-pNdcakg6hU6RdjAMfHUujEkw5p_pF3I;https://drive.google.com/file/d/1-pNdcakg6hU6RdjAMfHUujEkw5p_pF3I/view?usp=drivesdk
adherents;ATUSA (REF SANS PAIEMENT);Tuyaux et raccords (réseau);Raccord laiton;Fiche technique;FT LAITON FIG. 720.pdf;FOURNISSEURS ADHERENTS/ATUSA (REF SANS PAIEMENT)/FICHES TECHNIQUES /RACCORDS LAITON;application/pdf;292945;1YQjC51nopppl1pXhhIRSnAONtSgK6G-t;https://drive.google.com/file/d/1YQjC51nopppl1pXhhIRSnAONtSgK6G-t/view?usp=drivesdk
adherents;ATUSA (REF SANS PAIEMENT);Tuyaux et raccords (réseau);Raccord laiton;Fiche technique;FT LAITON FIG. 90 CHROMÉE.pdf;FOURNISSEURS ADHERENTS/ATUSA (REF SANS PAIEMENT)/FICHES TECHNIQUES /RACCORDS LAITON;application/pdf;247603;1BnxIVQ-6bmyMbmuARiQ9ZBZCHAxhCV2F;https://drive.google.com/file/d/1BnxIVQ-6bmyMbmuARiQ9ZBZCHAxhCV2F/view?usp=drivesdk
adherents;ATUSA (REF SANS PAIEMENT);Tuyaux et raccords (réseau);Raccord laiton;Fiche technique;FT LAITON FIG. 90 ISO 7-1.pdf;FOURNISSEURS ADHERENTS/ATUSA (REF SANS PAIEMENT)/FICHES TECHNIQUES /RACCORDS LAITON;application/pdf;330247;1hZHy2eV2syH3FvknknlJQVFysLRnZgPn;https://drive.google.com/file/d/1hZHy2eV2syH3FvknknlJQVFysLRnZgPn/view?usp=drivesdk
adherents;ATUSA (REF SANS PAIEMENT);Tuyaux et raccords (réseau);Raccord laiton;Fiche technique;FT LAITON FIG. 90 NICKELÉE.pdf;FOURNISSEURS ADHERENTS/ATUSA (REF SANS PAIEMENT)/FICHES TECHNIQUES /RACCORDS LAITON;application/pdf;270994;1VKqvlGsx81pe1V7leDuJRTf_5QI9VkAm;https://drive.google.com/file/d/1VKqvlGsx81pe1V7leDuJRTf_5QI9VkAm/view?usp=drivesdk
adherents;ATUSA (REF SANS PAIEMENT);Tuyaux et raccords (réseau);Raccord laiton;Fiche technique;FT LAITON FIG. 90.pdf;FOURNISSEURS ADHERENTS/ATUSA (REF SANS PAIEMENT)/FICHES TECHNIQUES /RACCORDS LAITON;application/pdf;329130;1HkRCFIJudmHwuY24Yu4zvyCdTuhQ5iF2;https://drive.google.com/file/d/1HkRCFIJudmHwuY24Yu4zvyCdTuhQ5iF2/view?usp=drivesdk
adherents;ATUSA (REF SANS PAIEMENT);Tuyaux et raccords (réseau);Raccord laiton;Fiche technique;FT LAITON FIG. 90R.pdf;FOURNISSEURS ADHERENTS/ATUSA (REF SANS PAIEMENT)/FICHES TECHNIQUES /RACCORDS LAITON;application/pdf;391945;1dGpUaFDby_jipXoaLmUE8c32w-MskhAi;https://drive.google.com/file/d/1dGpUaFDby_jipXoaLmUE8c32w-MskhAi/view?usp=drivesdk
adherents;ATUSA (REF SANS PAIEMENT);Tuyaux et raccords (réseau);Raccord laiton;Fiche technique;FT LAITON FIG. 92 CHROMÉE.pdf;FOURNISSEURS ADHERENTS/ATUSA (REF SANS PAIEMENT)/FICHES TECHNIQUES /RACCORDS LAITON;application/pdf;240476;1DjQ0RSWZve0Bh48EkDQ8ihADqwTbtD1m;https://drive.google.com/file/d/1DjQ0RSWZve0Bh48EkDQ8ihADqwTbtD1m/view?usp=drivesdk
adherents;ATUSA (REF SANS PAIEMENT);Tuyaux et raccords (réseau);Raccord laiton;Fiche technique;FT LAITON FIG. 92 ISO 7-1.pdf;FOURNISSEURS ADHERENTS/ATUSA (REF SANS PAIEMENT)/FICHES TECHNIQUES /RACCORDS LAITON;application/pdf;564515;14LpaORxZ1M9p6aofBDzj89ZwdV4UyOYz;https://drive.google.com/file/d/14LpaORxZ1M9p6aofBDzj89ZwdV4UyOYz/view?usp=drivesdk
adherents;ATUSA (REF SANS PAIEMENT);Tuyaux et raccords (réseau);Raccord laiton;Fiche technique;FT LAITON FIG. 92 NICKELÉE.pdf;FOURNISSEURS ADHERENTS/ATUSA (REF SANS PAIEMENT)/FICHES TECHNIQUES /RACCORDS LAITON;application/pdf;258796;1bkbi3QJzrI61v1tENjKD6zg-To4oyT9H;https://drive.google.com/file/d/1bkbi3QJzrI61v1tENjKD6zg-To4oyT9H/view?usp=drivesdk
adherents;ATUSA (REF SANS PAIEMENT);Tuyaux et raccords (réseau);Raccord laiton;Fiche technique;FT LAITON FIG. 92.pdf;FOURNISSEURS ADHERENTS/ATUSA (REF SANS PAIEMENT)/FICHES TECHNIQUES /RACCORDS LAITON;application/pdf;565777;17cuWEvvqxjqRCeY7iukQRc4dO-RkRaKl;https://drive.google.com/file/d/17cuWEvvqxjqRCeY7iukQRc4dO-RkRaKl/view?usp=drivesdk
adherents;ATUSA (REF SANS PAIEMENT);Tuyaux et raccords (réseau);Raccord laiton;Fiche technique;FT LAITON GORBEA COUDE APPLIQUE.pdf;FOURNISSEURS ADHERENTS/ATUSA (REF SANS PAIEMENT)/FICHES TECHNIQUES /RACCORDS LAITON;application/pdf;225037;1l6gBmpJxumV4dnXd1MSXAg78W_DRLBQu;https://drive.google.com/file/d/1l6gBmpJxumV4dnXd1MSXAg78W_DRLBQu/view?usp=drivesdk
adherents;ATUSA (REF SANS PAIEMENT);Tuyaux et raccords (réseau);Raccord laiton;Fiche technique;FT LAITON GORBEA COUDE DOUBLE.pdf;FOURNISSEURS ADHERENTS/ATUSA (REF SANS PAIEMENT)/FICHES TECHNIQUES /RACCORDS LAITON;application/pdf;355751;1zC5o0TyaCGBDazUFc55lWVZwTCYfksKh;https://drive.google.com/file/d/1zC5o0TyaCGBDazUFc55lWVZwTCYfksKh/view?usp=drivesdk
adherents;ATUSA (REF SANS PAIEMENT);Tuyaux et raccords (réseau);Raccord laiton;Fiche technique;FT LAITON GORBEA COUDE FEMELLE.pdf;FOURNISSEURS ADHERENTS/ATUSA (REF SANS PAIEMENT)/FICHES TECHNIQUES /RACCORDS LAITON;application/pdf;355663;1j10nSNOPjkv5g9Geylqk5gQu4TipRcma;https://drive.google.com/file/d/1j10nSNOPjkv5g9Geylqk5gQu4TipRcma/view?usp=drivesdk
adherents;ATUSA (REF SANS PAIEMENT);Tuyaux et raccords (réseau);Raccord laiton;Fiche technique;FT LAITON GORBEA COUDE MÂLE 45.pdf;FOURNISSEURS ADHERENTS/ATUSA (REF SANS PAIEMENT)/FICHES TECHNIQUES /RACCORDS LAITON;application/pdf;341584;1baqraPaFI-6_aKRJJzDrGqIcfoVqcEYo;https://drive.google.com/file/d/1baqraPaFI-6_aKRJJzDrGqIcfoVqcEYo/view?usp=drivesdk
adherents;ATUSA (REF SANS PAIEMENT);Tuyaux et raccords (réseau);Raccord laiton;Fiche technique;FT LAITON GORBEA COUDE MÂLE.pdf;FOURNISSEURS ADHERENTS/ATUSA (REF SANS PAIEMENT)/FICHES TECHNIQUES /RACCORDS LAITON;application/pdf;371030;1UagoU8AjOgVvW3ps45uHP9wenEngqWkp;https://drive.google.com/file/d/1UagoU8AjOgVvW3ps45uHP9wenEngqWkp/view?usp=drivesdk
adherents;ATUSA (REF SANS PAIEMENT);Tuyaux et raccords (réseau);Raccord laiton;Fiche technique;FT LAITON GORBEA DROIT DOUBLE.pdf;FOURNISSEURS ADHERENTS/ATUSA (REF SANS PAIEMENT)/FICHES TECHNIQUES /RACCORDS LAITON;application/pdf;366098;1GSTWGGjsttFMPbE8ZulRRUtIZjXnjVtV;https://drive.google.com/file/d/1GSTWGGjsttFMPbE8ZulRRUtIZjXnjVtV/view?usp=drivesdk
adherents;ATUSA (REF SANS PAIEMENT);Tuyaux et raccords (réseau);Raccord laiton;Fiche technique;FT LAITON GORBEA DROIT FEMELLE.pdf;FOURNISSEURS ADHERENTS/ATUSA (REF SANS PAIEMENT)/FICHES TECHNIQUES /RACCORDS LAITON;application/pdf;471212;14g1no4ewRsTEdrRqhDXMYC_VjYXctQm5;https://drive.google.com/file/d/14g1no4ewRsTEdrRqhDXMYC_VjYXctQm5/view?usp=drivesdk
adherents;ATUSA (REF SANS PAIEMENT);Tuyaux et raccords (réseau);Raccord laiton;Fiche technique;FT LAITON GORBEA DROIT MÂLE.pdf;FOURNISSEURS ADHERENTS/ATUSA (REF SANS PAIEMENT)/FICHES TECHNIQUES /RACCORDS LAITON;application/pdf;542674;1EGvrt-6e2WrHRtdR2Iv6b0JVHLaiLMrI;https://drive.google.com/file/d/1EGvrt-6e2WrHRtdR2Iv6b0JVHLaiLMrI/view?usp=drivesdk
adherents;ATUSA (REF SANS PAIEMENT);Tuyaux et raccords (réseau);Raccord laiton;Fiche technique;FT LAITON GORBEA MANCHON.pdf;FOURNISSEURS ADHERENTS/ATUSA (REF SANS PAIEMENT)/FICHES TECHNIQUES /RACCORDS LAITON;application/pdf;262229;1FPOJT5N2M21jnlW6gVD719G5R1x7J4Jz;https://drive.google.com/file/d/1FPOJT5N2M21jnlW6gVD719G5R1x7J4Jz/view?usp=drivesdk
adherents;ATUSA (REF SANS PAIEMENT);Tuyaux et raccords (réseau);Raccord laiton;Fiche technique;FT LAITON GORBEA TÉ DOUBLE.pdf;FOURNISSEURS ADHERENTS/ATUSA (REF SANS PAIEMENT)/FICHES TECHNIQUES /RACCORDS LAITON;application/pdf;351436;1AbalAxjl5xa2HnBePHPbLkrt8ZbpML-i;https://drive.google.com/file/d/1AbalAxjl5xa2HnBePHPbLkrt8ZbpML-i/view?usp=drivesdk
adherents;ATUSA (REF SANS PAIEMENT);Tuyaux et raccords (réseau);Raccord laiton;Fiche technique;FT LAITON GORBEA TÉ FEMELLE.pdf;FOURNISSEURS ADHERENTS/ATUSA (REF SANS PAIEMENT)/FICHES TECHNIQUES /RACCORDS LAITON;application/pdf;392906;1awqPOBJ-6g_BQbeTI9-uGz4YDtzeuZV8;https://drive.google.com/file/d/1awqPOBJ-6g_BQbeTI9-uGz4YDtzeuZV8/view?usp=drivesdk
adherents;ATUSA (REF SANS PAIEMENT);Tuyaux et raccords (réseau);Raccord laiton;Fiche technique;FT LAITON MULTICOUCHE BOUCHON.pdf;FOURNISSEURS ADHERENTS/ATUSA (REF SANS PAIEMENT)/FICHES TECHNIQUES /RACCORDS LAITON;application/pdf;199178;1RMu2FAKXeigmZ8RdMLwHV-rP254CGBiF;https://drive.google.com/file/d/1RMu2FAKXeigmZ8RdMLwHV-rP254CGBiF/view?usp=drivesdk
adherents;ATUSA (REF SANS PAIEMENT);Tuyaux et raccords (réseau);Raccord laiton;Fiche technique;FT LAITON MULTICOUCHE COUDE APPLIQUE.pdf;FOURNISSEURS ADHERENTS/ATUSA (REF SANS PAIEMENT)/FICHES TECHNIQUES /RACCORDS LAITON;application/pdf;266359;15DJRiTlowjj-HK57PR_Lam4Ug6b6MlDi;https://drive.google.com/file/d/15DJRiTlowjj-HK57PR_Lam4Ug6b6MlDi/view?usp=drivesdk
adherents;ATUSA (REF SANS PAIEMENT);Tuyaux et raccords (réseau);Raccord laiton;Fiche technique;FT LAITON MULTICOUCHE COUDE DOUBLE.pdf;FOURNISSEURS ADHERENTS/ATUSA (REF SANS PAIEMENT)/FICHES TECHNIQUES /RACCORDS LAITON;application/pdf;229602;13nFJULq_UYwxazafpB0G0jp752hWCGpn;https://drive.google.com/file/d/13nFJULq_UYwxazafpB0G0jp752hWCGpn/view?usp=drivesdk
adherents;ATUSA (REF SANS PAIEMENT);Tuyaux et raccords (réseau);Raccord laiton;Fiche technique;FT LAITON MULTICOUCHE COUDE FEMELLE.pdf;FOURNISSEURS ADHERENTS/ATUSA (REF SANS PAIEMENT)/FICHES TECHNIQUES /RACCORDS LAITON;application/pdf;264801;1VebmTz03GkqzfPuHmEnyzkS7hf5H2Wwr;https://drive.google.com/file/d/1VebmTz03GkqzfPuHmEnyzkS7hf5H2Wwr/view?usp=drivesdk
adherents;ATUSA (REF SANS PAIEMENT);Tuyaux et raccords (réseau);Raccord laiton;Fiche technique;FT LAITON MULTICOUCHE COUDE MÂLE.pdf;FOURNISSEURS ADHERENTS/ATUSA (REF SANS PAIEMENT)/FICHES TECHNIQUES /RACCORDS LAITON;application/pdf;245363;1lxS8r6yjRbK4jclupNnTA19liUyBNw4g;https://drive.google.com/file/d/1lxS8r6yjRbK4jclupNnTA19liUyBNw4g/view?usp=drivesdk
adherents;ATUSA (REF SANS PAIEMENT);Tuyaux et raccords (réseau);Raccord laiton;Fiche technique;FT LAITON MULTICOUCHE DROIT DOUBLE.pdf;FOURNISSEURS ADHERENTS/ATUSA (REF SANS PAIEMENT)/FICHES TECHNIQUES /RACCORDS LAITON;application/pdf;216889;1MTLYQz2fiF50tke_iDfseAPcqm30l4Vk;https://drive.google.com/file/d/1MTLYQz2fiF50tke_iDfseAPcqm30l4Vk/view?usp=drivesdk
adherents;ATUSA (REF SANS PAIEMENT);Tuyaux et raccords (réseau);Raccord laiton;Fiche technique;FT LAITON MULTICOUCHE DROIT FEMELLE.pdf;FOURNISSEURS ADHERENTS/ATUSA (REF SANS PAIEMENT)/FICHES TECHNIQUES /RACCORDS LAITON;application/pdf;236354;1FIBKQhNFCvvWXFWIMtRtn4VrpPH63dvK;https://drive.google.com/file/d/1FIBKQhNFCvvWXFWIMtRtn4VrpPH63dvK/view?usp=drivesdk
adherents;ATUSA (REF SANS PAIEMENT);Tuyaux et raccords (réseau);Raccord laiton;Fiche technique;FT LAITON MULTICOUCHE DROIT MÂLE.pdf;FOURNISSEURS ADHERENTS/ATUSA (REF SANS PAIEMENT)/FICHES TECHNIQUES /RACCORDS LAITON;application/pdf;229101;1I90-8cSzBFPKeRbrOMs62_duTX9vEUm9;https://drive.google.com/file/d/1I90-8cSzBFPKeRbrOMs62_duTX9vEUm9/view?usp=drivesdk
adherents;ATUSA (REF SANS PAIEMENT);Tuyaux et raccords (réseau);Raccord laiton;Fiche technique;FT LAITON MULTICOUCHE TÉ DOUBLE.pdf;FOURNISSEURS ADHERENTS/ATUSA (REF SANS PAIEMENT)/FICHES TECHNIQUES /RACCORDS LAITON;application/pdf;254473;1BARezisIJwnA4d53qRLfLGKvgB4FNhYq;https://drive.google.com/file/d/1BARezisIJwnA4d53qRLfLGKvgB4FNhYq/view?usp=drivesdk
adherents;ATUSA (REF SANS PAIEMENT);Tuyaux et raccords (réseau);Raccord laiton;Fiche technique;FT LAITON MULTICOUCHE TÉ FEMELLE.pdf;FOURNISSEURS ADHERENTS/ATUSA (REF SANS PAIEMENT)/FICHES TECHNIQUES /RACCORDS LAITON;application/pdf;245958;125VolKcG_B3WAm5OkgUgtWPdBc_O1rhO;https://drive.google.com/file/d/125VolKcG_B3WAm5OkgUgtWPdBc_O1rhO/view?usp=drivesdk
adherents;ATUSA (REF SANS PAIEMENT);Tuyaux et raccords (réseau);Raccord laiton;Fiche technique;FT LAITON MULTICOUCHE TÉ MÂLE.pdf;FOURNISSEURS ADHERENTS/ATUSA (REF SANS PAIEMENT)/FICHES TECHNIQUES /RACCORDS LAITON;application/pdf;240529;1QLNRi7Zs15uuNTasGmxZ1zQKLgcUgJQn;https://drive.google.com/file/d/1QLNRi7Zs15uuNTasGmxZ1zQKLgcUgJQn/view?usp=drivesdk
adherents;ATUSA (REF SANS PAIEMENT);Tuyaux et raccords (réseau);Raccord laiton;Fiche technique;FT LAITON PER ANGLE 100.pdf;FOURNISSEURS ADHERENTS/ATUSA (REF SANS PAIEMENT)/FICHES TECHNIQUES /RACCORDS LAITON;application/pdf;420336;170gyr2fedDAfdMUHvp1udq4C_U9JVmWi;https://drive.google.com/file/d/170gyr2fedDAfdMUHvp1udq4C_U9JVmWi/view?usp=drivesdk
adherents;ATUSA (REF SANS PAIEMENT);Tuyaux et raccords (réseau);Raccord laiton;Fiche technique;FT LAITON PER ANGLE 105.pdf;FOURNISSEURS ADHERENTS/ATUSA (REF SANS PAIEMENT)/FICHES TECHNIQUES /RACCORDS LAITON;application/pdf;412761;1vb9rwlP8zQ2yAbZug1ybOaazsJtNXiC9;https://drive.google.com/file/d/1vb9rwlP8zQ2yAbZug1ybOaazsJtNXiC9/view?usp=drivesdk
adherents;ATUSA (REF SANS PAIEMENT);Tuyaux et raccords (réseau);Raccord laiton;Fiche technique;FT LAITON PER COUDE APPLIQUE.pdf;FOURNISSEURS ADHERENTS/ATUSA (REF SANS PAIEMENT)/FICHES TECHNIQUES /RACCORDS LAITON;application/pdf;557395;1DfZS-9t-FMoF5GZZTiyj2UmAF-lYDEsj;https://drive.google.com/file/d/1DfZS-9t-FMoF5GZZTiyj2UmAF-lYDEsj/view?usp=drivesdk
adherents;ATUSA (REF SANS PAIEMENT);Tuyaux et raccords (réseau);Raccord laiton;Fiche technique;FT LAITON PER COUDE DOUBLE.pdf;FOURNISSEURS ADHERENTS/ATUSA (REF SANS PAIEMENT)/FICHES TECHNIQUES /RACCORDS LAITON;application/pdf;493217;1WYF0AtwYcXcX35zPU5x_tlZTkbtEbC47;https://drive.google.com/file/d/1WYF0AtwYcXcX35zPU5x_tlZTkbtEbC47/view?usp=drivesdk
adherents;ATUSA (REF SANS PAIEMENT);Tuyaux et raccords (réseau);Raccord laiton;Fiche technique;FT LAITON PER COUDE FEMELLE.pdf;FOURNISSEURS ADHERENTS/ATUSA (REF SANS PAIEMENT)/FICHES TECHNIQUES /RACCORDS LAITON;application/pdf;614054;1gR8kwOnyvZd5su1_v2MR-SHwXPmBl_xk;https://drive.google.com/file/d/1gR8kwOnyvZd5su1_v2MR-SHwXPmBl_xk/view?usp=drivesdk
adherents;ATUSA (REF SANS PAIEMENT);Tuyaux et raccords (réseau);Raccord laiton;Fiche technique;FT LAITON PER COUDE MÂLE.pdf;FOURNISSEURS ADHERENTS/ATUSA (REF SANS PAIEMENT)/FICHES TECHNIQUES /RACCORDS LAITON;application/pdf;351899;1Ulg3YENFq0QEol1utqG-RlKGZ0h91R03;https://drive.google.com/file/d/1Ulg3YENFq0QEol1utqG-RlKGZ0h91R03/view?usp=drivesdk
adherents;ATUSA (REF SANS PAIEMENT);Tuyaux et raccords (réseau);Raccord laiton;Fiche technique;FT LAITON PER DROIT DOUBLE.pdf;FOURNISSEURS ADHERENTS/ATUSA (REF SANS PAIEMENT)/FICHES TECHNIQUES /RACCORDS LAITON;application/pdf;574877;1_d3r4YE2ywFN3V2eSitpkLNBxnxiAKan;https://drive.google.com/file/d/1_d3r4YE2ywFN3V2eSitpkLNBxnxiAKan/view?usp=drivesdk
adherents;ATUSA (REF SANS PAIEMENT);Tuyaux et raccords (réseau);Raccord laiton;Fiche technique;FT LAITON PER DROIT FEMELLE.pdf;FOURNISSEURS ADHERENTS/ATUSA (REF SANS PAIEMENT)/FICHES TECHNIQUES /RACCORDS LAITON;application/pdf;403650;1v5Un2lNn6FMm3rJpeNMMHsK8chQyDNvH;https://drive.google.com/file/d/1v5Un2lNn6FMm3rJpeNMMHsK8chQyDNvH/view?usp=drivesdk
adherents;ATUSA (REF SANS PAIEMENT);Tuyaux et raccords (réseau);Raccord laiton;Fiche technique;FT LAITON PER DROIT MÂLE.pdf;FOURNISSEURS ADHERENTS/ATUSA (REF SANS PAIEMENT)/FICHES TECHNIQUES /RACCORDS LAITON;application/pdf;511619;1YLzT-v4FHq-EeGC6InQ1sPgBrgsUk16H;https://drive.google.com/file/d/1YLzT-v4FHq-EeGC6InQ1sPgBrgsUk16H/view?usp=drivesdk
adherents;ATUSA (REF SANS PAIEMENT);Tuyaux et raccords (réseau);Raccord laiton;Fiche technique;FT LAITON PER TÉ DOUBLE.pdf;FOURNISSEURS ADHERENTS/ATUSA (REF SANS PAIEMENT)/FICHES TECHNIQUES /RACCORDS LAITON;application/pdf;345247;1_F0qrwyZocPNUIe1QVksTZice8rGjvIi;https://drive.google.com/file/d/1_F0qrwyZocPNUIe1QVksTZice8rGjvIi/view?usp=drivesdk
adherents;ATUSA (REF SANS PAIEMENT);Tuyaux et raccords (réseau);Raccord laiton;Fiche technique;FT LAITON PER TÉ FEMELLE.pdf;FOURNISSEURS ADHERENTS/ATUSA (REF SANS PAIEMENT)/FICHES TECHNIQUES /RACCORDS LAITON;application/pdf;369330;1pvyygiXzzFyEwTCwMx3aEptATxaH1410;https://drive.google.com/file/d/1pvyygiXzzFyEwTCwMx3aEptATxaH1410/view?usp=drivesdk
adherents;ATUSA (REF SANS PAIEMENT);Tuyaux et raccords (réseau);Raccord laiton;Fiche technique;FT LAITON PER TÉ MÂLE.pdf;FOURNISSEURS ADHERENTS/ATUSA (REF SANS PAIEMENT)/FICHES TECHNIQUES /RACCORDS LAITON;application/pdf;490702;1DZOFygP5xzicVg9Wox74y242BMfCVnLc;https://drive.google.com/file/d/1DZOFygP5xzicVg9Wox74y242BMfCVnLc/view?usp=drivesdk
adherents;ATUSA (REF SANS PAIEMENT);Tuyaux et raccords (réseau);Raccord laiton;Fiche technique;FT LAITON RONCAL APPLIQUE MURALE FEMELLE.pdf;FOURNISSEURS ADHERENTS/ATUSA (REF SANS PAIEMENT)/FICHES TECHNIQUES /RACCORDS LAITON;application/pdf;229284;1fRPy4XfdO4vgGPV4zbKE6P8d0wzytAOL;https://drive.google.com/file/d/1fRPy4XfdO4vgGPV4zbKE6P8d0wzytAOL/view?usp=drivesdk
adherents;ATUSA (REF SANS PAIEMENT);Tuyaux et raccords (réseau);Raccord laiton;Fiche technique;FT LAITON RONCAL COUDE DOUBLE.pdf;FOURNISSEURS ADHERENTS/ATUSA (REF SANS PAIEMENT)/FICHES TECHNIQUES /RACCORDS LAITON;application/pdf;289529;1fhlFJbIxn9xH_EjGeoiVrRI7wLzjWP-B;https://drive.google.com/file/d/1fhlFJbIxn9xH_EjGeoiVrRI7wLzjWP-B/view?usp=drivesdk
adherents;ATUSA (REF SANS PAIEMENT);Tuyaux et raccords (réseau);Raccord laiton;Fiche technique;FT LAITON RONCAL COUDE FEMELLE.pdf;FOURNISSEURS ADHERENTS/ATUSA (REF SANS PAIEMENT)/FICHES TECHNIQUES /RACCORDS LAITON;application/pdf;282611;1qNqpCUKayFz7R7IyPYcUFvrvjfcPwwtz;https://drive.google.com/file/d/1qNqpCUKayFz7R7IyPYcUFvrvjfcPwwtz/view?usp=drivesdk
adherents;ATUSA (REF SANS PAIEMENT);Tuyaux et raccords (réseau);Raccord laiton;Fiche technique;FT LAITON RONCAL COUDE MÂLE.pdf;FOURNISSEURS ADHERENTS/ATUSA (REF SANS PAIEMENT)/FICHES TECHNIQUES /RACCORDS LAITON;application/pdf;280057;1Ioy77RmY0oqeSLAaNKBJRGkw6wvMQe-I;https://drive.google.com/file/d/1Ioy77RmY0oqeSLAaNKBJRGkw6wvMQe-I/view?usp=drivesdk
adherents;ATUSA (REF SANS PAIEMENT);Tuyaux et raccords (réseau);Raccord laiton;Fiche technique;FT LAITON RONCAL MANCHON DOUBLE.pdf;FOURNISSEURS ADHERENTS/ATUSA (REF SANS PAIEMENT)/FICHES TECHNIQUES /RACCORDS LAITON;application/pdf;276767;1mM8PJ0PV_FU8e5Ue9lzHf9S4DklaPLNh;https://drive.google.com/file/d/1mM8PJ0PV_FU8e5Ue9lzHf9S4DklaPLNh/view?usp=drivesdk
adherents;ATUSA (REF SANS PAIEMENT);Tuyaux et raccords (réseau);Raccord laiton;Fiche technique;FT LAITON RONCAL MANCHON FEMELLE.pdf;FOURNISSEURS ADHERENTS/ATUSA (REF SANS PAIEMENT)/FICHES TECHNIQUES /RACCORDS LAITON;application/pdf;269773;1J0_-AZbtLLmEc79RRksFFoGmQ3SK_gLI;https://drive.google.com/file/d/1J0_-AZbtLLmEc79RRksFFoGmQ3SK_gLI/view?usp=drivesdk
adherents;ATUSA (REF SANS PAIEMENT);Tuyaux et raccords (réseau);Raccord laiton;Fiche technique;FT LAITON RONCAL MANCHON.pdf;FOURNISSEURS ADHERENTS/ATUSA (REF SANS PAIEMENT)/FICHES TECHNIQUES /RACCORDS LAITON;application/pdf;211173;1XqNwz1BDbXHAdP0HZsbkjGEo292ZUC_9;https://drive.google.com/file/d/1XqNwz1BDbXHAdP0HZsbkjGEo292ZUC_9/view?usp=drivesdk
adherents;ATUSA (REF SANS PAIEMENT);Tuyaux et raccords (réseau);Raccord laiton;Fiche technique;FT LAITON RONCAL RACCORD MÂLE.pdf;FOURNISSEURS ADHERENTS/ATUSA (REF SANS PAIEMENT)/FICHES TECHNIQUES /RACCORDS LAITON;application/pdf;258099;1SxmeOUcSspn75WN0IYx-W-Qo4Ny6e3GB;https://drive.google.com/file/d/1SxmeOUcSspn75WN0IYx-W-Qo4Ny6e3GB/view?usp=drivesdk
adherents;ATUSA (REF SANS PAIEMENT);Tuyaux et raccords (réseau);Raccord laiton;Fiche technique;FT LAITON RONCAL TÉ FEMELLE.pdf;FOURNISSEURS ADHERENTS/ATUSA (REF SANS PAIEMENT)/FICHES TECHNIQUES /RACCORDS LAITON;application/pdf;269926;1FGlCQiXpY5JwHjd9fztEdVg_iDMr4YpW;https://drive.google.com/file/d/1FGlCQiXpY5JwHjd9fztEdVg_iDMr4YpW/view?usp=drivesdk
adherents;ATUSA (REF SANS PAIEMENT);Tuyaux et raccords (réseau);Raccord laiton;Fiche technique;FT LAITON RONCAL TÉ.pdf;FOURNISSEURS ADHERENTS/ATUSA (REF SANS PAIEMENT)/FICHES TECHNIQUES /RACCORDS LAITON;application/pdf;284135;1ak76elZ851SrWduO_94GjJ8Bf5mqxQiB;https://drive.google.com/file/d/1ak76elZ851SrWduO_94GjJ8Bf5mqxQiB/view?usp=drivesdk
adherents;ATUSA (REF SANS PAIEMENT);Tuyaux et raccords (réseau);Raccord laiton;Fiche technique;FT LAITON SORTIE DE CLOISON.pdf;FOURNISSEURS ADHERENTS/ATUSA (REF SANS PAIEMENT)/FICHES TECHNIQUES /RACCORDS LAITON;application/pdf;276894;1IA00SxFhqF7_YIWIpcgP92Ylot2dxXod;https://drive.google.com/file/d/1IA00SxFhqF7_YIWIpcgP92Ylot2dxXod/view?usp=drivesdk
adherents;ATUSA (REF SANS PAIEMENT);Tuyaux et raccords (réseau);Raccord laiton;Fiche technique;FT RALLONGE LAITON.pdf;FOURNISSEURS ADHERENTS/ATUSA (REF SANS PAIEMENT)/FICHES TECHNIQUES /RACCORDS LAITON;application/pdf;288469;1nyWaEP4HR_b5yZ46P26oeTaqr1oeuTpl;https://drive.google.com/file/d/1nyWaEP4HR_b5yZ46P26oeTaqr1oeuTpl/view?usp=drivesdk
adherents;ATUSA (REF SANS PAIEMENT);Tuyaux et raccords (réseau);Raccord laiton;Fiche technique;FT ADAPTATEUR PE  LAITON FEMELLE.pdf;FOURNISSEURS ADHERENTS/ATUSA (REF SANS PAIEMENT)/FICHES TECHNIQUES /RACCORDS POLYETHYLENE;application/pdf;613904;1ZDs60AvWpmm4_gn5BtJK-lO31QJTBm4W;https://drive.google.com/file/d/1ZDs60AvWpmm4_gn5BtJK-lO31QJTBm4W/view?usp=drivesdk
adherents;ATUSA (REF SANS PAIEMENT);Tuyaux et raccords (réseau);Raccord laiton;Fiche technique;FT ADAPTATEUR PE  LAITON MÂLE.pdf;FOURNISSEURS ADHERENTS/ATUSA (REF SANS PAIEMENT)/FICHES TECHNIQUES /RACCORDS POLYETHYLENE;application/pdf;618161;1OcyDwuupJl4RSYvL6wcpcdmtRYXaLU-3;https://drive.google.com/file/d/1OcyDwuupJl4RSYvL6wcpcdmtRYXaLU-3/view?usp=drivesdk
adherents;ATUSA (REF SANS PAIEMENT);Fixation / consommables;Consommable;Fiche technique;FT COLLET SDR 17.pdf;FOURNISSEURS ADHERENTS/ATUSA (REF SANS PAIEMENT)/FICHES TECHNIQUES /RACCORDS POLYETHYLENE;application/pdf;656924;1545TxLNc-LqAeC4O5cE7P_cofK15Ols2;https://drive.google.com/file/d/1545TxLNc-LqAeC4O5cE7P_cofK15Ols2/view?usp=drivesdk
adherents;ATUSA (REF SANS PAIEMENT);Fixation / consommables;Consommable;Fiche technique;FT COLLET SDR11.pdf;FOURNISSEURS ADHERENTS/ATUSA (REF SANS PAIEMENT)/FICHES TECHNIQUES /RACCORDS POLYETHYLENE;application/pdf;656095;10s67UPb8L0rp7Rscqs5anN_mcUHR6C77;https://drive.google.com/file/d/10s67UPb8L0rp7Rscqs5anN_mcUHR6C77/view?usp=drivesdk
adherents;ATUSA (REF SANS PAIEMENT);Tuyaux et raccords (réseau);Vanne;Fiche technique;FT ELECTROSOUDABLE VANNE PE.pdf;FOURNISSEURS ADHERENTS/ATUSA (REF SANS PAIEMENT)/FICHES TECHNIQUES /RACCORDS POLYETHYLENE;application/pdf;617511;1K2Sbr_d7KsMvf87Q3oafT_7t3V2MPiXp;https://drive.google.com/file/d/1K2Sbr_d7KsMvf87Q3oafT_7t3V2MPiXp/view?usp=drivesdk
adherents;ATUSA (REF SANS PAIEMENT);Tuyaux et raccords (réseau);Raccord électrosoudable / bout à bout;Fiche technique;FT SOUDAGE BOUT À BOUT BOUCHON.pdf;FOURNISSEURS ADHERENTS/ATUSA (REF SANS PAIEMENT)/FICHES TECHNIQUES /RACCORDS POLYETHYLENE;application/pdf;566625;1jqzLi2QayO43qQwfThVgrK79LR1yzONf;https://drive.google.com/file/d/1jqzLi2QayO43qQwfThVgrK79LR1yzONf/view?usp=drivesdk
adherents;ATUSA (REF SANS PAIEMENT);Tuyaux et raccords (réseau);Raccord électrosoudable / bout à bout;Fiche technique;FT SOUDAGE BOUT À BOUT COUDE 45 SDR 17.pdf;FOURNISSEURS ADHERENTS/ATUSA (REF SANS PAIEMENT)/FICHES TECHNIQUES /RACCORDS POLYETHYLENE;application/pdf;591096;1nStxp3B13wss2Gda6Udt2RlzZ8cI_c7l;https://drive.google.com/file/d/1nStxp3B13wss2Gda6Udt2RlzZ8cI_c7l/view?usp=drivesdk
adherents;ATUSA (REF SANS PAIEMENT);Tuyaux et raccords (réseau);Raccord électrosoudable / bout à bout;Fiche technique;FT SOUDAGE BOUT À BOUT COUDE 45.pdf;FOURNISSEURS ADHERENTS/ATUSA (REF SANS PAIEMENT)/FICHES TECHNIQUES /RACCORDS POLYETHYLENE;application/pdf;599864;19QvsCy88EyEQm83YpkFsLDHnaVW6D2Me;https://drive.google.com/file/d/19QvsCy88EyEQm83YpkFsLDHnaVW6D2Me/view?usp=drivesdk
adherents;ATUSA (REF SANS PAIEMENT);Tuyaux et raccords (réseau);Raccord électrosoudable / bout à bout;Fiche technique;FT SOUDAGE BOUT À BOUT COUDE 90 SDR 17.pdf;FOURNISSEURS ADHERENTS/ATUSA (REF SANS PAIEMENT)/FICHES TECHNIQUES /RACCORDS POLYETHYLENE;application/pdf;595301;1XpVtL37dvq9FmslMtxginqohFc7omf4e;https://drive.google.com/file/d/1XpVtL37dvq9FmslMtxginqohFc7omf4e/view?usp=drivesdk
adherents;ATUSA (REF SANS PAIEMENT);Tuyaux et raccords (réseau);Raccord électrosoudable / bout à bout;Fiche technique;FT SOUDAGE BOUT À BOUT COUDE 90.pdf;FOURNISSEURS ADHERENTS/ATUSA (REF SANS PAIEMENT)/FICHES TECHNIQUES /RACCORDS POLYETHYLENE;application/pdf;604726;1NjYRwj8e2c6tM3kxqmztgKjGPEF_cbQv;https://drive.google.com/file/d/1NjYRwj8e2c6tM3kxqmztgKjGPEF_cbQv/view?usp=drivesdk
adherents;ATUSA (REF SANS PAIEMENT);Tuyaux et raccords (réseau);Raccord électrosoudable / bout à bout;Fiche technique;FT SOUDAGE BOUT À BOUT RÉDUCTION.pdf;FOURNISSEURS ADHERENTS/ATUSA (REF SANS PAIEMENT)/FICHES TECHNIQUES /RACCORDS POLYETHYLENE;application/pdf;611185;1iO4dl1t5pCiY009uh8rPBk-b2UxTKflv;https://drive.google.com/file/d/1iO4dl1t5pCiY009uh8rPBk-b2UxTKflv/view?usp=drivesdk
adherents;ATUSA (REF SANS PAIEMENT);Tuyaux et raccords (réseau);Raccord électrosoudable / bout à bout;Fiche technique;FT SOUDAGE BOUT À BOUT TÉ SDR 11.pdf;FOURNISSEURS ADHERENTS/ATUSA (REF SANS PAIEMENT)/FICHES TECHNIQUES /RACCORDS POLYETHYLENE;application/pdf;557656;1OjT6R6zyGDC9D0JTEgf8e0jPcClLmlrk;https://drive.google.com/file/d/1OjT6R6zyGDC9D0JTEgf8e0jPcClLmlrk/view?usp=drivesdk
adherents;ATUSA (REF SANS PAIEMENT);Tuyaux et raccords (réseau);Raccord électrosoudable / bout à bout;Fiche technique;FT SOUDAGE BOUT À BOUT TÉ SDR 17.pdf;FOURNISSEURS ADHERENTS/ATUSA (REF SANS PAIEMENT)/FICHES TECHNIQUES /RACCORDS POLYETHYLENE;application/pdf;570129;1n4QJ3kHgN16yMYzSg9c0yaF6wVQ2JDGG;https://drive.google.com/file/d/1n4QJ3kHgN16yMYzSg9c0yaF6wVQ2JDGG/view?usp=drivesdk
adherents;ATUSA (REF SANS PAIEMENT);Fixation / consommables;Fixation;Fiche technique;FT ÉLECTROSOUDABLE  COLLIER DE RÉPARATION.pdf;FOURNISSEURS ADHERENTS/ATUSA (REF SANS PAIEMENT)/FICHES TECHNIQUES /RACCORDS POLYETHYLENE;application/pdf;1275698;1iX52Wc0Vr-b-l2Dpzf40h5x6HHrDrKA-;https://drive.google.com/file/d/1iX52Wc0Vr-b-l2Dpzf40h5x6HHrDrKA-/view?usp=drivesdk
adherents;ATUSA (REF SANS PAIEMENT);Tuyaux et raccords (réseau);Raccord électrosoudable / bout à bout;Fiche technique;FT ÉLECTROSOUDABLE  MANCHON.pdf;FOURNISSEURS ADHERENTS/ATUSA (REF SANS PAIEMENT)/FICHES TECHNIQUES /RACCORDS POLYETHYLENE;application/pdf;1213492;1EJJehTDtesk-SYKDxLCJz9n7guypDVSN;https://drive.google.com/file/d/1EJJehTDtesk-SYKDxLCJz9n7guypDVSN/view?usp=drivesdk
adherents;ATUSA (REF SANS PAIEMENT);Tuyaux et raccords (réseau);Raccord électrosoudable / bout à bout;Fiche technique;FT ÉLECTROSOUDABLE  TRANSITION INJECTÉ.pdf;FOURNISSEURS ADHERENTS/ATUSA (REF SANS PAIEMENT)/FICHES TECHNIQUES /RACCORDS POLYETHYLENE;application/pdf;574148;1GX6ayvKgQCkK0PxJnZnCSfpRvy89lGQT;https://drive.google.com/file/d/1GX6ayvKgQCkK0PxJnZnCSfpRvy89lGQT/view?usp=drivesdk
adherents;ATUSA (REF SANS PAIEMENT);Tuyaux et raccords (réseau);Raccord électrosoudable / bout à bout;Fiche technique;FT ÉLECTROSOUDABLE  TÉ RÉDUIT.pdf;FOURNISSEURS ADHERENTS/ATUSA (REF SANS PAIEMENT)/FICHES TECHNIQUES /RACCORDS POLYETHYLENE;application/pdf;1190692;19FRhl83kNJzRlmjkbuWWJD67k03UCGaY;https://drive.google.com/file/d/19FRhl83kNJzRlmjkbuWWJD67k03UCGaY/view?usp=drivesdk
adherents;ATUSA (REF SANS PAIEMENT);Tuyaux et raccords (réseau);Raccord électrosoudable / bout à bout;Fiche technique;FT ÉLECTROSOUDABLE BOUCHON.pdf;FOURNISSEURS ADHERENTS/ATUSA (REF SANS PAIEMENT)/FICHES TECHNIQUES /RACCORDS POLYETHYLENE;application/pdf;1216111;1Ckg59dDgDpTlLgi4G_YPhmxyPfHsBlqK;https://drive.google.com/file/d/1Ckg59dDgDpTlLgi4G_YPhmxyPfHsBlqK/view?usp=drivesdk
adherents;ATUSA (REF SANS PAIEMENT);Tuyaux et raccords (réseau);Raccord électrosoudable / bout à bout;Fiche technique;FT ÉLECTROSOUDABLE COUDE 45.pdf;FOURNISSEURS ADHERENTS/ATUSA (REF SANS PAIEMENT)/FICHES TECHNIQUES /RACCORDS POLYETHYLENE;application/pdf;1160907;1QtsUSsFqEP3cirOsdC3JkMBwiyVQjXJd;https://drive.google.com/file/d/1QtsUSsFqEP3cirOsdC3JkMBwiyVQjXJd/view?usp=drivesdk
adherents;ATUSA (REF SANS PAIEMENT);Tuyaux et raccords (réseau);Raccord électrosoudable / bout à bout;Fiche technique;FT ÉLECTROSOUDABLE COUDE 45º.pdf;FOURNISSEURS ADHERENTS/ATUSA (REF SANS PAIEMENT)/FICHES TECHNIQUES /RACCORDS POLYETHYLENE;application/pdf;1133229;1ZNwedqzH0Bugw82iDthNTzhmZnuW-vbD;https://drive.google.com/file/d/1ZNwedqzH0Bugw82iDthNTzhmZnuW-vbD/view?usp=drivesdk
adherents;ATUSA (REF SANS PAIEMENT);Tuyaux et raccords (réseau);Raccord électrosoudable / bout à bout;Fiche technique;FT ÉLECTROSOUDABLE COUDE 90º.pdf;FOURNISSEURS ADHERENTS/ATUSA (REF SANS PAIEMENT)/FICHES TECHNIQUES /RACCORDS POLYETHYLENE;application/pdf;1155366;16LsmNQZlnDTMiJl5oK2gSwBH4kp026G9;https://drive.google.com/file/d/16LsmNQZlnDTMiJl5oK2gSwBH4kp026G9/view?usp=drivesdk
adherents;ATUSA (REF SANS PAIEMENT);Tuyaux et raccords (réseau);Raccord électrosoudable / bout à bout;Fiche technique;FT ÉLECTROSOUDABLE COUDE L 90º.pdf;FOURNISSEURS ADHERENTS/ATUSA (REF SANS PAIEMENT)/FICHES TECHNIQUES /RACCORDS POLYETHYLENE;application/pdf;1142550;1ctD_Oq4xdxd8ptnDFvXgHNvoGA_FytFw;https://drive.google.com/file/d/1ctD_Oq4xdxd8ptnDFvXgHNvoGA_FytFw/view?usp=drivesdk
adherents;ATUSA (REF SANS PAIEMENT);Tuyaux et raccords (réseau);Raccord électrosoudable / bout à bout;Fiche technique;FT ÉLECTROSOUDABLE RÉDUCTION.pdf;FOURNISSEURS ADHERENTS/ATUSA (REF SANS PAIEMENT)/FICHES TECHNIQUES /RACCORDS POLYETHYLENE;application/pdf;1193346;1JDcqlfimQKR3Tu5vDK6GNvcXK4qi2Cty;https://drive.google.com/file/d/1JDcqlfimQKR3Tu5vDK6GNvcXK4qi2Cty/view?usp=drivesdk
adherents;ATUSA (REF SANS PAIEMENT);Tuyaux et raccords (réseau);Raccord électrosoudable / bout à bout;Fiche technique;FT ÉLECTROSOUDABLE SELLE DE PIQUAGE.pdf;FOURNISSEURS ADHERENTS/ATUSA (REF SANS PAIEMENT)/FICHES TECHNIQUES /RACCORDS POLYETHYLENE;application/pdf;1280796;1hXE-NE6qqULiVmwsmCuswAEu92DtFiuN;https://drive.google.com/file/d/1hXE-NE6qqULiVmwsmCuswAEu92DtFiuN/view?usp=drivesdk
adherents;ATUSA (REF SANS PAIEMENT);Tuyaux et raccords (réseau);Raccord électrosoudable / bout à bout;Fiche technique;FT ÉLECTROSOUDABLE TÉ BHZ.pdf;FOURNISSEURS ADHERENTS/ATUSA (REF SANS PAIEMENT)/FICHES TECHNIQUES /RACCORDS POLYETHYLENE;application/pdf;1152198;1zSVekMBjyoynj9YfIYGF0rDtPy-uGcTJ;https://drive.google.com/file/d/1zSVekMBjyoynj9YfIYGF0rDtPy-uGcTJ/view?usp=drivesdk
adherents;ATUSA (REF SANS PAIEMENT);Tuyaux et raccords (réseau);Raccord électrosoudable / bout à bout;Fiche technique;FT ÉLECTROSOUDABLE TÉ DE PIQUAGE.pdf;FOURNISSEURS ADHERENTS/ATUSA (REF SANS PAIEMENT)/FICHES TECHNIQUES /RACCORDS POLYETHYLENE;application/pdf;1340167;11oNRvAEFVW-Gzd5ibur8AlS17_K9YPgw;https://drive.google.com/file/d/11oNRvAEFVW-Gzd5ibur8AlS17_K9YPgw/view?usp=drivesdk
adherents;ATUSA (REF SANS PAIEMENT);Tuyaux et raccords (réseau);Raccord électrosoudable / bout à bout;Fiche technique;FT ÉLECTROSOUDABLE TÉ SIMPLE.pdf;FOURNISSEURS ADHERENTS/ATUSA (REF SANS PAIEMENT)/FICHES TECHNIQUES /RACCORDS POLYETHYLENE;application/pdf;1138460;1cKf763_gn8Z-8IBOGzma5cBqN6gCoZfB;https://drive.google.com/file/d/1cKf763_gn8Z-8IBOGzma5cBqN6gCoZfB/view?usp=drivesdk
adherents;ATUSA (REF SANS PAIEMENT);Fixation / consommables;Fixation;Fiche technique;FT COLLIER _EXTRA_.pdf;FOURNISSEURS ADHERENTS/ATUSA (REF SANS PAIEMENT)/FICHES TECHNIQUES /SYSTEME DE FIXATION;application/pdf;311461;1C2zKCgATjCJdGoxEPiI2IMpupCVOqTlA;https://drive.google.com/file/d/1C2zKCgATjCJdGoxEPiI2IMpupCVOqTlA/view?usp=drivesdk
adherents;ATUSA (REF SANS PAIEMENT);Fixation / consommables;Fixation;Fiche technique;FT COLLIER _SANS FIN_.pdf;FOURNISSEURS ADHERENTS/ATUSA (REF SANS PAIEMENT)/FICHES TECHNIQUES /SYSTEME DE FIXATION;application/pdf;277375;1AwiW0JjX8Ja0m6qbQhb9BPi_taAotHH8;https://drive.google.com/file/d/1AwiW0JjX8Ja0m6qbQhb9BPi_taAotHH8/view?usp=drivesdk
adherents;ATUSA (REF SANS PAIEMENT);Fixation / consommables;Fixation;Fiche technique;FT COLLIER ISOPHONIQUE M8_M10.pdf;FOURNISSEURS ADHERENTS/ATUSA (REF SANS PAIEMENT)/FICHES TECHNIQUES /SYSTEME DE FIXATION;application/pdf;592908;1_nDoY0XIZKBB3jaYnTtSMS7V7mt6l-5S;https://drive.google.com/file/d/1_nDoY0XIZKBB3jaYnTtSMS7V7mt6l-5S/view?usp=drivesdk
adherents;ATUSA (REF SANS PAIEMENT);Fixation / consommables;Fixation;Fiche technique;FT COLLIER ISOPHONIQUE OUVERT M8.pdf;FOURNISSEURS ADHERENTS/ATUSA (REF SANS PAIEMENT)/FICHES TECHNIQUES /SYSTEME DE FIXATION;application/pdf;299536;1xFfDVTRa35YoKQi0wPoOQJSqy05_Wq8Z;https://drive.google.com/file/d/1xFfDVTRa35YoKQi0wPoOQJSqy05_Wq8Z/view?usp=drivesdk
adherents;ATUSA (REF SANS PAIEMENT);Fixation / consommables;Fixation;Fiche technique;FT COLLIER MÉTALLIQUE M8_M10.pdf;FOURNISSEURS ADHERENTS/ATUSA (REF SANS PAIEMENT)/FICHES TECHNIQUES /SYSTEME DE FIXATION;application/pdf;252845;1T0EqObEkfLDl8euOQbe3tD5be0iw81UX;https://drive.google.com/file/d/1T0EqObEkfLDl8euOQbe3tD5be0iw81UX/view?usp=drivesdk
adherents;ATUSA (REF SANS PAIEMENT);Fixation / consommables;Fixation;Fiche technique;FT COLLIER MÉTALLIQUE OUVERTE M8.pdf;FOURNISSEURS ADHERENTS/ATUSA (REF SANS PAIEMENT)/FICHES TECHNIQUES /SYSTEME DE FIXATION;application/pdf;252528;1pUaIHmxoL4A0EWNhuN3H3VylT6ZuA4zJ;https://drive.google.com/file/d/1pUaIHmxoL4A0EWNhuN3H3VylT6ZuA4zJ/view?usp=drivesdk
adherents;ATUSA (REF SANS PAIEMENT);Fixation / consommables;Fixation;Fiche technique;FT COLLIER RENFORCÉ POUR GAZ.pdf;FOURNISSEURS ADHERENTS/ATUSA (REF SANS PAIEMENT)/FICHES TECHNIQUES /SYSTEME DE FIXATION;application/pdf;240050;1LUOUyKiIjyvKuyiSTR0KAJlOBFjlgpv2;https://drive.google.com/file/d/1LUOUyKiIjyvKuyiSTR0KAJlOBFjlgpv2/view?usp=drivesdk
adherents;ATUSA (REF SANS PAIEMENT);Fixation / consommables;Fixation;Fiche technique;FT ETRIER.pdf;FOURNISSEURS ADHERENTS/ATUSA (REF SANS PAIEMENT)/FICHES TECHNIQUES /SYSTEME DE FIXATION;application/pdf;298544;1_QRkQ_qNb2a--7LYXdolbfUG24z8Neaw;https://drive.google.com/file/d/1_QRkQ_qNb2a--7LYXdolbfUG24z8Neaw/view?usp=drivesdk
adherents;ATUSA (REF SANS PAIEMENT);Fixation / consommables;Fixation;Fiche technique;FT PÂTE À VIS FILETÉE.pdf;FOURNISSEURS ADHERENTS/ATUSA (REF SANS PAIEMENT)/FICHES TECHNIQUES /SYSTEME DE FIXATION;application/pdf;266466;124Uu36bgZGGJ2M_d0vpgwwGwtIWFybo0;https://drive.google.com/file/d/124Uu36bgZGGJ2M_d0vpgwwGwtIWFybo0/view?usp=drivesdk
adherents;ATUSA (REF SANS PAIEMENT);Fixation / consommables;Fixation;Fiche technique;FT PÂTE À VIS.pdf;FOURNISSEURS ADHERENTS/ATUSA (REF SANS PAIEMENT)/FICHES TECHNIQUES /SYSTEME DE FIXATION;application/pdf;322084;1eQtoQOW9jRc9ktImre6pWWmp7Pu4Hs2n;https://drive.google.com/file/d/1eQtoQOW9jRc9ktImre6pWWmp7Pu4Hs2n/view?usp=drivesdk
adherents;ATUSA (REF SANS PAIEMENT);Tuyaux et raccords (réseau);Raccord rainuré;Fiche technique;FT RAINURÉ DA1.pdf;FOURNISSEURS ADHERENTS/ATUSA (REF SANS PAIEMENT)/FICHES TECHNIQUES /SYSTEME RAINURE;application/pdf;503432;18dbNaP2qVZ_QFSX4ivb1VJqdFGqF3Kh5;https://drive.google.com/file/d/18dbNaP2qVZ_QFSX4ivb1VJqdFGqF3Kh5/view?usp=drivesdk
adherents;ATUSA (REF SANS PAIEMENT);Tuyaux et raccords (réseau);Raccord rainuré;Fiche technique;FT RAINURÉ DS1.pdf;FOURNISSEURS ADHERENTS/ATUSA (REF SANS PAIEMENT)/FICHES TECHNIQUES /SYSTEME RAINURE;application/pdf;603138;1CWw5fTM76iFgKC19qj1nMBojOPENb0Py;https://drive.google.com/file/d/1CWw5fTM76iFgKC19qj1nMBojOPENb0Py/view?usp=drivesdk
adherents;ATUSA (REF SANS PAIEMENT);Tuyaux et raccords (réseau);Raccord rainuré;Fiche technique;FT RAINURÉ DS2.pdf;FOURNISSEURS ADHERENTS/ATUSA (REF SANS PAIEMENT)/FICHES TECHNIQUES /SYSTEME RAINURE;application/pdf;579113;1k_KgQKxswnqUxhrnVKqU3qqdLNHd8Zd1;https://drive.google.com/file/d/1k_KgQKxswnqUxhrnVKqU3qqdLNHd8Zd1/view?usp=drivesdk
adherents;ATUSA (REF SANS PAIEMENT);Tuyaux et raccords (réseau);Raccord rainuré;Fiche technique;FT RAINURÉ FIG. 105.pdf;FOURNISSEURS ADHERENTS/ATUSA (REF SANS PAIEMENT)/FICHES TECHNIQUES /SYSTEME RAINURE;application/pdf;377865;1ZLawzU5FKp2A3na01Qh-Ue6PSmYvrPsb;https://drive.google.com/file/d/1ZLawzU5FKp2A3na01Qh-Ue6PSmYvrPsb/view?usp=drivesdk
adherents;ATUSA (REF SANS PAIEMENT);Tuyaux et raccords (réseau);Raccord rainuré;Fiche technique;FT RAINURÉ FIG. 110.pdf;FOURNISSEURS ADHERENTS/ATUSA (REF SANS PAIEMENT)/FICHES TECHNIQUES /SYSTEME RAINURE;application/pdf;393772;19lblnmQ8HU9ZmbSi2keQ2fUM5U74NsNy;https://drive.google.com/file/d/19lblnmQ8HU9ZmbSi2keQ2fUM5U74NsNy/view?usp=drivesdk
adherents;ATUSA (REF SANS PAIEMENT);Tuyaux et raccords (réseau);Raccord rainuré;Fiche technique;FT RAINURÉ FIG. 120.pdf;FOURNISSEURS ADHERENTS/ATUSA (REF SANS PAIEMENT)/FICHES TECHNIQUES /SYSTEME RAINURE;application/pdf;400194;1J7ii5kG6x-ndCQNyHzi5BqOoqqikUsJy;https://drive.google.com/file/d/1J7ii5kG6x-ndCQNyHzi5BqOoqqikUsJy/view?usp=drivesdk
adherents;ATUSA (REF SANS PAIEMENT);Tuyaux et raccords (réseau);Raccord rainuré;Fiche technique;FT RAINURÉ FIG. 130.pdf;FOURNISSEURS ADHERENTS/ATUSA (REF SANS PAIEMENT)/FICHES TECHNIQUES /SYSTEME RAINURE;application/pdf;406871;1ovlcCyM9dFir1rbMI9_sqw5durVh0p3S;https://drive.google.com/file/d/1ovlcCyM9dFir1rbMI9_sqw5durVh0p3S/view?usp=drivesdk
adherents;ATUSA (REF SANS PAIEMENT);Tuyaux et raccords (réseau);Raccord rainuré;Fiche technique;FT RAINURÉ FIG. 130R.pdf;FOURNISSEURS ADHERENTS/ATUSA (REF SANS PAIEMENT)/FICHES TECHNIQUES /SYSTEME RAINURE;application/pdf;438211;1-A82fwfqbw1qQinXRoeQPJbNdCWO73Vy;https://drive.google.com/file/d/1-A82fwfqbw1qQinXRoeQPJbNdCWO73Vy/view?usp=drivesdk
adherents;ATUSA (REF SANS PAIEMENT);Tuyaux et raccords (réseau);Raccord rainuré;Fiche technique;FT RAINURÉ FIG. 130S.pdf;FOURNISSEURS ADHERENTS/ATUSA (REF SANS PAIEMENT)/FICHES TECHNIQUES /SYSTEME RAINURE;application/pdf;421069;1mlkNA9aHwcTxt-yfUD1fRKIxuP1AfVZC;https://drive.google.com/file/d/1mlkNA9aHwcTxt-yfUD1fRKIxuP1AfVZC/view?usp=drivesdk
adherents;ATUSA (REF SANS PAIEMENT);Tuyaux et raccords (réseau);Raccord rainuré;Fiche technique;FT RAINURÉ FIG. 180.pdf;FOURNISSEURS ADHERENTS/ATUSA (REF SANS PAIEMENT)/FICHES TECHNIQUES /SYSTEME RAINURE;application/pdf;374450;12zVVzyEsh4FFXyqAxnYde2s_4i0sDIX6;https://drive.google.com/file/d/12zVVzyEsh4FFXyqAxnYde2s_4i0sDIX6/view?usp=drivesdk
adherents;ATUSA (REF SANS PAIEMENT);Tuyaux et raccords (réseau);Raccord rainuré;Fiche technique;FT RAINURÉ FIG. 240.pdf;FOURNISSEURS ADHERENTS/ATUSA (REF SANS PAIEMENT)/FICHES TECHNIQUES /SYSTEME RAINURE;application/pdf;484162;1uJBtmZCXBSCeFMWiGYnOwOIIf6a-jPfK;https://drive.google.com/file/d/1uJBtmZCXBSCeFMWiGYnOwOIIf6a-jPfK/view?usp=drivesdk
adherents;ATUSA (REF SANS PAIEMENT);Tuyaux et raccords (réseau);Raccord rainuré;Fiche technique;FT RAINURÉ FIG. 300.pdf;FOURNISSEURS ADHERENTS/ATUSA (REF SANS PAIEMENT)/FICHES TECHNIQUES /SYSTEME RAINURE;application/pdf;410438;1LEZnvdc3HwDw053LWqvU6y8SvFUB2tLz;https://drive.google.com/file/d/1LEZnvdc3HwDw053LWqvU6y8SvFUB2tLz/view?usp=drivesdk
adherents;ATUSA (REF SANS PAIEMENT);Tuyaux et raccords (réseau);Raccord rainuré;Fiche technique;FT RAINURÉ FIG. 315.pdf;FOURNISSEURS ADHERENTS/ATUSA (REF SANS PAIEMENT)/FICHES TECHNIQUES /SYSTEME RAINURE;application/pdf;500360;1dc2wMDD5qGoFDEgdVHM_xBvpAEMEADld;https://drive.google.com/file/d/1dc2wMDD5qGoFDEgdVHM_xBvpAEMEADld/view?usp=drivesdk
adherents;ATUSA (REF SANS PAIEMENT);Tuyaux et raccords (réseau);Raccord rainuré;Fiche technique;FT RAINURÉ FIG. 316.pdf;FOURNISSEURS ADHERENTS/ATUSA (REF SANS PAIEMENT)/FICHES TECHNIQUES /SYSTEME RAINURE;application/pdf;355062;1aBmfCluHRBJalhCVmTVG7lAsUc91x105;https://drive.google.com/file/d/1aBmfCluHRBJalhCVmTVG7lAsUc91x105/view?usp=drivesdk
adherents;ATUSA (REF SANS PAIEMENT);Tuyaux et raccords (réseau);Raccord rainuré;Fiche technique;FT RAINURÉ FIG. 321 PN 10.pdf;FOURNISSEURS ADHERENTS/ATUSA (REF SANS PAIEMENT)/FICHES TECHNIQUES /SYSTEME RAINURE;application/pdf;451353;1R1V0FRaIhR8cmGf7BNGM2vpixJi_zf0a;https://drive.google.com/file/d/1R1V0FRaIhR8cmGf7BNGM2vpixJi_zf0a/view?usp=drivesdk
adherents;ATUSA (REF SANS PAIEMENT);Tuyaux et raccords (réseau);Raccord rainuré;Fiche technique;FT RAINURÉ FIG. 321.pdf;FOURNISSEURS ADHERENTS/ATUSA (REF SANS PAIEMENT)/FICHES TECHNIQUES /SYSTEME RAINURE;application/pdf;431951;1KmkAsLhRd0vUZgyvkldDoauZnBxOH7Kt;https://drive.google.com/file/d/1KmkAsLhRd0vUZgyvkldDoauZnBxOH7Kt/view?usp=drivesdk
adherents;ATUSA (REF SANS PAIEMENT);Tuyaux et raccords (réseau);Raccord rainuré;Fiche technique;FT RAINURÉ FIG. 322.pdf;FOURNISSEURS ADHERENTS/ATUSA (REF SANS PAIEMENT)/FICHES TECHNIQUES /SYSTEME RAINURE;application/pdf;558055;1K1DWeOl9NCUMnFx6lNHm194i1qIgwe5T;https://drive.google.com/file/d/1K1DWeOl9NCUMnFx6lNHm194i1qIgwe5T/view?usp=drivesdk
adherents;ATUSA (REF SANS PAIEMENT);Tuyaux et raccords (réseau);Raccord rainuré;Fiche technique;FT RAINURÉ FIG. 90.pdf;FOURNISSEURS ADHERENTS/ATUSA (REF SANS PAIEMENT)/FICHES TECHNIQUES /SYSTEME RAINURE;application/pdf;420051;1dIbXLEBNcUo-GlBwRRi4k2aYRWWeCPAP;https://drive.google.com/file/d/1dIbXLEBNcUo-GlBwRRi4k2aYRWWeCPAP/view?usp=drivesdk
adherents;ATUSA (REF SANS PAIEMENT);Tuyaux et raccords (réseau);Raccord rainuré;Fiche technique;FT RAINURÉ FIG. 90S.pdf;FOURNISSEURS ADHERENTS/ATUSA (REF SANS PAIEMENT)/FICHES TECHNIQUES /SYSTEME RAINURE;application/pdf;402995;11MWtU2IxMYUZCfKkxDicK9Do-T8lTOf0;https://drive.google.com/file/d/11MWtU2IxMYUZCfKkxDicK9Do-T8lTOf0/view?usp=drivesdk
adherents;ATUSA (REF SANS PAIEMENT);Tuyaux et raccords (réseau);Raccord rainuré;Fiche technique;FT RAINURÉ FN.pdf;FOURNISSEURS ADHERENTS/ATUSA (REF SANS PAIEMENT)/FICHES TECHNIQUES /SYSTEME RAINURE;application/pdf;465875;1kpNWPdxBX0DukLB6PvUpVQm9y-bt_hGc;https://drive.google.com/file/d/1kpNWPdxBX0DukLB6PvUpVQm9y-bt_hGc/view?usp=drivesdk
adherents;ATUSA (REF SANS PAIEMENT);Tuyaux et raccords (réseau);Raccord rainuré;Fiche technique;FT RAINURÉ FR.pdf;FOURNISSEURS ADHERENTS/ATUSA (REF SANS PAIEMENT)/FICHES TECHNIQUES /SYSTEME RAINURE;application/pdf;466565;1dwmB-Z5UBjOR1TBU1jiUnhcgRCM1HEJQ;https://drive.google.com/file/d/1dwmB-Z5UBjOR1TBU1jiUnhcgRCM1HEJQ/view?usp=drivesdk
adherents;ATUSA (REF SANS PAIEMENT);Tuyaux et raccords (réseau);Raccord rainuré;Fiche technique;FT RAINURÉ QR.pdf;FOURNISSEURS ADHERENTS/ATUSA (REF SANS PAIEMENT)/FICHES TECHNIQUES /SYSTEME RAINURE;application/pdf;986084;1oXxUOgQnH8Gr4BK7HLegmsm2h_x47bi2;https://drive.google.com/file/d/1oXxUOgQnH8Gr4BK7HLegmsm2h_x47bi2/view?usp=drivesdk
adherents;ATUSA (REF SANS PAIEMENT);Tuyaux et raccords (réseau);Raccord rainuré;Fiche technique;FT RAINURÉ RN.pdf;FOURNISSEURS ADHERENTS/ATUSA (REF SANS PAIEMENT)/FICHES TECHNIQUES /SYSTEME RAINURE;application/pdf;484188;1tk-wLbZoA0r5iNdlcVi-_ziKn0wK0SOP;https://drive.google.com/file/d/1tk-wLbZoA0r5iNdlcVi-_ziKn0wK0SOP/view?usp=drivesdk
adherents;ATUSA (REF SANS PAIEMENT);Tuyaux et raccords (réseau);Raccord rainuré;Fiche technique;FT RAINURÉ RS.pdf;FOURNISSEURS ADHERENTS/ATUSA (REF SANS PAIEMENT)/FICHES TECHNIQUES /SYSTEME RAINURE;application/pdf;464696;1mr8fC_qEyt6ch03UkXI0rqQL3XEfCIkb;https://drive.google.com/file/d/1mr8fC_qEyt6ch03UkXI0rqQL3XEfCIkb/view?usp=drivesdk
adherents;ATUSA (REF SANS PAIEMENT);Tuyaux et raccords (réseau);Raccord rainuré;Fiche technique;FT RAINURÉ RÉF. 620.pdf;FOURNISSEURS ADHERENTS/ATUSA (REF SANS PAIEMENT)/FICHES TECHNIQUES /SYSTEME RAINURE;application/pdf;421481;15vldKO99T2_ed1f1dOtw3PzaPim3mIIR;https://drive.google.com/file/d/15vldKO99T2_ed1f1dOtw3PzaPim3mIIR/view?usp=drivesdk
adherents;ATUSA (REF SANS PAIEMENT);Tuyaux et raccords (réseau);Raccord rainuré;Fiche technique;FT RAINURÉ RÉF. 630.pdf;FOURNISSEURS ADHERENTS/ATUSA (REF SANS PAIEMENT)/FICHES TECHNIQUES /SYSTEME RAINURE;application/pdf;349924;1YG3Gr8sF3lBd6o329UucObd7f6Eufy4P;https://drive.google.com/file/d/1YG3Gr8sF3lBd6o329UucObd7f6Eufy4P/view?usp=drivesdk
adherents;ATUSA (REF SANS PAIEMENT);Tuyaux et raccords (réseau);Raccord rainuré;Fiche technique;FT RAINURÉ RÉF. 635.pdf;FOURNISSEURS ADHERENTS/ATUSA (REF SANS PAIEMENT)/FICHES TECHNIQUES /SYSTEME RAINURE;application/pdf;503310;1CJltiAUuAJdaEz61bB6obROco_SmcQbN;https://drive.google.com/file/d/1CJltiAUuAJdaEz61bB6obROco_SmcQbN/view?usp=drivesdk
adherents;ATUSA (REF SANS PAIEMENT);Tuyaux et raccords (réseau);Raccord rainuré;Fiche technique;FT RAINURÉ RÉF. 636.pdf;FOURNISSEURS ADHERENTS/ATUSA (REF SANS PAIEMENT)/FICHES TECHNIQUES /SYSTEME RAINURE;application/pdf;476915;1mAALno3Z9_jTsUzDpwXDJ5KsEI8D5jII;https://drive.google.com/file/d/1mAALno3Z9_jTsUzDpwXDJ5KsEI8D5jII/view?usp=drivesdk
adherents;ATUSA (REF SANS PAIEMENT);Tuyaux et raccords (réseau);Raccord rainuré;Fiche technique;FT RAINURÉ RÉF. 637.pdf;FOURNISSEURS ADHERENTS/ATUSA (REF SANS PAIEMENT)/FICHES TECHNIQUES /SYSTEME RAINURE;application/pdf;546029;14X2Z4pvFipQU985tW7wKJKvJELkulzms;https://drive.google.com/file/d/14X2Z4pvFipQU985tW7wKJKvJELkulzms/view?usp=drivesdk
adherents;ATUSA (REF SANS PAIEMENT);Tuyaux et raccords (réseau);Raccord rainuré;Fiche technique;FT RAINURÉ RÉF. 640.pdf;FOURNISSEURS ADHERENTS/ATUSA (REF SANS PAIEMENT)/FICHES TECHNIQUES /SYSTEME RAINURE;application/pdf;476424;1f-eDqRkpjhU9pnMT7capllx2-Md1pjw9;https://drive.google.com/file/d/1f-eDqRkpjhU9pnMT7capllx2-Md1pjw9/view?usp=drivesdk
adherents;ATUSA (REF SANS PAIEMENT);Tuyaux et raccords (réseau);Raccord rainuré;Fiche technique;FT RAINURÉ RÉF. 645.pdf;FOURNISSEURS ADHERENTS/ATUSA (REF SANS PAIEMENT)/FICHES TECHNIQUES /SYSTEME RAINURE;application/pdf;392316;1kJkakn5u1WsQHFvrmQxZXJjhx2tVUpGa;https://drive.google.com/file/d/1kJkakn5u1WsQHFvrmQxZXJjhx2tVUpGa/view?usp=drivesdk
adherents;ATUSA (REF SANS PAIEMENT);Tuyaux et raccords (réseau);Raccord rainuré;Fiche technique;FT RAINURÉ RÉF. 660.pdf;FOURNISSEURS ADHERENTS/ATUSA (REF SANS PAIEMENT)/FICHES TECHNIQUES /SYSTEME RAINURE;application/pdf;427181;1JdxbeA97iYXcTlLbUCBUaqI3Mf3dgKNk;https://drive.google.com/file/d/1JdxbeA97iYXcTlLbUCBUaqI3Mf3dgKNk/view?usp=drivesdk
adherents;ATUSA (REF SANS PAIEMENT);Tuyaux et raccords (réseau);Raccord rainuré;Fiche technique;FT RAINURÉ RÉF. 670.pdf;FOURNISSEURS ADHERENTS/ATUSA (REF SANS PAIEMENT)/FICHES TECHNIQUES /SYSTEME RAINURE;application/pdf;715646;17VMelQtmuiQ3DRunTIIsXSDOjZRG-NUX;https://drive.google.com/file/d/17VMelQtmuiQ3DRunTIIsXSDOjZRG-NUX/view?usp=drivesdk
adherents;ATUSA (REF SANS PAIEMENT);Tuyaux et raccords (réseau);Raccord rainuré;Fiche technique;FT RAINURÉE REF. 600.pdf;FOURNISSEURS ADHERENTS/ATUSA (REF SANS PAIEMENT)/FICHES TECHNIQUES /SYSTEME RAINURE;application/pdf;345679;1EJjUo-Yi8sQAom89zCIkSrSjXZDJD5iI;https://drive.google.com/file/d/1EJjUo-Yi8sQAom89zCIkSrSjXZDJD5iI/view?usp=drivesdk
adherents;ATUSA (REF SANS PAIEMENT);Tuyaux et raccords (réseau);Raccord rainuré;Fiche technique;FT RAINURÉE REF. 610.pdf;FOURNISSEURS ADHERENTS/ATUSA (REF SANS PAIEMENT)/FICHES TECHNIQUES /SYSTEME RAINURE;application/pdf;374785;1w3V2oSmsNqD8JG2dT4q0XSq_HuzZ1BDd;https://drive.google.com/file/d/1w3V2oSmsNqD8JG2dT4q0XSq_HuzZ1BDd/view?usp=drivesdk
adherents;ATUSA (REF SANS PAIEMENT);Aspersion;Asperseur;Fiche technique;TUYAUX FLEXIBLES POUR CONNEXION SPRINKLERS.pdf;FOURNISSEURS ADHERENTS/ATUSA (REF SANS PAIEMENT)/FICHES TECHNIQUES /SYSTEME RAINURE;application/pdf;2216058;1gprakyY02i3T7sufLLlGjddwNoPVW587;https://drive.google.com/file/d/1gprakyY02i3T7sufLLlGjddwNoPVW587/view?usp=drivesdk
adherents;ATUSA (REF SANS PAIEMENT);Tuyaux et raccords (réseau);Vanne;Fiche technique;FT ACTIONNEURS PNEUMATIQUES.pdf;FOURNISSEURS ADHERENTS/ATUSA (REF SANS PAIEMENT)/FICHES TECHNIQUES /VANNES ACTIONNEES;application/pdf;2385976;1PanYPaw_N_XpgC3av4KZSf9EWSMRJhLv;https://drive.google.com/file/d/1PanYPaw_N_XpgC3av4KZSf9EWSMRJhLv/view?usp=drivesdk
adherents;ATUSA (REF SANS PAIEMENT);Tuyaux et raccords (réseau);Vanne;Fiche technique;FT ACTIONNEURS ÉLECTRIQUES.pdf;FOURNISSEURS ADHERENTS/ATUSA (REF SANS PAIEMENT)/FICHES TECHNIQUES /VANNES ACTIONNEES;application/pdf;2343727;10FKk-i7v4St-2ilheIfOMduQnb1jYfSK;https://drive.google.com/file/d/10FKk-i7v4St-2ilheIfOMduQnb1jYfSK/view?usp=drivesdk
adherents;ATUSA (REF SANS PAIEMENT);Tuyaux et raccords (réseau);Vanne;Fiche technique;FT BLOC DE SÉCURITÉ ACTIONNEURS ÉLECTRIQUES.pdf;FOURNISSEURS ADHERENTS/ATUSA (REF SANS PAIEMENT)/FICHES TECHNIQUES /VANNES ACTIONNEES;application/pdf;674233;1Ne33gaqC5Rn-WEpHdnjFUv94hfMEJPi5;https://drive.google.com/file/d/1Ne33gaqC5Rn-WEpHdnjFUv94hfMEJPi5/view?usp=drivesdk
adherents;ATUSA (REF SANS PAIEMENT);Tuyaux et raccords (réseau);Vanne;Fiche technique;FT BLOQUE SÉCURITÉ ACTIONNEUR ELECTRIQUE.pdf;FOURNISSEURS ADHERENTS/ATUSA (REF SANS PAIEMENT)/FICHES TECHNIQUES /VANNES ACTIONNEES;application/pdf;586879;1rT7cV1zzAGspswSL6tScLrrk1OJcMQyV;https://drive.google.com/file/d/1rT7cV1zzAGspswSL6tScLrrk1OJcMQyV/view?usp=drivesdk
adherents;ATUSA (REF SANS PAIEMENT);Tuyaux et raccords (réseau);Vanne;Fiche technique;DS REF. 60 ANGLE VALVE.pdf;FOURNISSEURS ADHERENTS/ATUSA (REF SANS PAIEMENT)/FICHES TECHNIQUES /VANNES LAITON;application/pdf;1086528;1nIP3vqyoMg5BjF3U9pEwrxbhGZqvOsUO;https://drive.google.com/file/d/1nIP3vqyoMg5BjF3U9pEwrxbhGZqvOsUO/view?usp=drivesdk
adherents;ATUSA (REF SANS PAIEMENT);Fixation / consommables;Consommable;Fiche technique;F. TÉFLON LIQUIDE A90.pdf;FOURNISSEURS ADHERENTS/ATUSA (REF SANS PAIEMENT)/FICHES TECHNIQUES /VANNES LAITON;application/pdf;265748;1OfIi_wy_DB-qOjd3V4hOdKP2_ozxH6in;https://drive.google.com/file/d/1OfIi_wy_DB-qOjd3V4hOdKP2_ozxH6in/view?usp=drivesdk
adherents;ATUSA (REF SANS PAIEMENT);Tuyaux et raccords (réseau);Vanne;Fiche technique;FT ANTIBÉLIER RÉF. 145.pdf;FOURNISSEURS ADHERENTS/ATUSA (REF SANS PAIEMENT)/FICHES TECHNIQUES /VANNES LAITON;application/pdf;599445;1iX4mk26uasxgBgTqQKqzbvdueZF3VMm9;https://drive.google.com/file/d/1iX4mk26uasxgBgTqQKqzbvdueZF3VMm9/view?usp=drivesdk
adherents;ATUSA (REF SANS PAIEMENT);Tuyaux et raccords (réseau);Vanne;Fiche technique;FT CLAPET ANTIRETOUR REF. 155.pdf;FOURNISSEURS ADHERENTS/ATUSA (REF SANS PAIEMENT)/FICHES TECHNIQUES /VANNES LAITON;application/pdf;771523;1hkrx8VTK5cHWdne4wjpgQcQebec0rzHG;https://drive.google.com/file/d/1hkrx8VTK5cHWdne4wjpgQcQebec0rzHG/view?usp=drivesdk
adherents;ATUSA (REF SANS PAIEMENT);Tuyaux et raccords (réseau);Vanne;Fiche technique;FT CLAPET ANTIRETOUR REF. 155_A.pdf;FOURNISSEURS ADHERENTS/ATUSA (REF SANS PAIEMENT)/FICHES TECHNIQUES /VANNES LAITON;application/pdf;455363;12ndpGf1s2bRoODs5qba-WrOOTMZatQ0S;https://drive.google.com/file/d/12ndpGf1s2bRoODs5qba-WrOOTMZatQ0S/view?usp=drivesdk
adherents;ATUSA (REF SANS PAIEMENT);Tuyaux et raccords (réseau);Vanne;Fiche technique;FT CLAPET DE RETENUE REF. 130.pdf;FOURNISSEURS ADHERENTS/ATUSA (REF SANS PAIEMENT)/FICHES TECHNIQUES /VANNES LAITON;application/pdf;537609;1XntdZ2WtOuXbvMUkRyVMA7VU9XBfkCTY;https://drive.google.com/file/d/1XntdZ2WtOuXbvMUkRyVMA7VU9XBfkCTY/view?usp=drivesdk
adherents;ATUSA (REF SANS PAIEMENT);Tuyaux et raccords (réseau);Vanne;Fiche technique;FT CLAPET DE RETENUE REF. 130_A.pdf;FOURNISSEURS ADHERENTS/ATUSA (REF SANS PAIEMENT)/FICHES TECHNIQUES /VANNES LAITON;application/pdf;366211;1aug0S2ruSZPf1GRQVGji8ZKCR2f8sDHv;https://drive.google.com/file/d/1aug0S2ruSZPf1GRQVGji8ZKCR2f8sDHv/view?usp=drivesdk
adherents;ATUSA (REF SANS PAIEMENT);Tuyaux et raccords (réseau);Vanne;Fiche technique;FT CLAPET DE RETENUE REF. 131.pdf;FOURNISSEURS ADHERENTS/ATUSA (REF SANS PAIEMENT)/FICHES TECHNIQUES /VANNES LAITON;application/pdf;445855;1v799m-rRGWc-OINFrNqWxnYJPGeEMOJr;https://drive.google.com/file/d/1v799m-rRGWc-OINFrNqWxnYJPGeEMOJr/view?usp=drivesdk
adherents;ATUSA (REF SANS PAIEMENT);Tuyaux et raccords (réseau);Tuyau souple / flat;Fiche technique;FT CONNECTIONS FLEXIBLES EN ACIER INOXYDABLE DN 13.pdf;FOURNISSEURS ADHERENTS/ATUSA (REF SANS PAIEMENT)/FICHES TECHNIQUES /VANNES LAITON;application/pdf;770163;1Fpl1ylGPUMFQfdaHFZQUOrUVsNdzxZb8;https://drive.google.com/file/d/1Fpl1ylGPUMFQfdaHFZQUOrUVsNdzxZb8/view?usp=drivesdk
adherents;ATUSA (REF SANS PAIEMENT);Tuyaux et raccords (réseau);Tuyau souple / flat;Fiche technique;FT CONNECTIONS FLEXIBLES EN ACIER INOXYDABLE DN 19-50.pdf;FOURNISSEURS ADHERENTS/ATUSA (REF SANS PAIEMENT)/FICHES TECHNIQUES /VANNES LAITON;application/pdf;961755;1c68iINnYUyWGU_3DJORstmPnnpBIr6gU;https://drive.google.com/file/d/1c68iINnYUyWGU_3DJORstmPnnpBIr6gU/view?usp=drivesdk
adherents;ATUSA (REF SANS PAIEMENT);Tuyaux et raccords (réseau);Tuyau souple / flat;Fiche technique;FT CONNECTIONS FLEXIBLES EN ACIER INOXYDABLE DN 8.pdf;FOURNISSEURS ADHERENTS/ATUSA (REF SANS PAIEMENT)/FICHES TECHNIQUES /VANNES LAITON;application/pdf;883200;1BLwc5x850KyZrXlxYWx6Qx62rXx7uVVN;https://drive.google.com/file/d/1BLwc5x850KyZrXlxYWx6Qx62rXx7uVVN/view?usp=drivesdk
adherents;ATUSA (REF SANS PAIEMENT);Filtration;Filtre;Fiche technique;FT FILTRE _Y_ REF. 205.pdf;FOURNISSEURS ADHERENTS/ATUSA (REF SANS PAIEMENT)/FICHES TECHNIQUES /VANNES LAITON;application/pdf;580013;14-4MRInKppPBeEAt1Sy6GvtUQnXv1CDY;https://drive.google.com/file/d/14-4MRInKppPBeEAt1Sy6GvtUQnXv1CDY/view?usp=drivesdk
adherents;ATUSA (REF SANS PAIEMENT);Filtration;Filtre;Fiche technique;FT FILTRE AUTO-NETTOYANT RÉF. 156.pdf;FOURNISSEURS ADHERENTS/ATUSA (REF SANS PAIEMENT)/FICHES TECHNIQUES /VANNES LAITON;application/pdf;971083;1CWvIgItH-ERZu_QmaUBmo5_mQ389oYh0;https://drive.google.com/file/d/1CWvIgItH-ERZu_QmaUBmo5_mQ389oYh0/view?usp=drivesdk
adherents;ATUSA (REF SANS PAIEMENT);Tuyaux et raccords (réseau);Vanne;Fiche technique;FT MANOMÈTRE REF. 400.pdf;FOURNISSEURS ADHERENTS/ATUSA (REF SANS PAIEMENT)/FICHES TECHNIQUES /VANNES LAITON;application/pdf;245746;1IE7tL1WiNWfMPNKc16dfzTycGJfuY1ri;https://drive.google.com/file/d/1IE7tL1WiNWfMPNKc16dfzTycGJfuY1ri/view?usp=drivesdk
adherents;ATUSA (REF SANS PAIEMENT);Tuyaux et raccords (réseau);Vanne;Fiche technique;FT MANOMÈTRE REF. 410.pdf;FOURNISSEURS ADHERENTS/ATUSA (REF SANS PAIEMENT)/FICHES TECHNIQUES /VANNES LAITON;application/pdf;246722;1unWo9D6iciDMRpEwQsFUT1CqEuaTEvJD;https://drive.google.com/file/d/1unWo9D6iciDMRpEwQsFUT1CqEuaTEvJD/view?usp=drivesdk
adherents;ATUSA (REF SANS PAIEMENT);Tuyaux et raccords (réseau);Vanne;Fiche technique;FT MANOMÈTRE REF. 420.pdf;FOURNISSEURS ADHERENTS/ATUSA (REF SANS PAIEMENT)/FICHES TECHNIQUES /VANNES LAITON;application/pdf;242333;1JLQMdxtMn5Rqnmb9h80cQ8Xyo3tN8l08;https://drive.google.com/file/d/1JLQMdxtMn5Rqnmb9h80cQ8Xyo3tN8l08/view?usp=drivesdk
adherents;ATUSA (REF SANS PAIEMENT);Tuyaux et raccords (réseau);Vanne;Fiche technique;FT MANOMÈTRE REF. 430.pdf;FOURNISSEURS ADHERENTS/ATUSA (REF SANS PAIEMENT)/FICHES TECHNIQUES /VANNES LAITON;application/pdf;252812;1pfckEMMBqVc9D1KLxvag6dJWp4EGjApM;https://drive.google.com/file/d/1pfckEMMBqVc9D1KLxvag6dJWp4EGjApM/view?usp=drivesdk
adherents;ATUSA (REF SANS PAIEMENT);Tuyaux et raccords (réseau);Vanne;Fiche technique;FT MANOMÈTRE REF. 431.pdf;FOURNISSEURS ADHERENTS/ATUSA (REF SANS PAIEMENT)/FICHES TECHNIQUES /VANNES LAITON;application/pdf;234763;1wEf1Y-tDHtGX4EvHFrkkNXHinoWZpO8J;https://drive.google.com/file/d/1wEf1Y-tDHtGX4EvHFrkkNXHinoWZpO8J/view?usp=drivesdk
adherents;ATUSA (REF SANS PAIEMENT);Tuyaux et raccords (réseau);Vanne;Fiche technique;FT MANOMÈTRE REF. 432.pdf;FOURNISSEURS ADHERENTS/ATUSA (REF SANS PAIEMENT)/FICHES TECHNIQUES /VANNES LAITON;application/pdf;452102;1XhCyfMM8wSiSJzlgBib_EHMAhrMQtD7D;https://drive.google.com/file/d/1XhCyfMM8wSiSJzlgBib_EHMAhrMQtD7D/view?usp=drivesdk
adherents;ATUSA (REF SANS PAIEMENT);Tuyaux et raccords (réseau);Vanne;Fiche technique;FT MANOMÈTRE REF. 440.pdf;FOURNISSEURS ADHERENTS/ATUSA (REF SANS PAIEMENT)/FICHES TECHNIQUES /VANNES LAITON;application/pdf;245741;1cm0-J067LI3BeXAgpIf_rdNKt6ucKGGB;https://drive.google.com/file/d/1cm0-J067LI3BeXAgpIf_rdNKt6ucKGGB/view?usp=drivesdk
adherents;ATUSA (REF SANS PAIEMENT);Tuyaux et raccords (réseau);Vanne;Fiche technique;FT MANOMÈTRE REF. 441.pdf;FOURNISSEURS ADHERENTS/ATUSA (REF SANS PAIEMENT)/FICHES TECHNIQUES /VANNES LAITON;application/pdf;227514;1H2P50j49hmykMh34dN4BvjwtwhBANFFn;https://drive.google.com/file/d/1H2P50j49hmykMh34dN4BvjwtwhBANFFn/view?usp=drivesdk
adherents;ATUSA (REF SANS PAIEMENT);Tuyaux et raccords (réseau);Vanne;Fiche technique;FT REGARD ARROSAGE RÉF. 800.pdf;FOURNISSEURS ADHERENTS/ATUSA (REF SANS PAIEMENT)/FICHES TECHNIQUES /VANNES LAITON;application/pdf;619701;1I5fodfOmoO7ZqxCQK5-LHe8de5X7HTWR;https://drive.google.com/file/d/1I5fodfOmoO7ZqxCQK5-LHe8de5X7HTWR/view?usp=drivesdk
adherents;ATUSA (REF SANS PAIEMENT);Tuyaux et raccords (réseau);Vanne;Fiche technique;FT ROBINET AVEC LEVIER FILETÉ ET ARTICULÉ.pdf;FOURNISSEURS ADHERENTS/ATUSA (REF SANS PAIEMENT)/FICHES TECHNIQUES /VANNES LAITON;application/pdf;278779;1Pofap6kJkjJ-Zh6l20Yfuzdj2ABMwxVN;https://drive.google.com/file/d/1Pofap6kJkjJ-Zh6l20Yfuzdj2ABMwxVN/view?usp=drivesdk
adherents;ATUSA (REF SANS PAIEMENT);Tuyaux et raccords (réseau);Vanne;Fiche technique;FT ROBINET AVEC LEVIER FILETÉ.pdf;FOURNISSEURS ADHERENTS/ATUSA (REF SANS PAIEMENT)/FICHES TECHNIQUES /VANNES LAITON;application/pdf;262216;11g-MWkLmgbrIS2TN1qlbMNhe1bnlR__u;https://drive.google.com/file/d/11g-MWkLmgbrIS2TN1qlbMNhe1bnlR__u/view?usp=drivesdk
adherents;ATUSA (REF SANS PAIEMENT);Tuyaux et raccords (réseau);Vanne;Fiche technique;FT ROBINET AVEC LEVIER PLAT.pdf;FOURNISSEURS ADHERENTS/ATUSA (REF SANS PAIEMENT)/FICHES TECHNIQUES /VANNES LAITON;application/pdf;264423;19752s3YM5M4azsXwMIUtVXNljixVrKs2;https://drive.google.com/file/d/19752s3YM5M4azsXwMIUtVXNljixVrKs2/view?usp=drivesdk
adherents;ATUSA (REF SANS PAIEMENT);Tuyaux et raccords (réseau);Vanne;Fiche technique;FT ROBINET DE PUISAGE LAITON REF. 41.pdf;FOURNISSEURS ADHERENTS/ATUSA (REF SANS PAIEMENT)/FICHES TECHNIQUES /VANNES LAITON;application/pdf;803932;1MGgkJ1Vs3nbRs92Vouywpeqf5aDhw_o6;https://drive.google.com/file/d/1MGgkJ1Vs3nbRs92Vouywpeqf5aDhw_o6/view?usp=drivesdk
adherents;ATUSA (REF SANS PAIEMENT);Tuyaux et raccords (réseau);Vanne;Fiche technique;FT ROBINET DE PUISAGE REF. 42.pdf;FOURNISSEURS ADHERENTS/ATUSA (REF SANS PAIEMENT)/FICHES TECHNIQUES /VANNES LAITON;application/pdf;573199;1XDhcbE_6Eg_fj3gdgR2IhwDFb553zouN;https://drive.google.com/file/d/1XDhcbE_6Eg_fj3gdgR2IhwDFb553zouN/view?usp=drivesdk
adherents;ATUSA (REF SANS PAIEMENT);Tuyaux et raccords (réseau);Vanne;Fiche technique;FT ROBINET DE PUISAGE REF. 43.pdf;FOURNISSEURS ADHERENTS/ATUSA (REF SANS PAIEMENT)/FICHES TECHNIQUES /VANNES LAITON;application/pdf;544426;1dEPZIFRY83z0c-iWq34eeqmBQ_1Lxx8U;https://drive.google.com/file/d/1dEPZIFRY83z0c-iWq34eeqmBQ_1Lxx8U/view?usp=drivesdk
adherents;ATUSA (REF SANS PAIEMENT);Tuyaux et raccords (réseau);Vanne;Fiche technique;FT ROBINET DE PUISAGE REF. 44.pdf;FOURNISSEURS ADHERENTS/ATUSA (REF SANS PAIEMENT)/FICHES TECHNIQUES /VANNES LAITON;application/pdf;544495;1rSgO-pzAfWUR1jP7XR25oSy1cDN2zYnD;https://drive.google.com/file/d/1rSgO-pzAfWUR1jP7XR25oSy1cDN2zYnD/view?usp=drivesdk
adherents;ATUSA (REF SANS PAIEMENT);Tuyaux et raccords (réseau);Vanne;Fiche technique;FT ROBINET DE PUISAGE REF. 45.pdf;FOURNISSEURS ADHERENTS/ATUSA (REF SANS PAIEMENT)/FICHES TECHNIQUES /VANNES LAITON;application/pdf;1194174;180gPNk_D0VOGBHKBGRnTScmkEPG6waOa;https://drive.google.com/file/d/180gPNk_D0VOGBHKBGRnTScmkEPG6waOa/view?usp=drivesdk
adherents;ATUSA (REF SANS PAIEMENT);Tuyaux et raccords (réseau);Vanne;Fiche technique;FT ROBINET DOUBLE RÉF. 1200.pdf;FOURNISSEURS ADHERENTS/ATUSA (REF SANS PAIEMENT)/FICHES TECHNIQUES /VANNES LAITON;application/pdf;576107;16BJewgeBEg5sg70YWaluASpoV3WHmHsE;https://drive.google.com/file/d/16BJewgeBEg5sg70YWaluASpoV3WHmHsE/view?usp=drivesdk
adherents;ATUSA (REF SANS PAIEMENT);Fixation / consommables;Consommable;Fiche technique;FT RUBAN PTFE.pdf;FOURNISSEURS ADHERENTS/ATUSA (REF SANS PAIEMENT)/FICHES TECHNIQUES /VANNES LAITON;application/pdf;320079;1q7Z5t5diTo9bAX_x5yCfEMk3FFxpcRRr;https://drive.google.com/file/d/1q7Z5t5diTo9bAX_x5yCfEMk3FFxpcRRr/view?usp=drivesdk
adherents;ATUSA (REF SANS PAIEMENT);Tuyaux et raccords (réseau);Vanne;Fiche technique;FT RÉDUCTEUR DE PRESSION RÉF. 140.pdf;FOURNISSEURS ADHERENTS/ATUSA (REF SANS PAIEMENT)/FICHES TECHNIQUES /VANNES LAITON;application/pdf;904468;1CiDpWVvBj7_wp46YA-DvCsa1PGVrE12f;https://drive.google.com/file/d/1CiDpWVvBj7_wp46YA-DvCsa1PGVrE12f/view?usp=drivesdk
adherents;ATUSA (REF SANS PAIEMENT);Tuyaux et raccords (réseau);Vanne;Fiche technique;FT RÉDUCTEUR DE PRESSION RÉF. 143.pdf;FOURNISSEURS ADHERENTS/ATUSA (REF SANS PAIEMENT)/FICHES TECHNIQUES /VANNES LAITON;application/pdf;1062981;1en8pKG_PkgKby5ObS6QC3lgy842EHkiX;https://drive.google.com/file/d/1en8pKG_PkgKby5ObS6QC3lgy842EHkiX/view?usp=drivesdk
adherents;ATUSA (REF SANS PAIEMENT);Tuyaux et raccords (réseau);Vanne;Fiche technique;FT RÉDUCTEUR DE PRESSION RÉF. 146.pdf;FOURNISSEURS ADHERENTS/ATUSA (REF SANS PAIEMENT)/FICHES TECHNIQUES /VANNES LAITON;application/pdf;1199197;1V5lVlH3Uu__QFsk0OEBAnAeMAUERcT0x;https://drive.google.com/file/d/1V5lVlH3Uu__QFsk0OEBAnAeMAUERcT0x/view?usp=drivesdk
adherents;ATUSA (REF SANS PAIEMENT);Tuyaux et raccords (réseau);Vanne;Fiche technique;FT RÉDUCTEUR DE PRESSION RÉF. 148.pdf;FOURNISSEURS ADHERENTS/ATUSA (REF SANS PAIEMENT)/FICHES TECHNIQUES /VANNES LAITON;application/pdf;944126;1YGK8SSNoFOD7-7pE5zJqFwq_swyDcNoq;https://drive.google.com/file/d/1YGK8SSNoFOD7-7pE5zJqFwq_swyDcNoq/view?usp=drivesdk
adherents;ATUSA (REF SANS PAIEMENT);Tuyaux et raccords (réseau);Vanne;Fiche technique;FT RÉDUCTEUR DE PRESSION RÉF. 149.pdf;FOURNISSEURS ADHERENTS/ATUSA (REF SANS PAIEMENT)/FICHES TECHNIQUES /VANNES LAITON;application/pdf;1053219;1JJIO-43a7crksi589EBuRIWRYVzj8eHi;https://drive.google.com/file/d/1JJIO-43a7crksi589EBuRIWRYVzj8eHi/view?usp=drivesdk
adherents;ATUSA (REF SANS PAIEMENT);Tuyaux et raccords (réseau);Vanne;Fiche technique;FT SOUPAPES DE SÉCURITÉ LAITON REF. 702.pdf;FOURNISSEURS ADHERENTS/ATUSA (REF SANS PAIEMENT)/FICHES TECHNIQUES /VANNES LAITON;application/pdf;1199792;1RgTq1gSaKg-JcJLBbcwwyimIVc1EkDXn;https://drive.google.com/file/d/1RgTq1gSaKg-JcJLBbcwwyimIVc1EkDXn/view?usp=drivesdk
adherents;ATUSA (REF SANS PAIEMENT);Tuyaux et raccords (réseau);Vanne;Fiche technique;FT SOUPAPES DE SÉCURITÉ LAITON REF. 705.pdf;FOURNISSEURS ADHERENTS/ATUSA (REF SANS PAIEMENT)/FICHES TECHNIQUES /VANNES LAITON;application/pdf;1333770;16qXZ-Lr6lyXJW8YWaJnGv3SFwZIJqnpY;https://drive.google.com/file/d/16qXZ-Lr6lyXJW8YWaJnGv3SFwZIJqnpY/view?usp=drivesdk
adherents;ATUSA (REF SANS PAIEMENT);Tuyaux et raccords (réseau);Vanne;Fiche technique;FT SOUPAPES DE SÉCURITÉ LAITON REF. 706.pdf;FOURNISSEURS ADHERENTS/ATUSA (REF SANS PAIEMENT)/FICHES TECHNIQUES /VANNES LAITON;application/pdf;1407043;1T-vn-w_K8V6mQnNVaE6yGWGM-fUWb7Te;https://drive.google.com/file/d/1T-vn-w_K8V6mQnNVaE6yGWGM-fUWb7Te/view?usp=drivesdk
adherents;ATUSA (REF SANS PAIEMENT);Tuyaux et raccords (réseau);Vanne;Fiche technique;FT THERMOMÈTRE REF. 610.pdf;FOURNISSEURS ADHERENTS/ATUSA (REF SANS PAIEMENT)/FICHES TECHNIQUES /VANNES LAITON;application/pdf;275092;1yNkl7rtBwRjPfm0ntecFA3VNqnUlgDxL;https://drive.google.com/file/d/1yNkl7rtBwRjPfm0ntecFA3VNqnUlgDxL/view?usp=drivesdk
adherents;ATUSA (REF SANS PAIEMENT);Tuyaux et raccords (réseau);Vanne;Fiche technique;FT THERMOMÈTRE REF. 620.pdf;FOURNISSEURS ADHERENTS/ATUSA (REF SANS PAIEMENT)/FICHES TECHNIQUES /VANNES LAITON;application/pdf;275337;1qu4jQoq9gBCQNdEziolWV5FxbrMIc-sO;https://drive.google.com/file/d/1qu4jQoq9gBCQNdEziolWV5FxbrMIc-sO/view?usp=drivesdk
adherents;ATUSA (REF SANS PAIEMENT);Tuyaux et raccords (réseau);Vanne;Fiche technique;FT THERMOMÈTRE REF. 640.pdf;FOURNISSEURS ADHERENTS/ATUSA (REF SANS PAIEMENT)/FICHES TECHNIQUES /VANNES LAITON;application/pdf;290128;1LbwDYMLHm8z-94HAVX78fwfIndeWTkix;https://drive.google.com/file/d/1LbwDYMLHm8z-94HAVX78fwfIndeWTkix/view?usp=drivesdk
adherents;ATUSA (REF SANS PAIEMENT);Tuyaux et raccords (réseau);Vanne;Fiche technique;FT THERMOMÈTRE REF. 650.pdf;FOURNISSEURS ADHERENTS/ATUSA (REF SANS PAIEMENT)/FICHES TECHNIQUES /VANNES LAITON;application/pdf;290133;1GB54kJ5ooichGDZJp5I4bx25tRCxEA0e;https://drive.google.com/file/d/1GB54kJ5ooichGDZJp5I4bx25tRCxEA0e/view?usp=drivesdk
adherents;ATUSA (REF SANS PAIEMENT);Tuyaux et raccords (réseau);Vanne;Fiche technique;FT THERMOMÈTRE REF. 660.pdf;FOURNISSEURS ADHERENTS/ATUSA (REF SANS PAIEMENT)/FICHES TECHNIQUES /VANNES LAITON;application/pdf;289649;1SQdZCPmQwACK9tH8Dpqwf2Xyd_KRd-io;https://drive.google.com/file/d/1SQdZCPmQwACK9tH8Dpqwf2Xyd_KRd-io/view?usp=drivesdk
adherents;ATUSA (REF SANS PAIEMENT);Tuyaux et raccords (réseau);Vanne;Fiche technique;FT THERMOMÈTRE REF. 670.pdf;FOURNISSEURS ADHERENTS/ATUSA (REF SANS PAIEMENT)/FICHES TECHNIQUES /VANNES LAITON;application/pdf;261508;12g9bVSC0Dl0fVLG0_KtfHy2Trot5-aQG;https://drive.google.com/file/d/12g9bVSC0Dl0fVLG0_KtfHy2Trot5-aQG/view?usp=drivesdk
adherents;ATUSA (REF SANS PAIEMENT);Tuyaux et raccords (réseau);Vanne;Fiche technique;FT THERMOMÈTRE REF. 680.pdf;FOURNISSEURS ADHERENTS/ATUSA (REF SANS PAIEMENT)/FICHES TECHNIQUES /VANNES LAITON;application/pdf;288305;1K3sGs5fYAZp0rMdCpkgUQx1SgYaI4UQ4;https://drive.google.com/file/d/1K3sGs5fYAZp0rMdCpkgUQx1SgYaI4UQ4/view?usp=drivesdk
adherents;ATUSA (REF SANS PAIEMENT);Fixation / consommables;Consommable;Fiche technique;FT TÉFLON LIQUIDE A90.pdf;FOURNISSEURS ADHERENTS/ATUSA (REF SANS PAIEMENT)/FICHES TECHNIQUES /VANNES LAITON;application/pdf;395217;16Ltbrp09qtS0UiWTwwEnVikllK4dGOSh;https://drive.google.com/file/d/16Ltbrp09qtS0UiWTwwEnVikllK4dGOSh/view?usp=drivesdk
adherents;ATUSA (REF SANS PAIEMENT);Filtration;Filtre;Fiche technique;FT VANNE CRÉPINE REF. 196.pdf;FOURNISSEURS ADHERENTS/ATUSA (REF SANS PAIEMENT)/FICHES TECHNIQUES /VANNES LAITON;application/pdf;244336;1UWeb9AHf3-Lsm_RLTwUzgwTnqRhsGjff;https://drive.google.com/file/d/1UWeb9AHf3-Lsm_RLTwUzgwTnqRhsGjff/view?usp=drivesdk
adherents;ATUSA (REF SANS PAIEMENT);Tuyaux et raccords (réseau);Vanne;Fiche technique;FT VANNE D’ANGLE RÉF. 1100.pdf;FOURNISSEURS ADHERENTS/ATUSA (REF SANS PAIEMENT)/FICHES TECHNIQUES /VANNES LAITON;application/pdf;579864;128mI62rAzqYbpBmrE99FK2_iVPwpZErP;https://drive.google.com/file/d/128mI62rAzqYbpBmrE99FK2_iVPwpZErP/view?usp=drivesdk
adherents;ATUSA (REF SANS PAIEMENT);Tuyaux et raccords (réseau);Vanne;Fiche technique;FT VANNE D’ANGLE RÉF. 60L.pdf;FOURNISSEURS ADHERENTS/ATUSA (REF SANS PAIEMENT)/FICHES TECHNIQUES /VANNES LAITON;application/pdf;885075;11M_4lSbBpFwxsydJ_wac6-YHdm9C-xB7;https://drive.google.com/file/d/11M_4lSbBpFwxsydJ_wac6-YHdm9C-xB7/view?usp=drivesdk
adherents;ATUSA (REF SANS PAIEMENT);Tuyaux et raccords (réseau);Vanne;Fiche technique;FT VANNE D’ANGLE RÉF. 61.pdf;FOURNISSEURS ADHERENTS/ATUSA (REF SANS PAIEMENT)/FICHES TECHNIQUES /VANNES LAITON;application/pdf;423282;1z1h6M4SrC3qmudKbK2VvmUNVrYiiZQyq;https://drive.google.com/file/d/1z1h6M4SrC3qmudKbK2VvmUNVrYiiZQyq/view?usp=drivesdk
adherents;ATUSA (REF SANS PAIEMENT);Tuyaux et raccords (réseau);Vanne;Fiche technique;FT VANNE D’ANGLE RÉF. 62.pdf;FOURNISSEURS ADHERENTS/ATUSA (REF SANS PAIEMENT)/FICHES TECHNIQUES /VANNES LAITON;application/pdf;401546;1cpNlPs_70vQu_kt85pEP97cwpZuOhvuL;https://drive.google.com/file/d/1cpNlPs_70vQu_kt85pEP97cwpZuOhvuL/view?usp=drivesdk
adherents;ATUSA (REF SANS PAIEMENT);Tuyaux et raccords (réseau);Vanne;Fiche technique;FT VANNE INCLINÉE RÉF. 173.pdf;FOURNISSEURS ADHERENTS/ATUSA (REF SANS PAIEMENT)/FICHES TECHNIQUES /VANNES LAITON;application/pdf;299016;1DeT2TPZL4Zzvk9hEXBkXIcusT42B9nW9;https://drive.google.com/file/d/1DeT2TPZL4Zzvk9hEXBkXIcusT42B9nW9/view?usp=drivesdk
adherents;ATUSA (REF SANS PAIEMENT);Tuyaux et raccords (réseau);Vanne;Fiche technique;FT VANNE MACHINE A LAVER.pdf;FOURNISSEURS ADHERENTS/ATUSA (REF SANS PAIEMENT)/FICHES TECHNIQUES /VANNES LAITON;application/pdf;613959;1UYdOe5q7PlY7K0tt13zgvQHqyErRPg1J;https://drive.google.com/file/d/1UYdOe5q7PlY7K0tt13zgvQHqyErRPg1J/view?usp=drivesdk
adherents;ATUSA (REF SANS PAIEMENT);Tuyaux et raccords (réseau);Vanne;Fiche technique;FT VANNE MIXTE RÉF. 1300.pdf;FOURNISSEURS ADHERENTS/ATUSA (REF SANS PAIEMENT)/FICHES TECHNIQUES /VANNES LAITON;application/pdf;387939;1gjfoIXsnmB3XO9NWPbgeak0qBFMpl8iJ;https://drive.google.com/file/d/1gjfoIXsnmB3XO9NWPbgeak0qBFMpl8iJ/view?usp=drivesdk
adherents;ATUSA (REF SANS PAIEMENT);Tuyaux et raccords (réseau);Vanne;Fiche technique;FT VANNE SÉCURITÉ RÉF. 560.pdf;FOURNISSEURS ADHERENTS/ATUSA (REF SANS PAIEMENT)/FICHES TECHNIQUES /VANNES LAITON;application/pdf;864205;1_g-JbiVl6yIFoWHMGGYDIbmfRUZDUbDQ;https://drive.google.com/file/d/1_g-JbiVl6yIFoWHMGGYDIbmfRUZDUbDQ/view?usp=drivesdk
adherents;ATUSA (REF SANS PAIEMENT);Tuyaux et raccords (réseau);Vanne;Fiche technique;FT VANNE À OPERCULE EN BRONZE - PN16 - REF 172.pdf;FOURNISSEURS ADHERENTS/ATUSA (REF SANS PAIEMENT)/FICHES TECHNIQUES /VANNES LAITON;application/pdf;553997;1dEaqDe_3HsKuS2-EFz89WczGG6ccIrac;https://drive.google.com/file/d/1dEaqDe_3HsKuS2-EFz89WczGG6ccIrac/view?usp=drivesdk
adherents;ATUSA (REF SANS PAIEMENT);Tuyaux et raccords (réseau);Vanne;Fiche technique;FT VANNE À OPERCULE LAITON REF. 150.pdf;FOURNISSEURS ADHERENTS/ATUSA (REF SANS PAIEMENT)/FICHES TECHNIQUES /VANNES LAITON;application/pdf;422451;1hsobybuUVhdJDFIxWN_08CWFKLQIOGPz;https://drive.google.com/file/d/1hsobybuUVhdJDFIxWN_08CWFKLQIOGPz/view?usp=drivesdk
adherents;ATUSA (REF SANS PAIEMENT);Tuyaux et raccords (réseau);Vanne;Fiche technique;FT VANNE À OPERCULE RÉF. 150_G.pdf;FOURNISSEURS ADHERENTS/ATUSA (REF SANS PAIEMENT)/FICHES TECHNIQUES /VANNES LAITON;application/pdf;529444;1CorU3h1n4JGtbuaU09isueVB3ihoqqGX;https://drive.google.com/file/d/1CorU3h1n4JGtbuaU09isueVB3ihoqqGX/view?usp=drivesdk
adherents;ATUSA (REF SANS PAIEMENT);Tuyaux et raccords (réseau);Vanne;Fiche technique;FT VANNE À SPHÈRE BOUCHE D'ARROSAGE RÉF. 88.pdf;FOURNISSEURS ADHERENTS/ATUSA (REF SANS PAIEMENT)/FICHES TECHNIQUES /VANNES LAITON;application/pdf;545974;1JB6SdUpBMvAu4BNvXQaq6gxUKNP-dhfT;https://drive.google.com/file/d/1JB6SdUpBMvAu4BNvXQaq6gxUKNP-dhfT/view?usp=drivesdk
adherents;ATUSA (REF SANS PAIEMENT);Tuyaux et raccords (réseau);Vanne;Fiche technique;FT VANNE À SPHÈRE POIGNÉE INOX REF. 50_I.pdf;FOURNISSEURS ADHERENTS/ATUSA (REF SANS PAIEMENT)/FICHES TECHNIQUES /VANNES LAITON;application/pdf;807187;1OnLq8MLJmKKWqNgUBn9qN-71vtXJs95O;https://drive.google.com/file/d/1OnLq8MLJmKKWqNgUBn9qN-71vtXJs95O/view?usp=drivesdk
adherents;ATUSA (REF SANS PAIEMENT);Tuyaux et raccords (réseau);Vanne;Fiche technique;FT VANNE À SPHÈRE REF. 10.pdf;FOURNISSEURS ADHERENTS/ATUSA (REF SANS PAIEMENT)/FICHES TECHNIQUES /VANNES LAITON;application/pdf;768303;1geU9sWMHHD4xU6P_9Y-MPdWZAc62YmRv;https://drive.google.com/file/d/1geU9sWMHHD4xU6P_9Y-MPdWZAc62YmRv/view?usp=drivesdk
adherents;ATUSA (REF SANS PAIEMENT);Tuyaux et raccords (réseau);Vanne;Fiche technique;FT VANNE À SPHÈRE REF. 30_S.pdf;FOURNISSEURS ADHERENTS/ATUSA (REF SANS PAIEMENT)/FICHES TECHNIQUES /VANNES LAITON;application/pdf;633693;1IehlmmqrmWH0NwpKqnGjddQjeu4XrCNL;https://drive.google.com/file/d/1IehlmmqrmWH0NwpKqnGjddQjeu4XrCNL/view?usp=drivesdk
adherents;ATUSA (REF SANS PAIEMENT);Tuyaux et raccords (réseau);Vanne;Fiche technique;FT VANNE À SPHÈRE REF. 330_S.pdf;FOURNISSEURS ADHERENTS/ATUSA (REF SANS PAIEMENT)/FICHES TECHNIQUES /VANNES LAITON;application/pdf;590458;1CAXF-kRzVjgwKnYQwmdwkmS58zvq4qcv;https://drive.google.com/file/d/1CAXF-kRzVjgwKnYQwmdwkmS58zvq4qcv/view?usp=drivesdk
adherents;ATUSA (REF SANS PAIEMENT);Tuyaux et raccords (réseau);Vanne;Fiche technique;FT VANNE À SPHÈRE REF. 355.pdf;FOURNISSEURS ADHERENTS/ATUSA (REF SANS PAIEMENT)/FICHES TECHNIQUES /VANNES LAITON;application/pdf;684246;1JBTK5RBAESAOmQzcNwhzJYiF-aZOAWuU;https://drive.google.com/file/d/1JBTK5RBAESAOmQzcNwhzJYiF-aZOAWuU/view?usp=drivesdk
adherents;ATUSA (REF SANS PAIEMENT);Tuyaux et raccords (réseau);Vanne;Fiche technique;FT VANNE À SPHÈRE REF. 356.pdf;FOURNISSEURS ADHERENTS/ATUSA (REF SANS PAIEMENT)/FICHES TECHNIQUES /VANNES LAITON;application/pdf;710904;17vE4c4AjNtikhDIbvvMQgvlaVl90jQyN;https://drive.google.com/file/d/17vE4c4AjNtikhDIbvvMQgvlaVl90jQyN/view?usp=drivesdk
adherents;ATUSA (REF SANS PAIEMENT);Tuyaux et raccords (réseau);Vanne;Fiche technique;FT VANNE À SPHÈRE REF. 40.pdf;FOURNISSEURS ADHERENTS/ATUSA (REF SANS PAIEMENT)/FICHES TECHNIQUES /VANNES LAITON;application/pdf;781823;1Fy4PsaKYx1oxuao3EhoC2TdcoJLKDfGG;https://drive.google.com/file/d/1Fy4PsaKYx1oxuao3EhoC2TdcoJLKDfGG/view?usp=drivesdk
adherents;ATUSA (REF SANS PAIEMENT);Tuyaux et raccords (réseau);Vanne;Fiche technique;FT VANNE À SPHÈRE REF. 50.pdf;FOURNISSEURS ADHERENTS/ATUSA (REF SANS PAIEMENT)/FICHES TECHNIQUES /VANNES LAITON;application/pdf;806579;1hTBKxGK9hIOvDq2jMW48PIUlMIcd1KkQ;https://drive.google.com/file/d/1hTBKxGK9hIOvDq2jMW48PIUlMIcd1KkQ/view?usp=drivesdk
adherents;ATUSA (REF SANS PAIEMENT);Tuyaux et raccords (réseau);Vanne;Fiche technique;FT VANNE À SPHÈRE REF. 55.pdf;FOURNISSEURS ADHERENTS/ATUSA (REF SANS PAIEMENT)/FICHES TECHNIQUES /VANNES LAITON;application/pdf;803052;1IsMF6cVfm1MtlzUMxCA7K838X-QRwE97;https://drive.google.com/file/d/1IsMF6cVfm1MtlzUMxCA7K838X-QRwE97/view?usp=drivesdk
adherents;ATUSA (REF SANS PAIEMENT);Tuyaux et raccords (réseau);Vanne;Fiche technique;FT VANNE À SPHÈRE RÉF. 1011.pdf;FOURNISSEURS ADHERENTS/ATUSA (REF SANS PAIEMENT)/FICHES TECHNIQUES /VANNES LAITON;application/pdf;635578;1hjdgLSJzaiAO0TbQUPQOgAEuIyYomSdL;https://drive.google.com/file/d/1hjdgLSJzaiAO0TbQUPQOgAEuIyYomSdL/view?usp=drivesdk
adherents;ATUSA (REF SANS PAIEMENT);Tuyaux et raccords (réseau);Vanne;Fiche technique;FT VANNE À SPHÈRE RÉF. 1011R.pdf;FOURNISSEURS ADHERENTS/ATUSA (REF SANS PAIEMENT)/FICHES TECHNIQUES /VANNES LAITON;application/pdf;642559;1vRiLpevzKlVWK7bhwJWCBzS-tyz57Hiz;https://drive.google.com/file/d/1vRiLpevzKlVWK7bhwJWCBzS-tyz57Hiz/view?usp=drivesdk
adherents;ATUSA (REF SANS PAIEMENT);Tuyaux et raccords (réseau);Vanne;Fiche technique;FT VANNE À SPHÈRE RÉF. 1012.pdf;FOURNISSEURS ADHERENTS/ATUSA (REF SANS PAIEMENT)/FICHES TECHNIQUES /VANNES LAITON;application/pdf;649940;1nemUpyFH38QL0uCLFBBYZTWdCKFQV6w_;https://drive.google.com/file/d/1nemUpyFH38QL0uCLFBBYZTWdCKFQV6w_/view?usp=drivesdk
adherents;ATUSA (REF SANS PAIEMENT);Tuyaux et raccords (réseau);Vanne;Fiche technique;FT VANNE À SPHÈRE RÉF. 1012R.pdf;FOURNISSEURS ADHERENTS/ATUSA (REF SANS PAIEMENT)/FICHES TECHNIQUES /VANNES LAITON;application/pdf;651544;1B7QqSOOq4vvTAj_fqpn666t9uQmvkPY2;https://drive.google.com/file/d/1B7QqSOOq4vvTAj_fqpn666t9uQmvkPY2/view?usp=drivesdk
adherents;ATUSA (REF SANS PAIEMENT);Tuyaux et raccords (réseau);Vanne;Fiche technique;FT VANNE À SPHÈRE RÉF. 1302.pdf;FOURNISSEURS ADHERENTS/ATUSA (REF SANS PAIEMENT)/FICHES TECHNIQUES /VANNES LAITON;application/pdf;772276;14juMuoINkchJwyFtcQvO_d0ug7Tid3IL;https://drive.google.com/file/d/14juMuoINkchJwyFtcQvO_d0ug7Tid3IL/view?usp=drivesdk
adherents;ATUSA (REF SANS PAIEMENT);Tuyaux et raccords (réseau);Vanne;Fiche technique;FT VANNE À SPHÈRE RÉF. 1303.pdf;FOURNISSEURS ADHERENTS/ATUSA (REF SANS PAIEMENT)/FICHES TECHNIQUES /VANNES LAITON;application/pdf;781282;1zZrBBPvEN2USKVKqv3487bJF8PjIq2N8;https://drive.google.com/file/d/1zZrBBPvEN2USKVKqv3487bJF8PjIq2N8/view?usp=drivesdk
adherents;ATUSA (REF SANS PAIEMENT);Tuyaux et raccords (réseau);Vanne;Fiche technique;FT VANNE À SPHÈRE RÉF. 340.pdf;FOURNISSEURS ADHERENTS/ATUSA (REF SANS PAIEMENT)/FICHES TECHNIQUES /VANNES LAITON;application/pdf;724965;1KVbMY1Hx67ER6fMqzsnJuqIGuih3DrBa;https://drive.google.com/file/d/1KVbMY1Hx67ER6fMqzsnJuqIGuih3DrBa/view?usp=drivesdk
adherents;ATUSA (REF SANS PAIEMENT);Tuyaux et raccords (réseau);Vanne;Fiche technique;FT VANNE À SPHÈRE RÉF. 346.pdf;FOURNISSEURS ADHERENTS/ATUSA (REF SANS PAIEMENT)/FICHES TECHNIQUES /VANNES LAITON;application/pdf;720324;1sa343KFWmWLQSuGwIRK3Fb8m715Pm8Gr;https://drive.google.com/file/d/1sa343KFWmWLQSuGwIRK3Fb8m715Pm8Gr/view?usp=drivesdk
adherents;ATUSA (REF SANS PAIEMENT);Tuyaux et raccords (réseau);Vanne;Fiche technique;FT VANNE À SPHÈRE RÉF. 350.pdf;FOURNISSEURS ADHERENTS/ATUSA (REF SANS PAIEMENT)/FICHES TECHNIQUES /VANNES LAITON;application/pdf;707842;1PlslcCW2nJKPNIdMsNOD9BkZesrt4wof;https://drive.google.com/file/d/1PlslcCW2nJKPNIdMsNOD9BkZesrt4wof/view?usp=drivesdk
adherents;ATUSA (REF SANS PAIEMENT);Tuyaux et raccords (réseau);Vanne;Fiche technique;FT VANNE À SPHÈRE RÉF. 354.pdf;FOURNISSEURS ADHERENTS/ATUSA (REF SANS PAIEMENT)/FICHES TECHNIQUES /VANNES LAITON;application/pdf;705262;18pjkjx6Em4Ggg7AFXxsi8oPTaU2tljS1;https://drive.google.com/file/d/18pjkjx6Em4Ggg7AFXxsi8oPTaU2tljS1/view?usp=drivesdk
adherents;ATUSA (REF SANS PAIEMENT);Tuyaux et raccords (réseau);Vanne;Fiche technique;FT VANNE À SPHÈRE RÉF. 354R.pdf;FOURNISSEURS ADHERENTS/ATUSA (REF SANS PAIEMENT)/FICHES TECHNIQUES /VANNES LAITON;application/pdf;706382;10c1Q3H1e8c3ifux07B3v5gC3K3qQtnje;https://drive.google.com/file/d/10c1Q3H1e8c3ifux07B3v5gC3K3qQtnje/view?usp=drivesdk
adherents;ATUSA (REF SANS PAIEMENT);Tuyaux et raccords (réseau);Vanne;Fiche technique;FT VANNE À SPHÈRE RÉF. 355R.pdf;FOURNISSEURS ADHERENTS/ATUSA (REF SANS PAIEMENT)/FICHES TECHNIQUES /VANNES LAITON;application/pdf;683137;1_rkUiNTz8ptIVnGFxlgaOBBoBTEFQ5Im;https://drive.google.com/file/d/1_rkUiNTz8ptIVnGFxlgaOBBoBTEFQ5Im/view?usp=drivesdk
adherents;ATUSA (REF SANS PAIEMENT);Tuyaux et raccords (réseau);Vanne;Fiche technique;FT VANNE À SPHÈRE RÉF. 357.pdf;FOURNISSEURS ADHERENTS/ATUSA (REF SANS PAIEMENT)/FICHES TECHNIQUES /VANNES LAITON;application/pdf;737716;1X6FB4-k9A7jsdG15SwH9Sz6LUsGg6oBz;https://drive.google.com/file/d/1X6FB4-k9A7jsdG15SwH9Sz6LUsGg6oBz/view?usp=drivesdk
adherents;ATUSA (REF SANS PAIEMENT);Tuyaux et raccords (réseau);Vanne;Fiche technique;FT VANNE À SPHÈRE RÉF. 360.pdf;FOURNISSEURS ADHERENTS/ATUSA (REF SANS PAIEMENT)/FICHES TECHNIQUES /VANNES LAITON;application/pdf;682848;1-63BR5VignBnWDy2KdgvUyW4NnyJzOR7;https://drive.google.com/file/d/1-63BR5VignBnWDy2KdgvUyW4NnyJzOR7/view?usp=drivesdk
adherents;ATUSA (REF SANS PAIEMENT);Tuyaux et raccords (réseau);Vanne;Fiche technique;FT VANNE À SPHÈRE RÉF. 361.pdf;FOURNISSEURS ADHERENTS/ATUSA (REF SANS PAIEMENT)/FICHES TECHNIQUES /VANNES LAITON;application/pdf;696791;14-vCnr49A0gtJL19FFvHhmzSugKWo6CB;https://drive.google.com/file/d/14-vCnr49A0gtJL19FFvHhmzSugKWo6CB/view?usp=drivesdk
adherents;ATUSA (REF SANS PAIEMENT);Tuyaux et raccords (réseau);Vanne;Fiche technique;FT VANNE À SPHÈRE RÉF. 46.pdf;FOURNISSEURS ADHERENTS/ATUSA (REF SANS PAIEMENT)/FICHES TECHNIQUES /VANNES LAITON;application/pdf;1030539;11RauQd58XoHCBdrQ3SMgEuoNjcSFOrPC;https://drive.google.com/file/d/11RauQd58XoHCBdrQ3SMgEuoNjcSFOrPC/view?usp=drivesdk
adherents;ATUSA (REF SANS PAIEMENT);Tuyaux et raccords (réseau);Vanne;Fiche technique;FT VANNE À SPHÈRE RÉF. 519.pdf;FOURNISSEURS ADHERENTS/ATUSA (REF SANS PAIEMENT)/FICHES TECHNIQUES /VANNES LAITON;application/pdf;581892;1EDqaCLggFT6WgxB7foGcYw3ensNpLOQm;https://drive.google.com/file/d/1EDqaCLggFT6WgxB7foGcYw3ensNpLOQm/view?usp=drivesdk
adherents;ATUSA (REF SANS PAIEMENT);Tuyaux et raccords (réseau);Vanne;Fiche technique;FT VANNE À SPHÈRE RÉF. 54.pdf;FOURNISSEURS ADHERENTS/ATUSA (REF SANS PAIEMENT)/FICHES TECHNIQUES /VANNES LAITON;application/pdf;673313;1YmH42zuvGSSeM7loaliAr8h9ZeLXQMh4;https://drive.google.com/file/d/1YmH42zuvGSSeM7loaliAr8h9ZeLXQMh4/view?usp=drivesdk
adherents;ATUSA (REF SANS PAIEMENT);Tuyaux et raccords (réseau);Vanne;Fiche technique;FT VANNE À SPHÈRE RÉF. 54R.pdf;FOURNISSEURS ADHERENTS/ATUSA (REF SANS PAIEMENT)/FICHES TECHNIQUES /VANNES LAITON;application/pdf;687930;1nkMFvcNwoD6YAygyTmdzXJy4_Z9pLjZT;https://drive.google.com/file/d/1nkMFvcNwoD6YAygyTmdzXJy4_Z9pLjZT/view?usp=drivesdk
adherents;ATUSA (REF SANS PAIEMENT);Tuyaux et raccords (réseau);Vanne;Fiche technique;FT VANNE À SPHÈRE RÉF. 55R.pdf;FOURNISSEURS ADHERENTS/ATUSA (REF SANS PAIEMENT)/FICHES TECHNIQUES /VANNES LAITON;application/pdf;802322;1lUBVFjS-ohKUY-muCYJnDzGvExji4ml8;https://drive.google.com/file/d/1lUBVFjS-ohKUY-muCYJnDzGvExji4ml8/view?usp=drivesdk
adherents;ATUSA (REF SANS PAIEMENT);Tuyaux et raccords (réseau);Vanne;Fiche technique;FT VANNE À SPHÈRE RÉF. 56.pdf;FOURNISSEURS ADHERENTS/ATUSA (REF SANS PAIEMENT)/FICHES TECHNIQUES /VANNES LAITON;application/pdf;1162189;1km7Wb_TUj_9e4oZ7qlPD5qWUTJOoSeH8;https://drive.google.com/file/d/1km7Wb_TUj_9e4oZ7qlPD5qWUTJOoSeH8/view?usp=drivesdk
adherents;ATUSA (REF SANS PAIEMENT);Tuyaux et raccords (réseau);Vanne;Fiche technique;FT VANNE À SPHÈRE RÉF. 57.pdf;FOURNISSEURS ADHERENTS/ATUSA (REF SANS PAIEMENT)/FICHES TECHNIQUES /VANNES LAITON;application/pdf;749129;1Q_ax-fkRoxEmGXGcCW1LzU1vnDLOmN8a;https://drive.google.com/file/d/1Q_ax-fkRoxEmGXGcCW1LzU1vnDLOmN8a/view?usp=drivesdk
adherents;ATUSA (REF SANS PAIEMENT);Tuyaux et raccords (réseau);Vanne;Fiche technique;FT VANNE À SPHÈRE RÉF. 58.pdf;FOURNISSEURS ADHERENTS/ATUSA (REF SANS PAIEMENT)/FICHES TECHNIQUES /VANNES LAITON;application/pdf;746239;1pcAMPYRYtoZU6B8uJvm54a6CwvoeE7Kl;https://drive.google.com/file/d/1pcAMPYRYtoZU6B8uJvm54a6CwvoeE7Kl/view?usp=drivesdk
adherents;ATUSA (REF SANS PAIEMENT);Tuyaux et raccords (réseau);Vanne;Fiche technique;FT VANNE À SPHÈRE RÉF. 59.pdf;FOURNISSEURS ADHERENTS/ATUSA (REF SANS PAIEMENT)/FICHES TECHNIQUES /VANNES LAITON;application/pdf;908497;19yhyw9mZizp21fZcyVsB6VmiztXhNu9L;https://drive.google.com/file/d/19yhyw9mZizp21fZcyVsB6VmiztXhNu9L/view?usp=drivesdk
adherents;ATUSA (REF SANS PAIEMENT);Tuyaux et raccords (réseau);Vanne;Fiche technique;FT VANNE À SPHÈRE RÉF. 620.pdf;FOURNISSEURS ADHERENTS/ATUSA (REF SANS PAIEMENT)/FICHES TECHNIQUES /VANNES LAITON;application/pdf;684772;1khdv9jXF07D8RGge_13-xK7eUPr2ODUh;https://drive.google.com/file/d/1khdv9jXF07D8RGge_13-xK7eUPr2ODUh/view?usp=drivesdk
adherents;ATUSA (REF SANS PAIEMENT);Tuyaux et raccords (réseau);Vanne;Fiche technique;FT VANNE À SPHÈRE RÉF. 65.pdf;FOURNISSEURS ADHERENTS/ATUSA (REF SANS PAIEMENT)/FICHES TECHNIQUES /VANNES LAITON;application/pdf;967536;1CNwi9AcRYuMIpBG1ZCT7ad2YzZXGV89g;https://drive.google.com/file/d/1CNwi9AcRYuMIpBG1ZCT7ad2YzZXGV89g/view?usp=drivesdk
adherents;ATUSA (REF SANS PAIEMENT);Tuyaux et raccords (réseau);Vanne;Fiche technique;FT VANNE ÉQUERRE REF. 66.pdf;FOURNISSEURS ADHERENTS/ATUSA (REF SANS PAIEMENT)/FICHES TECHNIQUES /VANNES LAITON;application/pdf;359089;1La_eXw5et49solCfCPzZs7alg7j8v8vu;https://drive.google.com/file/d/1La_eXw5et49solCfCPzZs7alg7j8v8vu/view?usp=drivesdk
adherents;ATUSA (REF SANS PAIEMENT);Tuyaux et raccords (réseau);Vanne;Services;BOUCHE D'ARROSAGE OVALADA.pdf;FOURNISSEURS ADHERENTS/ATUSA (REF SANS PAIEMENT)/FICHES TECHNIQUES /VANNES SERVICE EAU;application/pdf;408979;1VpXKb5yIfV80ix9Bd0TDLs_2oXWbTOBn;https://drive.google.com/file/d/1VpXKb5yIfV80ix9Bd0TDLs_2oXWbTOBn/view?usp=drivesdk
adherents;ATUSA (REF SANS PAIEMENT);Tuyaux et raccords (réseau);Vanne;Services;BOUCHE D'ARROSAGE RECTANGULAIRE.pdf;FOURNISSEURS ADHERENTS/ATUSA (REF SANS PAIEMENT)/FICHES TECHNIQUES /VANNES SERVICE EAU;application/pdf;376962;1FOUpBHlOPvJOKr9Qn_4EqRyMrxaNQ6s5;https://drive.google.com/file/d/1FOUpBHlOPvJOKr9Qn_4EqRyMrxaNQ6s5/view?usp=drivesdk
adherents;ATUSA (REF SANS PAIEMENT);Tuyaux et raccords (réseau);Vanne;Services;FT ADAPTATEUR BRIDE UNIVERSEL REF. 780.pdf;FOURNISSEURS ADHERENTS/ATUSA (REF SANS PAIEMENT)/FICHES TECHNIQUES /VANNES SERVICE EAU;application/pdf;321684;1y38_knlLzc6DFUR0xluC-_j6WHp5tycO;https://drive.google.com/file/d/1y38_knlLzc6DFUR0xluC-_j6WHp5tycO/view?usp=drivesdk
adherents;ATUSA (REF SANS PAIEMENT);Tuyaux et raccords (réseau);Tube PVC;Services;FT ADAPTEUR A BRIDE TUBE PVC REF. 760.pdf;FOURNISSEURS ADHERENTS/ATUSA (REF SANS PAIEMENT)/FICHES TECHNIQUES /VANNES SERVICE EAU;application/pdf;236817;1bFV71H6pylmhfn7cRr03PBzU9PLvO9Wh;https://drive.google.com/file/d/1bFV71H6pylmhfn7cRr03PBzU9PLvO9Wh/view?usp=drivesdk
adherents;ATUSA (REF SANS PAIEMENT);Tuyaux et raccords (réseau);Vanne;Services;FT BRIDE AUTOBLOQUANTE REF. 740.pdf;FOURNISSEURS ADHERENTS/ATUSA (REF SANS PAIEMENT)/FICHES TECHNIQUES /VANNES SERVICE EAU;application/pdf;338064;1RI_9d7Q3AoOA64SUzly-hKNCQsdOCl5A;https://drive.google.com/file/d/1RI_9d7Q3AoOA64SUzly-hKNCQsdOCl5A/view?usp=drivesdk
adherents;ATUSA (REF SANS PAIEMENT);Tuyaux et raccords (réseau);Vanne;Services;FT BRIDE AUTOBLOQUANTE REF. 750.pdf;FOURNISSEURS ADHERENTS/ATUSA (REF SANS PAIEMENT)/FICHES TECHNIQUES /VANNES SERVICE EAU;application/pdf;256694;1hX5q__xrDhNcQFuYK8MBTquoGnuBRosZ;https://drive.google.com/file/d/1hX5q__xrDhNcQFuYK8MBTquoGnuBRosZ/view?usp=drivesdk
adherents;ATUSA (REF SANS PAIEMENT);Tuyaux et raccords (réseau);Vanne;Services;FT CLAPET DE RETENUE REF. 530.pdf;FOURNISSEURS ADHERENTS/ATUSA (REF SANS PAIEMENT)/FICHES TECHNIQUES /VANNES SERVICE EAU;application/pdf;470973;1nDFCca04-gqIecrZqdyrVBxWJ9cUOdXS;https://drive.google.com/file/d/1nDFCca04-gqIecrZqdyrVBxWJ9cUOdXS/view?usp=drivesdk
adherents;ATUSA (REF SANS PAIEMENT);Tuyaux et raccords (réseau);Vanne;Services;FT CLAPET DE RETENUE REF. 550.pdf;FOURNISSEURS ADHERENTS/ATUSA (REF SANS PAIEMENT)/FICHES TECHNIQUES /VANNES SERVICE EAU;application/pdf;389945;1prkroHs4alIPBJMJOlbbTu7XHCM0Ojpe;https://drive.google.com/file/d/1prkroHs4alIPBJMJOlbbTu7XHCM0Ojpe/view?usp=drivesdk
adherents;ATUSA (REF SANS PAIEMENT);Tuyaux et raccords (réseau);Vanne;Services;FT CLAPET DE RETENUE REF. 555.pdf;FOURNISSEURS ADHERENTS/ATUSA (REF SANS PAIEMENT)/FICHES TECHNIQUES /VANNES SERVICE EAU;application/pdf;253503;1DGtDwSfSmxO5E7FraLtzLHOpN0lJfeOB;https://drive.google.com/file/d/1DGtDwSfSmxO5E7FraLtzLHOpN0lJfeOB/view?usp=drivesdk
adherents;ATUSA (REF SANS PAIEMENT);Tuyaux et raccords (réseau);Vanne;Services;FT CLAPET DE RETENUE REF. 560.pdf;FOURNISSEURS ADHERENTS/ATUSA (REF SANS PAIEMENT)/FICHES TECHNIQUES /VANNES SERVICE EAU;application/pdf;386289;13dJznOoTlupMeW7mtwtB4qyhtlItFSWK;https://drive.google.com/file/d/13dJznOoTlupMeW7mtwtB4qyhtlItFSWK/view?usp=drivesdk
adherents;ATUSA (REF SANS PAIEMENT);Fixation / consommables;Fixation;Services;FT COLLIER DE REPARATION MINI.pdf;FOURNISSEURS ADHERENTS/ATUSA (REF SANS PAIEMENT)/FICHES TECHNIQUES /VANNES SERVICE EAU;application/pdf;916496;16gQVTdhHWkUiAnHHlUjOFsiwnzzoYvfk;https://drive.google.com/file/d/16gQVTdhHWkUiAnHHlUjOFsiwnzzoYvfk/view?usp=drivesdk
adherents;ATUSA (REF SANS PAIEMENT);Fixation / consommables;Fixation;Services;FT COLLIER DE REPARATION REF 830.pdf;FOURNISSEURS ADHERENTS/ATUSA (REF SANS PAIEMENT)/FICHES TECHNIQUES /VANNES SERVICE EAU;application/pdf;368057;10QSmFIJFblpqanXzbxLvnplIKnJXJKm3;https://drive.google.com/file/d/10QSmFIJFblpqanXzbxLvnplIKnJXJKm3/view?usp=drivesdk
adherents;ATUSA (REF SANS PAIEMENT);Fixation / consommables;Fixation;Services;FT COLLIER PRISE EN CHARGE POUR TUBE PVC RÉF. 720.pdf;FOURNISSEURS ADHERENTS/ATUSA (REF SANS PAIEMENT)/FICHES TECHNIQUES /VANNES SERVICE EAU;application/pdf;416480;1POO_Uc0_SZyhwqKvUJO6-CySwBq6UdaZ;https://drive.google.com/file/d/1POO_Uc0_SZyhwqKvUJO6-CySwBq6UdaZ/view?usp=drivesdk
adherents;ATUSA (REF SANS PAIEMENT);Fixation / consommables;Fixation;Services;FT COLLIERS DE RÉPARATION DEUX BANDES.pdf;FOURNISSEURS ADHERENTS/ATUSA (REF SANS PAIEMENT)/FICHES TECHNIQUES /VANNES SERVICE EAU;application/pdf;1573916;1nuwc9elcEnUuLbvsTFcS0XorJmABBOZ6;https://drive.google.com/file/d/1nuwc9elcEnUuLbvsTFcS0XorJmABBOZ6/view?usp=drivesdk
adherents;ATUSA (REF SANS PAIEMENT);Fixation / consommables;Fixation;Services;FT COLLIERS DE RÉPARATION MONO BANDE.pdf;FOURNISSEURS ADHERENTS/ATUSA (REF SANS PAIEMENT)/FICHES TECHNIQUES /VANNES SERVICE EAU;application/pdf;1047221;1EEz5LeqkVJ9Mgg2FgAawjEzrO9tZFC6-;https://drive.google.com/file/d/1EEz5LeqkVJ9Mgg2FgAawjEzrO9tZFC6-/view?usp=drivesdk
adherents;ATUSA (REF SANS PAIEMENT);Tuyaux et raccords (réseau);Vanne;Services;FT COMPENSATEUR DE DILATATION SIMPLE SOUFFLET EPDM.pdf;FOURNISSEURS ADHERENTS/ATUSA (REF SANS PAIEMENT)/FICHES TECHNIQUES /VANNES SERVICE EAU;application/pdf;741336;1z2iLNHPdhB_-K833xwEk7Iu41H4zXWcj;https://drive.google.com/file/d/1z2iLNHPdhB_-K833xwEk7Iu41H4zXWcj/view?usp=drivesdk
adherents;ATUSA (REF SANS PAIEMENT);Tuyaux et raccords (réseau);Vanne;Services;FT COMPENSATEUR DE DILATATION SIMPLE SOUFFLET NBR.pdf;FOURNISSEURS ADHERENTS/ATUSA (REF SANS PAIEMENT)/FICHES TECHNIQUES /VANNES SERVICE EAU;application/pdf;612324;1hkKotkRTWNkWpt2BC61ec_nbpFbOgxwn;https://drive.google.com/file/d/1hkKotkRTWNkWpt2BC61ec_nbpFbOgxwn/view?usp=drivesdk
adherents;ATUSA (REF SANS PAIEMENT);Tuyaux et raccords (réseau);Vanne;Services;FT COMPENSATEUR DE DILATATION À BRIDES.pdf;FOURNISSEURS ADHERENTS/ATUSA (REF SANS PAIEMENT)/FICHES TECHNIQUES /VANNES SERVICE EAU;application/pdf;387885;1nkG-zRCdz0K6_ROCkiTvOxCm0l3tpKS3;https://drive.google.com/file/d/1nkG-zRCdz0K6_ROCkiTvOxCm0l3tpKS3/view?usp=drivesdk
adherents;ATUSA (REF SANS PAIEMENT);Tuyaux et raccords (réseau);Vanne;Services;FT COMPENSATEUR DE DILATATION À SOUDER.pdf;FOURNISSEURS ADHERENTS/ATUSA (REF SANS PAIEMENT)/FICHES TECHNIQUES /VANNES SERVICE EAU;application/pdf;312506;1fq3uXomBgrjJQ827auDYkh5NfhycpqQy;https://drive.google.com/file/d/1fq3uXomBgrjJQ827auDYkh5NfhycpqQy/view?usp=drivesdk
adherents;ATUSA (REF SANS PAIEMENT);Filtration;Filtre;Services;FT FILTRE _Y_ REF. 510.pdf;FOURNISSEURS ADHERENTS/ATUSA (REF SANS PAIEMENT)/FICHES TECHNIQUES /VANNES SERVICE EAU;application/pdf;561396;1qlvGr2dTMOyPZ4JAlPu0KI2n1AbbM1h6;https://drive.google.com/file/d/1qlvGr2dTMOyPZ4JAlPu0KI2n1AbbM1h6/view?usp=drivesdk
adherents;ATUSA (REF SANS PAIEMENT);Filtration;Filtre;Services;FT FILTRE _Y_ REF. 511.pdf;FOURNISSEURS ADHERENTS/ATUSA (REF SANS PAIEMENT)/FICHES TECHNIQUES /VANNES SERVICE EAU;application/pdf;259154;1z_w5EBI-Ty-BWA8sxoQIONOSFuFwJhQm;https://drive.google.com/file/d/1z_w5EBI-Ty-BWA8sxoQIONOSFuFwJhQm/view?usp=drivesdk
adherents;ATUSA (REF SANS PAIEMENT);Filtration;Filtre;Services;FT FILTRE REF. 565.pdf;FOURNISSEURS ADHERENTS/ATUSA (REF SANS PAIEMENT)/FICHES TECHNIQUES /VANNES SERVICE EAU;application/pdf;299207;19Un-CgOnUvxcqeYHcgzFbZ1c8c3PR9m_;https://drive.google.com/file/d/19Un-CgOnUvxcqeYHcgzFbZ1c8c3PR9m_/view?usp=drivesdk
adherents;ATUSA (REF SANS PAIEMENT);Tuyaux et raccords (réseau);Vanne;Manuel / notice;FT JOINT DE DÉMONTAGE REF. 700.pdf;FOURNISSEURS ADHERENTS/ATUSA (REF SANS PAIEMENT)/FICHES TECHNIQUES /VANNES SERVICE EAU;application/pdf;332054;1vlSid_d6_wcnsM0riCkd2wTXt0JasPoX;https://drive.google.com/file/d/1vlSid_d6_wcnsM0riCkd2wTXt0JasPoX/view?usp=drivesdk
adherents;ATUSA (REF SANS PAIEMENT);Tuyaux et raccords (réseau);Vanne;Services;FT MANCHON ANTIVIBRATOIRE A BRIDE.pdf;FOURNISSEURS ADHERENTS/ATUSA (REF SANS PAIEMENT)/FICHES TECHNIQUES /VANNES SERVICE EAU;application/pdf;409564;1oc8LEeCqID19u77cRK1J1oUE3B102kLa;https://drive.google.com/file/d/1oc8LEeCqID19u77cRK1J1oUE3B102kLa/view?usp=drivesdk
adherents;ATUSA (REF SANS PAIEMENT);Tuyaux et raccords (réseau);Vanne;Services;FT MANCHON ANTIVIBRATOIRE DOUBLE DOUFFLET.pdf;FOURNISSEURS ADHERENTS/ATUSA (REF SANS PAIEMENT)/FICHES TECHNIQUES /VANNES SERVICE EAU;application/pdf;665425;1w7AVMHzEjpt24I1QYW8qYDI4BgOycrNd;https://drive.google.com/file/d/1w7AVMHzEjpt24I1QYW8qYDI4BgOycrNd/view?usp=drivesdk
adherents;ATUSA (REF SANS PAIEMENT);Tuyaux et raccords (réseau);Tube PE;Services;FT MANCHON POUR TUBE PE REF. 730.pdf;FOURNISSEURS ADHERENTS/ATUSA (REF SANS PAIEMENT)/FICHES TECHNIQUES /VANNES SERVICE EAU;application/pdf;340741;11KlCum5_jlz_qyQK8HtefoLAUOMtQ6eq;https://drive.google.com/file/d/11KlCum5_jlz_qyQK8HtefoLAUOMtQ6eq/view?usp=drivesdk
adherents;ATUSA (REF SANS PAIEMENT);Tuyaux et raccords (réseau);Vanne;Services;FT MANCHON UNIVERSEL REF. 770.pdf;FOURNISSEURS ADHERENTS/ATUSA (REF SANS PAIEMENT)/FICHES TECHNIQUES /VANNES SERVICE EAU;application/pdf;357434;1hHd1YVHYVjyWB69Q43KyNPiR8t-8Z7AY;https://drive.google.com/file/d/1hHd1YVHYVjyWB69Q43KyNPiR8t-8Z7AY/view?usp=drivesdk
adherents;ATUSA (REF SANS PAIEMENT);Tuyaux et raccords (réseau);Tube PVC;Services;FT UNION TUBE PVC RÉF. 710.pdf;FOURNISSEURS ADHERENTS/ATUSA (REF SANS PAIEMENT)/FICHES TECHNIQUES /VANNES SERVICE EAU;application/pdf;445104;17JywYnpg8DX89dEboHoThXECieMLOByw;https://drive.google.com/file/d/17JywYnpg8DX89dEboHoThXECieMLOByw/view?usp=drivesdk
adherents;ATUSA (REF SANS PAIEMENT);Tuyaux et raccords (réseau);Tube PVC;Services;FT UNION TUBE PVC RÉF. 710_D.pdf;FOURNISSEURS ADHERENTS/ATUSA (REF SANS PAIEMENT)/FICHES TECHNIQUES /VANNES SERVICE EAU;application/pdf;297117;1w35er5MW4pnb7RQY40jLj9eRl71ae0oQ;https://drive.google.com/file/d/1w35er5MW4pnb7RQY40jLj9eRl71ae0oQ/view?usp=drivesdk
adherents;ATUSA (REF SANS PAIEMENT);Tuyaux et raccords (réseau);Vanne;Services;FT VANNE REF. 520.pdf;FOURNISSEURS ADHERENTS/ATUSA (REF SANS PAIEMENT)/FICHES TECHNIQUES /VANNES SERVICE EAU;application/pdf;486130;1Xv-zr3SyfKeH6b1_oa2y9YPIb82O4R30;https://drive.google.com/file/d/1Xv-zr3SyfKeH6b1_oa2y9YPIb82O4R30/view?usp=drivesdk
adherents;ATUSA (REF SANS PAIEMENT);Tuyaux et raccords (réseau);Vanne;Services;FT VANNE REF. 521.pdf;FOURNISSEURS ADHERENTS/ATUSA (REF SANS PAIEMENT)/FICHES TECHNIQUES /VANNES SERVICE EAU;application/pdf;407006;1AVu8YwmSTUIdR4SCx6bP4WsW49Yw35qo;https://drive.google.com/file/d/1AVu8YwmSTUIdR4SCx6bP4WsW49Yw35qo/view?usp=drivesdk
adherents;ATUSA (REF SANS PAIEMENT);Tuyaux et raccords (réseau);Vanne;Services;FT VANNE REF. 570.pdf;FOURNISSEURS ADHERENTS/ATUSA (REF SANS PAIEMENT)/FICHES TECHNIQUES /VANNES SERVICE EAU;application/pdf;592206;1k-wEwze-jh4qut7XxC6R01bEHFDUIdQM;https://drive.google.com/file/d/1k-wEwze-jh4qut7XxC6R01bEHFDUIdQM/view?usp=drivesdk
adherents;ATUSA (REF SANS PAIEMENT);Tuyaux et raccords (réseau);Vanne;Services;FT VANNE REF. 580.pdf;FOURNISSEURS ADHERENTS/ATUSA (REF SANS PAIEMENT)/FICHES TECHNIQUES /VANNES SERVICE EAU;application/pdf;367173;1X9Kyk1ZLlKNlj5I8pB6D-KiHoVbzUEWq;https://drive.google.com/file/d/1X9Kyk1ZLlKNlj5I8pB6D-KiHoVbzUEWq/view?usp=drivesdk
adherents;ATUSA (REF SANS PAIEMENT);Tuyaux et raccords (réseau);Vanne;Services;FT VANNE REF. 900.pdf;FOURNISSEURS ADHERENTS/ATUSA (REF SANS PAIEMENT)/FICHES TECHNIQUES /VANNES SERVICE EAU;application/pdf;4629302;1QCnM9bEnxLoQaNC1N7xUkG-fBw8kqt9n;https://drive.google.com/file/d/1QCnM9bEnxLoQaNC1N7xUkG-fBw8kqt9n/view?usp=drivesdk
adherents;ATUSA (REF SANS PAIEMENT);Tuyaux et raccords (réseau);Vanne;Services;FT VANNE REF. 901.pdf;FOURNISSEURS ADHERENTS/ATUSA (REF SANS PAIEMENT)/FICHES TECHNIQUES /VANNES SERVICE EAU;application/pdf;4679230;1z7v4lO_gXaTnDYkZkkeUgb42udM9UJ4y;https://drive.google.com/file/d/1z7v4lO_gXaTnDYkZkkeUgb42udM9UJ4y/view?usp=drivesdk
adherents;ATUSA (REF SANS PAIEMENT);Tuyaux et raccords (réseau);Vanne;Services;FT VANNE REF. 910.pdf;FOURNISSEURS ADHERENTS/ATUSA (REF SANS PAIEMENT)/FICHES TECHNIQUES /VANNES SERVICE EAU;application/pdf;4570200;1ZUOoCbLxgOOZ68AqRw70z2KP1VxTGz5w;https://drive.google.com/file/d/1ZUOoCbLxgOOZ68AqRw70z2KP1VxTGz5w/view?usp=drivesdk
adherents;ATUSA (REF SANS PAIEMENT);Tuyaux et raccords (réseau);Vanne;Services;FT VANNE REF. 911.pdf;FOURNISSEURS ADHERENTS/ATUSA (REF SANS PAIEMENT)/FICHES TECHNIQUES /VANNES SERVICE EAU;application/pdf;4607419;19mC-Kk4nCB5YVNoClLlOVEDkrIwftIJk;https://drive.google.com/file/d/19mC-Kk4nCB5YVNoClLlOVEDkrIwftIJk/view?usp=drivesdk
adherents;ATUSA (REF SANS PAIEMENT);Tuyaux et raccords (réseau);Vanne;Services;FT VANNE REF. 930.pdf;FOURNISSEURS ADHERENTS/ATUSA (REF SANS PAIEMENT)/FICHES TECHNIQUES /VANNES SERVICE EAU;application/pdf;4546613;1aWy4YpwG_uPcDGm-3B3qITiMz2_Tbx3D;https://drive.google.com/file/d/1aWy4YpwG_uPcDGm-3B3qITiMz2_Tbx3D/view?usp=drivesdk
adherents;ATUSA (REF SANS PAIEMENT);Tuyaux et raccords (réseau);Vanne;Services;FT VANNE REF. 931.pdf;FOURNISSEURS ADHERENTS/ATUSA (REF SANS PAIEMENT)/FICHES TECHNIQUES /VANNES SERVICE EAU;application/pdf;4552445;1A4b0JmzhvKW5EPFZH9iTbs7bvNAF9CRh;https://drive.google.com/file/d/1A4b0JmzhvKW5EPFZH9iTbs7bvNAF9CRh/view?usp=drivesdk
adherents;ATUSA (REF SANS PAIEMENT);Tuyaux et raccords (réseau);Vanne;Services;FT VANNE REF. 950.pdf;FOURNISSEURS ADHERENTS/ATUSA (REF SANS PAIEMENT)/FICHES TECHNIQUES /VANNES SERVICE EAU;application/pdf;4639355;1xviAecv0UDEdjouAMcw2iVIn9-TX-HSQ;https://drive.google.com/file/d/1xviAecv0UDEdjouAMcw2iVIn9-TX-HSQ/view?usp=drivesdk
adherents;ATUSA (REF SANS PAIEMENT);Tuyaux et raccords (réseau);Vanne;Services;FT VANNE REF. 951.pdf;FOURNISSEURS ADHERENTS/ATUSA (REF SANS PAIEMENT)/FICHES TECHNIQUES /VANNES SERVICE EAU;application/pdf;4719229;1CXo_JTpBrDmL8iiewDuF_4a1k2YVCutn;https://drive.google.com/file/d/1CXo_JTpBrDmL8iiewDuF_4a1k2YVCutn/view?usp=drivesdk
adherents;ATUSA (REF SANS PAIEMENT);Tuyaux et raccords (réseau);Vanne;Services;FT VANNE REF. 960.pdf;FOURNISSEURS ADHERENTS/ATUSA (REF SANS PAIEMENT)/FICHES TECHNIQUES /VANNES SERVICE EAU;application/pdf;4580889;1iHd1ymlc_Zbwgcd35o5Qgdm7zNuAn_FX;https://drive.google.com/file/d/1iHd1ymlc_Zbwgcd35o5Qgdm7zNuAn_FX/view?usp=drivesdk
adherents;ATUSA (REF SANS PAIEMENT);Tuyaux et raccords (réseau);Vanne;Services;FT VANNE REF. 961.pdf;FOURNISSEURS ADHERENTS/ATUSA (REF SANS PAIEMENT)/FICHES TECHNIQUES /VANNES SERVICE EAU;application/pdf;4689046;1BN0YQzEP8uHd0zvX3B-rXQYBkCKdQnOW;https://drive.google.com/file/d/1BN0YQzEP8uHd0zvX3B-rXQYBkCKdQnOW/view?usp=drivesdk
adherents;ATUSA (REF SANS PAIEMENT);Tuyaux et raccords (réseau);Vanne;Services;FT VANNE REF. 970.pdf;FOURNISSEURS ADHERENTS/ATUSA (REF SANS PAIEMENT)/FICHES TECHNIQUES /VANNES SERVICE EAU;application/pdf;4553882;1t4YaOQL-XU6rdXoP_2qcL-zo7Tm7JgbK;https://drive.google.com/file/d/1t4YaOQL-XU6rdXoP_2qcL-zo7Tm7JgbK/view?usp=drivesdk
adherents;ATUSA (REF SANS PAIEMENT);Tuyaux et raccords (réseau);Vanne;Services;FT VANNE REF. 971.pdf;FOURNISSEURS ADHERENTS/ATUSA (REF SANS PAIEMENT)/FICHES TECHNIQUES /VANNES SERVICE EAU;application/pdf;4638260;1C2bL9m2KTpXepJme0a2qhREUte-NeWae;https://drive.google.com/file/d/1C2bL9m2KTpXepJme0a2qhREUte-NeWae/view?usp=drivesdk
adherents;ATUSA (REF SANS PAIEMENT);Tuyaux et raccords (réseau);Vanne;Services;FT VANNE À OPERCULE REF. 500.pdf;FOURNISSEURS ADHERENTS/ATUSA (REF SANS PAIEMENT)/FICHES TECHNIQUES /VANNES SERVICE EAU;application/pdf;1290399;1m3Wh92UHwK_hGBBIiG7RsTi0RSrD2pJe;https://drive.google.com/file/d/1m3Wh92UHwK_hGBBIiG7RsTi0RSrD2pJe/view?usp=drivesdk
adherents;ATUSA (REF SANS PAIEMENT);Tuyaux et raccords (réseau);Vanne;Services;FT VANNE À OPERCULE REF. 501.pdf;FOURNISSEURS ADHERENTS/ATUSA (REF SANS PAIEMENT)/FICHES TECHNIQUES /VANNES SERVICE EAU;application/pdf;379930;18IkWJRePKxhx6_jHbetvBNhUcQTKmq12;https://drive.google.com/file/d/18IkWJRePKxhx6_jHbetvBNhUcQTKmq12/view?usp=drivesdk
adherents;ATUSA (REF SANS PAIEMENT);Tuyaux et raccords (réseau);Vanne;Services;FT VANNE À OPERCULE REF. 502.pdf;FOURNISSEURS ADHERENTS/ATUSA (REF SANS PAIEMENT)/FICHES TECHNIQUES /VANNES SERVICE EAU;application/pdf;1004464;1gffZr0LBVihwltcXmlqYdD3GpsKoXKZA;https://drive.google.com/file/d/1gffZr0LBVihwltcXmlqYdD3GpsKoXKZA/view?usp=drivesdk
adherents;ATUSA (REF SANS PAIEMENT);Tuyaux et raccords (réseau);Vanne;Services;FT VANNE À OPERCULE REF. 503.pdf;FOURNISSEURS ADHERENTS/ATUSA (REF SANS PAIEMENT)/FICHES TECHNIQUES /VANNES SERVICE EAU;application/pdf;341658;1Jk-9OAi99TuC_tof5RqVC3coaF8tYNJx;https://drive.google.com/file/d/1Jk-9OAi99TuC_tof5RqVC3coaF8tYNJx/view?usp=drivesdk
adherents;ATUSA (REF SANS PAIEMENT);Tuyaux et raccords (réseau);Vanne;Services;FT VANNE À OPERCULE REF. 504.pdf;FOURNISSEURS ADHERENTS/ATUSA (REF SANS PAIEMENT)/FICHES TECHNIQUES /VANNES SERVICE EAU;application/pdf;366522;15EMB5MPiPJIB7gaz_tF3hVGIYPgwQILe;https://drive.google.com/file/d/15EMB5MPiPJIB7gaz_tF3hVGIYPgwQILe/view?usp=drivesdk
adherents;ATUSA (REF SANS PAIEMENT);Tuyaux et raccords (réseau);Vanne;Services;FT VANNE À OPERCULE REF. 509.pdf;FOURNISSEURS ADHERENTS/ATUSA (REF SANS PAIEMENT)/FICHES TECHNIQUES /VANNES SERVICE EAU;application/pdf;1245924;159Dip4xtPkHCrwPHJf3xHxexct7t3Irw;https://drive.google.com/file/d/159Dip4xtPkHCrwPHJf3xHxexct7t3Irw/view?usp=drivesdk
adherents;CAUDAL;Hors bibliothèque;Administratif fournisseur;Fiche technique ?;FICHE D'ENREGISTREMENT FOURNISSEUR CAUDAL — CULTIVEAU;FOURNISSEURS ADHERENTS/CAUDAL;application/vnd.google-apps.document;162849;1ffdWlrJ8N_M9C7LF_3V15E5djaHe2zFOJTKP-0penkg;https://docs.google.com/document/d/1ffdWlrJ8N_M9C7LF_3V15E5djaHe2zFOJTKP-0penkg/edit?usp=drivesdk&ouid=112115920437783158651
adherents;CAUDAL;Hors bibliothèque;Administratif fournisseur;Fiche technique ?;LEVI ROMERO;FOURNISSEURS ADHERENTS/CAUDAL;image/png;52987;1FktWDpv3RWAqqjApMAdrOYXZT0I72qqe;https://drive.google.com/file/d/1FktWDpv3RWAqqjApMAdrOYXZT0I72qqe/view?usp=drivesdk
adherents;CAUDAL;Hors bibliothèque;Logo / image;Fiche technique ?;LOGO CAUDAL;FOURNISSEURS ADHERENTS/CAUDAL;image/png;121120;1eE7H8OZqogdi5ch8uQbjcjY7lAJIxlGg;https://drive.google.com/file/d/1eE7H8OZqogdi5ch8uQbjcjY7lAJIxlGg/view?usp=drivesdk
adherents;CAUDAL;Goutte à goutte / micro-irrigation;Gaine / goutteur;Fiche technique;PC140_AS FR.pdf;FOURNISSEURS ADHERENTS/CAUDAL/FICHES TECHNIQUES/TUYAU GAG/AUTORÉGULANT/NAVETTE/PC140AS;application/pdf;2107677;18CQYzUvj12STjL7tEO10EAe3AL0jlKqc;https://drive.google.com/file/d/18CQYzUvj12STjL7tEO10EAe3AL0jlKqc/view?usp=drivesdk
adherents;CAUDAL;Goutte à goutte / micro-irrigation;Gaine / goutteur;Fiche technique;PC700_AS_063 FR.pdf;FOURNISSEURS ADHERENTS/CAUDAL/FICHES TECHNIQUES/TUYAU GAG/AUTORÉGULANT/NAVETTE/PC700AS;application/pdf;1718099;1ZtLEXCo1dEB3TA_E9HWVOJ9igQoadypZ;https://drive.google.com/file/d/1ZtLEXCo1dEB3TA_E9HWVOJ9igQoadypZ/view?usp=drivesdk
adherents;CAUDAL;Goutte à goutte / micro-irrigation;Gaine / goutteur;Fiche technique;PC700_AS_FR.pdf;FOURNISSEURS ADHERENTS/CAUDAL/FICHES TECHNIQUES/TUYAU GAG/AUTORÉGULANT/NAVETTE/PC700AS;application/pdf;5475851;1OPCeDv1YpAeYv1xVxkSQZr3XPN9Daqf8;https://drive.google.com/file/d/1OPCeDv1YpAeYv1xVxkSQZr3XPN9Daqf8/view?usp=drivesdk
adherents;CAUDAL;Goutte à goutte / micro-irrigation;Gaine / goutteur;Fiche technique;PC705AS CUPROTECT_FR.pdf;FOURNISSEURS ADHERENTS/CAUDAL/FICHES TECHNIQUES/TUYAU GAG/AUTORÉGULANT/NAVETTE/PC700AS CuPROTECT;application/pdf;2108983;1paM_T4IPQct9glwTNTqMxfLS6RuLQLK5;https://drive.google.com/file/d/1paM_T4IPQct9glwTNTqMxfLS6RuLQLK5/view?usp=drivesdk
adherents;CAUDAL;Goutte à goutte / micro-irrigation;Gaine / goutteur;Fiche technique;PC700_ASRG_FR.pdf;FOURNISSEURS ADHERENTS/CAUDAL/FICHES TECHNIQUES/TUYAU GAG/AUTORÉGULANT/NAVETTE/PC700AS ROOTGUARD;application/pdf;8632771;1zBO6O6UMiD2S914Ps4zeh0LE5YrLSyGi;https://drive.google.com/file/d/1zBO6O6UMiD2S914Ps4zeh0LE5YrLSyGi/view?usp=drivesdk
adherents;CAUDAL;Goutte à goutte / micro-irrigation;Gaine / goutteur;Fiche technique;MPC700_ND FR.pdf;FOURNISSEURS ADHERENTS/CAUDAL/FICHES TECHNIQUES/TUYAU GAG/AUTORÉGULANT/NAVETTE/PC700ND;application/pdf;1980064;1LI-sx0TrERe5VOkcLXeYSySqC2sXW270;https://drive.google.com/file/d/1LI-sx0TrERe5VOkcLXeYSySqC2sXW270/view?usp=drivesdk
adherents;CAUDAL;Goutte à goutte / micro-irrigation;Gaine / goutteur;Fiche technique;PC700_ND_FR.pdf;FOURNISSEURS ADHERENTS/CAUDAL/FICHES TECHNIQUES/TUYAU GAG/AUTORÉGULANT/NAVETTE/PC700ND;application/pdf;4289144;1ntvauwPah4xWRfZFIXL__wbDO7kCaM06;https://drive.google.com/file/d/1ntvauwPah4xWRfZFIXL__wbDO7kCaM06/view?usp=drivesdk
adherents;CAUDAL;Goutte à goutte / micro-irrigation;Gaine / goutteur;Fiche technique;PC700_NDRG_FR.pdf;FOURNISSEURS ADHERENTS/CAUDAL/FICHES TECHNIQUES/TUYAU GAG/AUTORÉGULANT/NAVETTE/PC700ND ROOTGUARD;application/pdf;7892733;1y0rIfkZn1SZg-SptIAUckaBwYgRyk3GN;https://drive.google.com/file/d/1y0rIfkZn1SZg-SptIAUckaBwYgRyk3GN/view?usp=drivesdk
adherents;CAUDAL;Goutte à goutte / micro-irrigation;Gaine / goutteur;Fiche technique;PE32_irrigation FR.pdf;FOURNISSEURS ADHERENTS/CAUDAL/FICHES TECHNIQUES/TUYAU GAG/GAG LISSE;application/pdf;1587134;18VdJ83m16InkALqiXbXTgpNKqMIiCrdH;https://drive.google.com/file/d/18VdJ83m16InkALqiXbXTgpNKqMIiCrdH/view?usp=drivesdk
adherents;CAUDAL;Goutte à goutte / micro-irrigation;Gaine / goutteur;Fiche technique;S600 FR.pdf;FOURNISSEURS ADHERENTS/CAUDAL/FICHES TECHNIQUES/TUYAU GAG/TURBULENT/CYLINDRIQUE/S600;application/pdf;1151664;1W_Wrb4qnjsN-huJY7Zt7CXM0yMT71cAA;https://drive.google.com/file/d/1W_Wrb4qnjsN-huJY7Zt7CXM0yMT71cAA/view?usp=drivesdk
adherents;CAUDAL;Goutte à goutte / micro-irrigation;Gaine / goutteur;Fiche technique;S600_MARRON_FR.pdf;FOURNISSEURS ADHERENTS/CAUDAL/FICHES TECHNIQUES/TUYAU GAG/TURBULENT/CYLINDRIQUE/S600;application/pdf;1360745;13hjo8G0GLgVxt-SQP21wP4CvFeDvQI1D;https://drive.google.com/file/d/13hjo8G0GLgVxt-SQP21wP4CvFeDvQI1D/view?usp=drivesdk
adherents;CAUDAL;Goutte à goutte / micro-irrigation;Gaine / goutteur;Fiche technique;S200 FR.pdf;FOURNISSEURS ADHERENTS/CAUDAL/FICHES TECHNIQUES/TUYAU GAG/TURBULENT/NAVETTE/S200;application/pdf;1273408;1cH2OBQunx2tLnbyaOjOVDCfjV2yQn35b;https://drive.google.com/file/d/1cH2OBQunx2tLnbyaOjOVDCfjV2yQn35b/view?usp=drivesdk
adherents;CAUDAL;Goutte à goutte / micro-irrigation;Gaine / goutteur;Fiche technique;S300 FR.pdf;FOURNISSEURS ADHERENTS/CAUDAL/FICHES TECHNIQUES/TUYAU GAG/TURBULENT/NAVETTE/S300;application/pdf;1321862;1eMMBin8QiU456WENOMLqRbaUHSGHelO4;https://drive.google.com/file/d/1eMMBin8QiU456WENOMLqRbaUHSGHelO4/view?usp=drivesdk
adherents;CAUDAL;Goutte à goutte / micro-irrigation;Gaine / goutteur;Fiche technique;S500_MARRON_FR.pdf;FOURNISSEURS ADHERENTS/CAUDAL/FICHES TECHNIQUES/TUYAU GAG/TURBULENT/NAVETTE/S500/MARRON;application/pdf;4333611;1yc7PjuqQPMnipRKFuOChY7-gRMv4V7kr;https://drive.google.com/file/d/1yc7PjuqQPMnipRKFuOChY7-gRMv4V7kr/view?usp=drivesdk
adherents;CAUDAL;Goutte à goutte / micro-irrigation;Gaine / goutteur;Fiche technique;S500 FR.pdf;FOURNISSEURS ADHERENTS/CAUDAL/FICHES TECHNIQUES/TUYAU GAG/TURBULENT/NAVETTE/S500/PAROI EPAISSE;application/pdf;1815537;1B7wDZqUTbv9WC4bVNOupuyr26R7VGSAS;https://drive.google.com/file/d/1B7wDZqUTbv9WC4bVNOupuyr26R7VGSAS/view?usp=drivesdk
adherents;CAUDAL;Goutte à goutte / micro-irrigation;Gaine / goutteur;Fiche technique;S500_063 FR.pdf;FOURNISSEURS ADHERENTS/CAUDAL/FICHES TECHNIQUES/TUYAU GAG/TURBULENT/NAVETTE/S500/PAROI INTERMEDIAIRE;application/pdf;1401136;1qazfXlvQBOrb-cttkUq6OGHxOMywfm8y;https://drive.google.com/file/d/1qazfXlvQBOrb-cttkUq6OGHxOMywfm8y/view?usp=drivesdk
adherents;CAUDAL;Goutte à goutte / micro-irrigation;Gaine / goutteur;Fiche technique;S550_063 FR.pdf;FOURNISSEURS ADHERENTS/CAUDAL/FICHES TECHNIQUES/TUYAU GAG/TURBULENT/NAVETTE/S500/PAROI INTERMEDIAIRE;application/pdf;986225;1qZ67eeMG8TjQsP-bHX0b7fMSqNm261av;https://drive.google.com/file/d/1qZ67eeMG8TjQsP-bHX0b7fMSqNm261av/view?usp=drivesdk
adherents;CAUDAL;Tuyaux et raccords (réseau);Tube PE;Fiche technique;MICROTUBE EVA.pdf;FOURNISSEURS ADHERENTS/CAUDAL/FICHES TECHNIQUES/TUYAU PE PRESSION/PE IRRIGATION/PE BASSE DENSITÉ/EVA FLEXIBLE MICROTUBE;application/pdf;4081728;1bn9H-xpDW2xrCS0d9rLfr2siiyvlEZHe;https://drive.google.com/file/d/1bn9H-xpDW2xrCS0d9rLfr2siiyvlEZHe/view?usp=drivesdk
adherents;CAUDAL;Tuyaux et raccords (réseau);Tube PE;Fiche technique;FT CAUDAL PE32_FR.pdf;FOURNISSEURS ADHERENTS/CAUDAL/FICHES TECHNIQUES/TUYAU PE PRESSION/PE IRRIGATION/PE BASSE DENSITÉ/PE32 BD;application/pdf;2651994;1rE29wppjskJXLu9WGDEPrTOzXg7Lz-du;https://drive.google.com/file/d/1rE29wppjskJXLu9WGDEPrTOzXg7Lz-du/view?usp=drivesdk
adherents;CAUDAL;Tuyaux et raccords (réseau);Tube PE;Fiche technique;FT CAUDAL PE32_BLANC_FR.pdf;FOURNISSEURS ADHERENTS/CAUDAL/FICHES TECHNIQUES/TUYAU PE PRESSION/PE IRRIGATION/PE BASSE DENSITÉ/PE32 BD/BICOUCHE BLANC;application/pdf;1380737;1gLXQuiF8EBFCNg3IP0Lo5Eq8bjmngYRO;https://drive.google.com/file/d/1gLXQuiF8EBFCNg3IP0Lo5Eq8bjmngYRO/view?usp=drivesdk
adherents;CAUDAL;Tuyaux et raccords (réseau);Tube PE;Fiche technique;FT CAUDAL PE40 FR.pdf;FOURNISSEURS ADHERENTS/CAUDAL/FICHES TECHNIQUES/TUYAU PE PRESSION/PE IRRIGATION/PE BASSE DENSITÉ/PE40 BD4-6-10;application/pdf;6249993;1aXePrVhdLmj9OXXh8J2OxHrFhE4Ev2My;https://drive.google.com/file/d/1aXePrVhdLmj9OXXh8J2OxHrFhE4Ev2My/view?usp=drivesdk
adherents;CAUDAL;Tuyaux et raccords (réseau);Tube PE;Fiche technique;MICROTUBE PE.pdf;FOURNISSEURS ADHERENTS/CAUDAL/FICHES TECHNIQUES/TUYAU PE PRESSION/PE IRRIGATION/PE BASSE DENSITÉ/PEBD CAPILLAIRE MICROTUBE;application/pdf;4056118;1FBSHczazzg9AaMOUKiDw2xniE1WPgdPy;https://drive.google.com/file/d/1FBSHczazzg9AaMOUKiDw2xniE1WPgdPy/view?usp=drivesdk
adherents;CAUDAL;Tuyaux et raccords (réseau);Tube PE;Fiche technique;FT CAUDAL ENROULEUR FR.pdf;FOURNISSEURS ADHERENTS/CAUDAL/FICHES TECHNIQUES/TUYAU PE PRESSION/PE IRRIGATION/PE HAUTE DENSITÉ/PE HD ENROULLEUR;application/pdf;5505958;1PMZxJUUl-upz90jbFQ-4asPCtiMJlcvQ;https://drive.google.com/file/d/1PMZxJUUl-upz90jbFQ-4asPCtiMJlcvQ/view?usp=drivesdk
adherents;CAUDAL;Tuyaux et raccords (réseau);Tube PE;Fiche technique;FT CAUDAL PE63 FR.pdf;FOURNISSEURS ADHERENTS/CAUDAL/FICHES TECHNIQUES/TUYAU PE PRESSION/PE IRRIGATION/PE HAUTE DENSITÉ/PE63 HD6;application/pdf;4486400;1kBylS4SrLbTFU_9WZIph-MADTr1Z6MLQ;https://drive.google.com/file/d/1kBylS4SrLbTFU_9WZIph-MADTr1Z6MLQ/view?usp=drivesdk
adherents;CAUDAL;Tuyaux et raccords (réseau);Tube PE;Fiche technique;PE80 FR.pdf;FOURNISSEURS ADHERENTS/CAUDAL/FICHES TECHNIQUES/TUYAU PE PRESSION/PE IRRIGATION/PE HAUTE DENSITÉ/PE80 HD10;application/pdf;5000030;1YvUFoHDmfmw0QHai0IKRHsY77BDi3IiV;https://drive.google.com/file/d/1YvUFoHDmfmw0QHai0IKRHsY77BDi3IiV/view?usp=drivesdk
adherents;CAUDAL;Tuyaux et raccords (réseau);Tube PE;Fiche technique;CAUDAL - TUYAU CHAUFFAGE DE SERRE.pdf;FOURNISSEURS ADHERENTS/CAUDAL/FICHES TECHNIQUES/TUYAU PE PRESSION/PE IRRIGATION/PE HAUTE DENSITÉ/PEHD CHAUFFAGE DE SERRE;application/pdf;5897324;1wDafmPbTn5cN9ru6dsDzcQzWlBJhdyaJ;https://drive.google.com/file/d/1wDafmPbTn5cN9ru6dsDzcQzWlBJhdyaJ/view?usp=drivesdk
adherents;CAUDAL;Tuyaux et raccords (réseau);Tube PE;Fiche technique;CAUDAL - COUVERTURE INTEGRALE.pdf;FOURNISSEURS ADHERENTS/CAUDAL/FICHES TECHNIQUES/TUYAU PE PRESSION/PE IRRIGATION/PE HAUTE DENSITÉ/PEHD COUVERTURE INTEGRALE;application/pdf;3534465;1lTiWylKoRfbvWGQmlTSDHsk-1bw0F4e9;https://drive.google.com/file/d/1lTiWylKoRfbvWGQmlTSDHsk-1bw0F4e9/view?usp=drivesdk
adherents;CAUDAL;Tuyaux et raccords (réseau);Tube PE;Fiche technique;GEOTHERMIE FR.pdf;FOURNISSEURS ADHERENTS/CAUDAL/FICHES TECHNIQUES/TUYAU PE PRESSION/PE IRRIGATION/PE HAUTE DENSITÉ/PEHD GEOTHERMIE;application/pdf;3558641;18aYgBDWLPGxcGUQsduf8u4KGhpyaE1iM;https://drive.google.com/file/d/18aYgBDWLPGxcGUQsduf8u4KGhpyaE1iM/view?usp=drivesdk
adherents;CAUDAL;Tuyaux et raccords (réseau);Tube PE;Fiche technique;1FT-FR.pdf;FOURNISSEURS ADHERENTS/CAUDAL/FICHES TECHNIQUES/TUYAU PE PRESSION/PE IRRIGATION/PE HAUTE DENSITÉ/PEHD TRAITEMENT PHYTO;application/pdf;2847248;10IN6hnlM20SUaVQh5585q8AdPvQPwIOp;https://drive.google.com/file/d/10IN6hnlM20SUaVQh5585q8AdPvQPwIOp/view?usp=drivesdk
adherents;CAUDAL;Tuyaux et raccords (réseau);Tube PE;Fiche technique;TELECOM.OPTIMA FR.pdf;FOURNISSEURS ADHERENTS/CAUDAL/FICHES TECHNIQUES/TUYAU PE TELECOM;application/pdf;7483864;17h8sZp5pD1ZOdt7HLIMt-M7C4Fgn8cZn;https://drive.google.com/file/d/17h8sZp5pD1ZOdt7HLIMt-M7C4Fgn8cZn/view?usp=drivesdk
adherents;CAUDAL;Tuyaux et raccords (réseau);Tube PE;Fiche technique;TELECOM.PRIMA FR.pdf;FOURNISSEURS ADHERENTS/CAUDAL/FICHES TECHNIQUES/TUYAU PE TELECOM;application/pdf;4844078;1PZAoSr7t4wPbip9JpYdIFgsgI01ik0xB;https://drive.google.com/file/d/1PZAoSr7t4wPbip9JpYdIFgsgI01ik0xB/view?usp=drivesdk
adherents;CAUDAL;Hors bibliothèque;Matrice import produits;Fiche technique ?;Matrice CAUDAL Import Produits Référencement Cultiveau.xlsx;FOURNISSEURS ADHERENTS/CAUDAL/MATRICE D'IMPORTATION DES PRODUITS;application/vnd.openxmlformats-officedocument.spreadsheetml.sheet;8221;108N1J6rRyV0ZLqCv0kT9gGzt43Hn6s8C;https://drive.google.com/file/d/108N1J6rRyV0ZLqCv0kT9gGzt43Hn6s8C/view?usp=drivesdk
adherents;DONNEES MARCHE ET TENDANCES;Hors bibliothèque;Étude / marché;Fiche technique ?;_Plan_eau_mars_2023_1680233591.pdf;FOURNISSEURS ADHERENTS/DONNEES MARCHE ET TENDANCES;application/pdf;6480742;1AccdU7wnHSJ5gL28UfzHIb8GQGhXX1-w;https://drive.google.com/file/d/1AccdU7wnHSJ5gL28UfzHIb8GQGhXX1-w/view?usp=drivesdk
adherents;DONNEES MARCHE ET TENDANCES;Hors bibliothèque;Étude / marché;Fiche technique ?;Etude-PRISM_2023.pdf;FOURNISSEURS ADHERENTS/DONNEES MARCHE ET TENDANCES;application/pdf;10222381;1izCWpQGUgX_RZBJeKNtyjiS4xLa76ZWc;https://drive.google.com/file/d/1izCWpQGUgX_RZBJeKNtyjiS4xLa76ZWc/view?usp=drivesdk
adherents;DONNEES MARCHE ET TENDANCES;Hors bibliothèque;Étude / marché;Fiche technique ?;Journées_Cultiveau_2025.pptx.pdf.pdf;FOURNISSEURS ADHERENTS/DONNEES MARCHE ET TENDANCES;application/pdf;37073388;1PZiMMADoiMLFG_SRpPbLKFALv8eGjE7c;https://drive.google.com/file/d/1PZiMMADoiMLFG_SRpPbLKFALv8eGjE7c/view?usp=drivesdk
adherents;DONNEES MARCHE ET TENDANCES;Hors bibliothèque;Logo / image;Fiche technique ?;Maslow Agriculteur .jpg;FOURNISSEURS ADHERENTS/DONNEES MARCHE ET TENDANCES;image/jpeg;801757;1RwlsqMCgFUWt5z9vrLNnkR_m4yP5LjY-;https://drive.google.com/file/d/1RwlsqMCgFUWt5z9vrLNnkR_m4yP5LjY-/view?usp=drivesdk
adherents;DONNEES MARCHE ET TENDANCES;Hors bibliothèque;Logo / image;Fiche technique ?;Maslow distributeur .jpg;FOURNISSEURS ADHERENTS/DONNEES MARCHE ET TENDANCES;image/jpeg;670249;1eIPz7jsTudhHaI1aJ2ryK0AxVD0dwnA1;https://drive.google.com/file/d/1eIPz7jsTudhHaI1aJ2ryK0AxVD0dwnA1/view?usp=drivesdk
adherents;DONNEES MARCHE ET TENDANCES;Hors bibliothèque;Logo / image;Fiche technique ?;Maslow Fabricant.jpg;FOURNISSEURS ADHERENTS/DONNEES MARCHE ET TENDANCES;image/jpeg;723710;1ug-PCwpuc5tkFHIFeodsHt9sXal-nHVI;https://drive.google.com/file/d/1ug-PCwpuc5tkFHIFeodsHt9sXal-nHVI/view?usp=drivesdk
adherents;DONNEES MARCHE ET TENDANCES;Hors bibliothèque;Étude / marché;Fiche technique ?;VoxAgri_vague1_290925.pdf;FOURNISSEURS ADHERENTS/DONNEES MARCHE ET TENDANCES;application/pdf;2418562;16YRmNQ4jRXPS4macty2IfNmaaQHB0ZzJ;https://drive.google.com/file/d/16YRmNQ4jRXPS4macty2IfNmaaQHB0ZzJ/view?usp=drivesdk
adherents;FILTROMATIC;Hors bibliothèque;Administratif fournisseur;Fiche technique ?;FICHE D'ENREGISTREMENT FOURNISSEUR FILTROMATIC — CULTIVEAU;FOURNISSEURS ADHERENTS/FILTROMATIC;application/vnd.google-apps.document;161607;1-4qi-6J5Y7HHPkfyI7zzZdDm7sfmEExfcRaKP5sXG1U;https://docs.google.com/document/d/1-4qi-6J5Y7HHPkfyI7zzZdDm7sfmEExfcRaKP5sXG1U/edit?usp=drivesdk&ouid=112115920437783158651
adherents;FILTROMATIC;Hors bibliothèque;Logo / image;Fiche technique ?;LOGOTIPO TRAZ.pdf;FOURNISSEURS ADHERENTS/FILTROMATIC;application/pdf;718306;1jicBgKL_1Zm48xOCTVmKWEOW5JlR2HRA;https://drive.google.com/file/d/1jicBgKL_1Zm48xOCTVmKWEOW5JlR2HRA/view?usp=drivesdk
adherents;FILTROMATIC;Hors bibliothèque;Logo / image;Fiche technique ?;LOGOTIPO TRAZADO-02.png;FOURNISSEURS ADHERENTS/FILTROMATIC;image/png;12046;1yHcpS5AoSb8wWi8a9N3bTY4CN8W7L4MQ;https://drive.google.com/file/d/1yHcpS5AoSb8wWi8a9N3bTY4CN8W7L4MQ/view?usp=drivesdk
adherents;FILTROMATIC;Hors bibliothèque;Logo / image;Fiche technique ?;LOGOTIPO TRAZADO.ai;FOURNISSEURS ADHERENTS/FILTROMATIC;application/postscript;1318127;1b6EONAiKaEzecKV-JbBWSysWBg6SikGx;https://drive.google.com/file/d/1b6EONAiKaEzecKV-JbBWSysWBg6SikGx/view?usp=drivesdk
adherents;FILTROMATIC;Hors bibliothèque;Logo / image;Fiche technique ?;LOGOTIPO TRAZADO.svg;FOURNISSEURS ADHERENTS/FILTROMATIC;image/svg+xml;10945;1WBGTKQdp3wZwkmhcGQbXhzmbU5uQdcLo;https://drive.google.com/file/d/1WBGTKQdp3wZwkmhcGQbXhzmbU5uQdcLo/view?usp=drivesdk
adherents;FILTROMATIC;Hors bibliothèque;Matrice import produits;Fiche technique ?;Matrice Import FILTROMATIC Produits Référencement Cultiveau.xlsx;FOURNISSEURS ADHERENTS/FILTROMATIC/MATRICE D'IMPORTATION DES PRODUITS;application/vnd.openxmlformats-officedocument.spreadsheetml.sheet;8221;18LNnw7AF-ein5W4ChR5FRwiANdhFDlav;https://drive.google.com/file/d/18LNnw7AF-ein5W4ChR5FRwiANdhFDlav/view?usp=drivesdk
adherents;FRAENKISCHE;À classer;;Fiche technique ?;Import Produits Référencement FRAENKISCHE.xlsx;FOURNISSEURS ADHERENTS/FRAENKISCHE/MATRICE D’IMPORTATIONS PRODUITS;application/vnd.openxmlformats-officedocument.spreadsheetml.sheet;11319;1O0ikCznnoEzlZV65aVmlysV0tdU0SCPq;https://drive.google.com/file/d/1O0ikCznnoEzlZV65aVmlysV0tdU0SCPq/view?usp=drivesdk
adherents;RIVULIS;Hors bibliothèque;Administratif fournisseur;Fiche technique ?;FICHE D'ENREGISTREMENT FOURNISSEUR RIVULIS— CULTIVEAU;FOURNISSEURS ADHERENTS/RIVULIS;application/vnd.google-apps.document;162850;1x3qyk8D7aGJt8vlw9wN2xKw8qIQeVU8i61V_-_9xLS0;https://docs.google.com/document/d/1x3qyk8D7aGJt8vlw9wN2xKw8qIQeVU8i61V_-_9xLS0/edit?usp=drivesdk&ouid=112115920437783158651
adherents;RIVULIS;Aspersion;Asperseur;Fiche technique;233B.pdf;FOURNISSEURS ADHERENTS/RIVULIS/FICHES TECHNIQUES/Aspersion;application/pdf;650135;1wc4FUwJWCrsgI5yfwKtp7A-6Pie2S_dE;https://drive.google.com/file/d/1wc4FUwJWCrsgI5yfwKtp7A-6Pie2S_dE/view?usp=drivesdk
adherents;RIVULIS;Aspersion;Asperseur;Fiche technique;5035 SD PC - secteur.pdf;FOURNISSEURS ADHERENTS/RIVULIS/FICHES TECHNIQUES/Aspersion;application/pdf;557399;1WFYbv5Zbdw9Eaec5AZ8m2TMJ8YLJI6si;https://drive.google.com/file/d/1WFYbv5Zbdw9Eaec5AZ8m2TMJ8YLJI6si/view?usp=drivesdk
adherents;RIVULIS;Aspersion;Asperseur;Fiche technique;5035 SD.pdf;FOURNISSEURS ADHERENTS/RIVULIS/FICHES TECHNIQUES/Aspersion;application/pdf;621306;1xpUvPIH60_RAmIvtqmisGdtfGdh-Lyj0;https://drive.google.com/file/d/1xpUvPIH60_RAmIvtqmisGdtfGdh-Lyj0/view?usp=drivesdk
adherents;RIVULIS;Aspersion;Asperseur;Fiche technique;RIV_5022SD_U_PC_FR_20241104-WEB.pdf;FOURNISSEURS ADHERENTS/RIVULIS/FICHES TECHNIQUES/Aspersion;application/pdf;1755093;1ujspvnYKJ7hDxDTisuFV-c9Oib_VMvVx;https://drive.google.com/file/d/1ujspvnYKJ7hDxDTisuFV-c9Oib_VMvVx/view?usp=drivesdk
adherents;RIVULIS;Aspersion;Asperseur;Fiche technique;RIV_MagicDrive_Metric_FR_20241103-WEB.pdf;FOURNISSEURS ADHERENTS/RIVULIS/FICHES TECHNIQUES/Aspersion;application/pdf;901789;1ImDNGvO2RpLA-fqetzKPKjVJsF-ye0yI;https://drive.google.com/file/d/1ImDNGvO2RpLA-fqetzKPKjVJsF-ye0yI/view?usp=drivesdk
adherents;RIVULIS;Aspersion;Asperseur;Fiche technique;RIV_Mamkad16_Metric_FR_20240409-WEB.pdf;FOURNISSEURS ADHERENTS/RIVULIS/FICHES TECHNIQUES/Aspersion;application/pdf;1853026;107hq_qbgNRLDlskLt3fTH83K8awucqGj;https://drive.google.com/file/d/107hq_qbgNRLDlskLt3fTH83K8awucqGj/view?usp=drivesdk
adherents;RIVULIS;Aspersion;Asperseur;Fiche technique;RIV_Super10__French_-20241103-PRINT.pdf;FOURNISSEURS ADHERENTS/RIVULIS/FICHES TECHNIQUES/Aspersion;application/pdf;5661366;1_4UQcC6XaqrFKJ2Y1AShSSBs1AKah7IY;https://drive.google.com/file/d/1_4UQcC6XaqrFKJ2Y1AShSSBs1AKah7IY/view?usp=drivesdk
adherents;RIVULIS;Aspersion;Asperseur;Fiche technique;Rivulis_BR_501U_French_Metric_20240322_WEB.pdf;FOURNISSEURS ADHERENTS/RIVULIS/FICHES TECHNIQUES/Aspersion;application/pdf;156784;1yLedX5nhSltZmO1jWQWsbZb5aTiSviB1;https://drive.google.com/file/d/1yLedX5nhSltZmO1jWQWsbZb5aTiSviB1/view?usp=drivesdk
adherents;RIVULIS;Aspersion;Asperseur;Fiche technique;Rivulis_BR_Flipper_French_Metric_20240318_WEB.pdf;FOURNISSEURS ADHERENTS/RIVULIS/FICHES TECHNIQUES/Aspersion;application/pdf;361235;1gdXAGCioXcOxb8pYqmVHyh5c3ADAYD-P;https://drive.google.com/file/d/1gdXAGCioXcOxb8pYqmVHyh5c3ADAYD-P/view?usp=drivesdk
adherents;RIVULIS;Tuyaux et raccords (réseau);Vanne hydraulique / de commande;Fiche technique;BERMAD IR SERIE 100 FR.pdf;FOURNISSEURS ADHERENTS/RIVULIS/FICHES TECHNIQUES/Bermad;application/pdf;1555431;17F1Gqs0IREG8gbEPeAZmbwWs4GNqC79v;https://drive.google.com/file/d/17F1Gqs0IREG8gbEPeAZmbwWs4GNqC79v/view?usp=drivesdk
adherents;RIVULIS;Tuyaux et raccords (réseau);Vanne hydraulique / de commande;Fiche technique;BERMAD IR SERIE 200 English.pdf;FOURNISSEURS ADHERENTS/RIVULIS/FICHES TECHNIQUES/Bermad;application/pdf;2138893;1u6TF8x4iK9K5z4XRQ5ROOLJ95vRszsDi;https://drive.google.com/file/d/1u6TF8x4iK9K5z4XRQ5ROOLJ95vRszsDi/view?usp=drivesdk
adherents;RIVULIS;Tuyaux et raccords (réseau);Vanne hydraulique / de commande;Fiche technique;BERMAD IR SERIE 400 English.pdf;FOURNISSEURS ADHERENTS/RIVULIS/FICHES TECHNIQUES/Bermad;application/pdf;365412;1LGq5xe7aV0ef5fIzmQOVdkl8w-_F9Cwu;https://drive.google.com/file/d/1LGq5xe7aV0ef5fIzmQOVdkl8w-_F9Cwu/view?usp=drivesdk
adherents;RIVULIS;Hors bibliothèque;Documentation culture;Brochure;Rivulis - Agrumes.pdf;FOURNISSEURS ADHERENTS/RIVULIS/FICHES TECHNIQUES/Brochures Culture;application/pdf;4953035;1cpcMpvFNAWDO7bWiI9TnpLianVACGB7t;https://drive.google.com/file/d/1cpcMpvFNAWDO7bWiI9TnpLianVACGB7t/view?usp=drivesdk
adherents;RIVULIS;Hors bibliothèque;Documentation culture;Brochure;Rivulis - Antigel.pdf;FOURNISSEURS ADHERENTS/RIVULIS/FICHES TECHNIQUES/Brochures Culture;application/pdf;10421031;1Hzq7NiOMvk9-rNPOD_rk4wKAQllzUrxT;https://drive.google.com/file/d/1Hzq7NiOMvk9-rNPOD_rk4wKAQllzUrxT/view?usp=drivesdk
adherents;RIVULIS;Hors bibliothèque;Documentation culture;Brochure;Rivulis - Betteraves sucrières.pdf;FOURNISSEURS ADHERENTS/RIVULIS/FICHES TECHNIQUES/Brochures Culture;application/pdf;5117516;1FLA1J-WXBsv_4Z8xj3sH0obFMB22veih;https://drive.google.com/file/d/1FLA1J-WXBsv_4Z8xj3sH0obFMB22veih/view?usp=drivesdk
adherents;RIVULIS;Hors bibliothèque;Documentation culture;Brochure;Rivulis - Canne à sucre.pdf;FOURNISSEURS ADHERENTS/RIVULIS/FICHES TECHNIQUES/Brochures Culture;application/pdf;3870247;1nVkzekHrCOuc5DpFmmzbVvwo-KDMH31y;https://drive.google.com/file/d/1nVkzekHrCOuc5DpFmmzbVvwo-KDMH31y/view?usp=drivesdk
adherents;RIVULIS;Hors bibliothèque;Documentation culture;Brochure;Rivulis - Cultures maraichères.pdf;FOURNISSEURS ADHERENTS/RIVULIS/FICHES TECHNIQUES/Brochures Culture;application/pdf;4427825;1yh84sTpWd-TCb4rsaXvb7XGebP6IOZka;https://drive.google.com/file/d/1yh84sTpWd-TCb4rsaXvb7XGebP6IOZka/view?usp=drivesdk
adherents;RIVULIS;Hors bibliothèque;Documentation culture;Brochure;Rivulis - Cultures sous serre.pdf;FOURNISSEURS ADHERENTS/RIVULIS/FICHES TECHNIQUES/Brochures Culture;application/pdf;4737436;15ZKJlDW_7p2_HQhuc_87PpP3AqGcDxO1;https://drive.google.com/file/d/15ZKJlDW_7p2_HQhuc_87PpP3AqGcDxO1/view?usp=drivesdk
adherents;RIVULIS;Hors bibliothèque;Documentation culture;Brochure;Rivulis - Fraises.pdf;FOURNISSEURS ADHERENTS/RIVULIS/FICHES TECHNIQUES/Brochures Culture;application/pdf;6517323;1z0Z2WtuPfyR_Hg8K9Bi5zaxcJF-acucy;https://drive.google.com/file/d/1z0Z2WtuPfyR_Hg8K9Bi5zaxcJF-acucy/view?usp=drivesdk
adherents;RIVULIS;Hors bibliothèque;Documentation culture;Brochure;Rivulis - Fruits à coque.pdf;FOURNISSEURS ADHERENTS/RIVULIS/FICHES TECHNIQUES/Brochures Culture;application/pdf;27164777;1rdl8jjR-06e0YVM36ZRZY7rMsQNMlEBQ;https://drive.google.com/file/d/1rdl8jjR-06e0YVM36ZRZY7rMsQNMlEBQ/view?usp=drivesdk
adherents;RIVULIS;Hors bibliothèque;Documentation culture;Brochure;Rivulis - Irrigation enterrée.pdf;FOURNISSEURS ADHERENTS/RIVULIS/FICHES TECHNIQUES/Brochures Culture;application/pdf;3836864;1aF3w8g2M7gqtFegNVHeSeSQ1j3H0QC5n;https://drive.google.com/file/d/1aF3w8g2M7gqtFegNVHeSeSQ1j3H0QC5n/view?usp=drivesdk
adherents;RIVULIS;Hors bibliothèque;Documentation culture;Brochure;Rivulis - Mais.pdf;FOURNISSEURS ADHERENTS/RIVULIS/FICHES TECHNIQUES/Brochures Culture;application/pdf;2222054;1OayIy8bCkxUf8HLxmw6VnP9zPj0egSnb;https://drive.google.com/file/d/1OayIy8bCkxUf8HLxmw6VnP9zPj0egSnb/view?usp=drivesdk
adherents;RIVULIS;Hors bibliothèque;Documentation culture;Brochure;Rivulis - Myrtilles.pdf;FOURNISSEURS ADHERENTS/RIVULIS/FICHES TECHNIQUES/Brochures Culture;application/pdf;5795712;1fO5XwI87dTpwaUVwqSh6XzLlKzT7ikci;https://drive.google.com/file/d/1fO5XwI87dTpwaUVwqSh6XzLlKzT7ikci/view?usp=drivesdk
adherents;RIVULIS;Hors bibliothèque;Documentation culture;Brochure;Rivulis - Oignons.pdf;FOURNISSEURS ADHERENTS/RIVULIS/FICHES TECHNIQUES/Brochures Culture;application/pdf;7355988;1TqaHCK6YcnWjC_cyft_LKQhmFwp2GsPc;https://drive.google.com/file/d/1TqaHCK6YcnWjC_cyft_LKQhmFwp2GsPc/view?usp=drivesdk
adherents;RIVULIS;Hors bibliothèque;Documentation culture;Brochure;Rivulis - Pommes de terre.pdf;FOURNISSEURS ADHERENTS/RIVULIS/FICHES TECHNIQUES/Brochures Culture;application/pdf;4741581;1A-A6crC7DQXgncrWpsC_NxlBAHCQhMfE;https://drive.google.com/file/d/1A-A6crC7DQXgncrWpsC_NxlBAHCQhMfE/view?usp=drivesdk
adherents;RIVULIS;Hors bibliothèque;Documentation culture;Brochure;Rivulis - Pommes et poires.pdf;FOURNISSEURS ADHERENTS/RIVULIS/FICHES TECHNIQUES/Brochures Culture;application/pdf;2165542;1rDHonxfVicWMlyArnbgIrkwaf3X_L0vG;https://drive.google.com/file/d/1rDHonxfVicWMlyArnbgIrkwaf3X_L0vG/view?usp=drivesdk
adherents;RIVULIS;Hors bibliothèque;Documentation culture;Brochure;Rivulis - Tomates de transformation.pdf;FOURNISSEURS ADHERENTS/RIVULIS/FICHES TECHNIQUES/Brochures Culture;application/pdf;5846891;1H7d26L6eoKmMhxFSd-BHHcOo17FKRXpE;https://drive.google.com/file/d/1H7d26L6eoKmMhxFSd-BHHcOo17FKRXpE/view?usp=drivesdk
adherents;RIVULIS;Hors bibliothèque;Documentation culture;Brochure;Rivulis - Vigne.pdf;FOURNISSEURS ADHERENTS/RIVULIS/FICHES TECHNIQUES/Brochures Culture;application/pdf;7309859;1HzR0TKu3tfSgV6918Va4tAJusSQRPMT1;https://drive.google.com/file/d/1HzR0TKu3tfSgV6918Va4tAJusSQRPMT1/view?usp=drivesdk
adherents;RIVULIS;Filtration;Filtre;Fiche technique;RIV_BR_F3240IQ_Metric_French_20250624_WEB.pdf;FOURNISSEURS ADHERENTS/RIVULIS/FICHES TECHNIQUES/Filtration et Fertilisation;application/pdf;2639700;1YYIYRTNqNJIV2GePf9YNdKejesDtzFwA;https://drive.google.com/file/d/1YYIYRTNqNJIV2GePf9YNdKejesDtzFwA/view?usp=drivesdk
adherents;RIVULIS;Filtration;Filtre;Fiche technique;RIV_F7250_French_20241103-WEB.pdf;FOURNISSEURS ADHERENTS/RIVULIS/FICHES TECHNIQUES/Filtration et Fertilisation;application/pdf;1736706;19NteX1h-eikhq9doAhuyQrkeSPFezSpe;https://drive.google.com/file/d/19NteX1h-eikhq9doAhuyQrkeSPFezSpe/view?usp=drivesdk
adherents;RIVULIS;Filtration;Filtre;Brochure;Rivulis_F6150 Brochure_Français_E&A_20200407_Web.pdf;FOURNISSEURS ADHERENTS/RIVULIS/FICHES TECHNIQUES/Filtration et Fertilisation;application/pdf;983289;1kfwi5JKqmod5U06rpBjoJQdt0G72ACCZ;https://drive.google.com/file/d/1kfwi5JKqmod5U06rpBjoJQdt0G72ACCZ/view?usp=drivesdk
adherents;RIVULIS;Filtration;Filtre;Brochure;Rivulis_F7050 Brochure_Français_E&A_20200407_Web.pdf;FOURNISSEURS ADHERENTS/RIVULIS/FICHES TECHNIQUES/Filtration et Fertilisation;application/pdf;1222272;1RrL308EZiHbbnoXiZcXkfsEmb0rQ50nc;https://drive.google.com/file/d/1RrL308EZiHbbnoXiZcXkfsEmb0rQ50nc/view?usp=drivesdk
adherents;RIVULIS;Filtration;Filtre;Brochure;Rivulis_Fertigation Brochure_Francais_E&A_20200401_Web.pdf;FOURNISSEURS ADHERENTS/RIVULIS/FICHES TECHNIQUES/Filtration et Fertilisation;application/pdf;2903532;1d-iDaU-60_wb8r3PCfOYZ6_7uvo2f3qx;https://drive.google.com/file/d/1d-iDaU-60_wb8r3PCfOYZ6_7uvo2f3qx/view?usp=drivesdk
adherents;RIVULIS;Filtration;Filtre;Fiche technique;Rivulis_Fertigation_French_Metric_20220523_Web.pdf;FOURNISSEURS ADHERENTS/RIVULIS/FICHES TECHNIQUES/Filtration et Fertilisation;application/pdf;1172841;1Pu08FRKNpVaTAsYdRIjzGGjXygzEez0G;https://drive.google.com/file/d/1Pu08FRKNpVaTAsYdRIjzGGjXygzEez0G/view?usp=drivesdk
adherents;RIVULIS;Goutte à goutte / micro-irrigation;Gaine / goutteur;Fiche technique;Naan-PC-MAX_French_20241030_web.pdf;FOURNISSEURS ADHERENTS/RIVULIS/FICHES TECHNIQUES/Goutte à goutte et gaine;application/pdf;627028;1yDAuy1W3OSTEGNS1Jqy1j-aopb__Q3y4;https://drive.google.com/file/d/1yDAuy1W3OSTEGNS1Jqy1j-aopb__Q3y4/view?usp=drivesdk
adherents;RIVULIS;Goutte à goutte / micro-irrigation;Gaine / goutteur;Fiche technique;NaanDan-by-Rivulis_TALDRIPGEN2_French_20240207_WEB.pdf;FOURNISSEURS ADHERENTS/RIVULIS/FICHES TECHNIQUES/Goutte à goutte et gaine;application/pdf;220608;1RWonDYQdx7SDmUJK3mgRI-2shzA2j5Ad;https://drive.google.com/file/d/1RWonDYQdx7SDmUJK3mgRI-2shzA2j5Ad/view?usp=drivesdk
adherents;RIVULIS;Goutte à goutte / micro-irrigation;Gaine / goutteur;Fiche technique;ND_AmnonDrip_French_20241030-WEB.pdf;FOURNISSEURS ADHERENTS/RIVULIS/FICHES TECHNIQUES/Goutte à goutte et gaine;application/pdf;1093671;1zfYFOxXfdL6xbgIwhyPpP8dXShtKi6HG;https://drive.google.com/file/d/1zfYFOxXfdL6xbgIwhyPpP8dXShtKi6HG/view?usp=drivesdk
adherents;RIVULIS;Goutte à goutte / micro-irrigation;Gaine / goutteur;Fiche technique;ND_TurboExcel_French_20241115-WEB.pdf;FOURNISSEURS ADHERENTS/RIVULIS/FICHES TECHNIQUES/Goutte à goutte et gaine;application/pdf;540126;1S_vqwDA_PiYNibp9Ilho2pEOvph12eNg;https://drive.google.com/file/d/1S_vqwDA_PiYNibp9Ilho2pEOvph12eNg/view?usp=drivesdk
adherents;RIVULIS;Goutte à goutte / micro-irrigation;Gaine / goutteur;Brochure;Rivulis_brochure_TopDrip_French_Metric_20240326_WEB.pdf;FOURNISSEURS ADHERENTS/RIVULIS/FICHES TECHNIQUES/Goutte à goutte et gaine;application/pdf;294164;1rMTLJKWcrKysqZe-bhj65Qn_J_Q8NppY;https://drive.google.com/file/d/1rMTLJKWcrKysqZe-bhj65Qn_J_Q8NppY/view?usp=drivesdk
adherents;RIVULIS;Goutte à goutte / micro-irrigation;Gaine / goutteur;Fiche technique;Rivulis_ChapinSTF_French_Metric_20250122_WEB.pdf;FOURNISSEURS ADHERENTS/RIVULIS/FICHES TECHNIQUES/Goutte à goutte et gaine;application/pdf;285129;1uF-dvZncZ6dK-AtcDfiZtta4OhsDpktC;https://drive.google.com/file/d/1uF-dvZncZ6dK-AtcDfiZtta4OhsDpktC/view?usp=drivesdk
adherents;RIVULIS;Goutte à goutte / micro-irrigation;Micro-asperseur / brumisateur;Fiche technique;RIV_Aqua-Master-2005-_French_20241103-WEB.pdf;FOURNISSEURS ADHERENTS/RIVULIS/FICHES TECHNIQUES/Micro-aspersion;application/pdf;1570320;1sM5solwONXyJ27-TmZ5-b6nsEgE0qtHX;https://drive.google.com/file/d/1sM5solwONXyJ27-TmZ5-b6nsEgE0qtHX/view?usp=drivesdk
adherents;RIVULIS;Goutte à goutte / micro-irrigation;Micro-asperseur / brumisateur;Fiche technique;RIV_SmartJet_French_20241103-WEB.pdf;FOURNISSEURS ADHERENTS/RIVULIS/FICHES TECHNIQUES/Micro-aspersion;application/pdf;1287030;1elWX_egDaooa2OPkRw_pwnJRs5dWOFWD;https://drive.google.com/file/d/1elWX_egDaooa2OPkRw_pwnJRs5dWOFWD/view?usp=drivesdk
adherents;RIVULIS;Goutte à goutte / micro-irrigation;Micro-asperseur / brumisateur;Fiche technique;Rivulis_2002_French_Metric_20241127---WEB.pdf;FOURNISSEURS ADHERENTS/RIVULIS/FICHES TECHNIQUES/Micro-aspersion;application/pdf;594636;1pl1aU6v4v0ZTv92k-GEulB0S_vp512Z0;https://drive.google.com/file/d/1pl1aU6v4v0ZTv92k-GEulB0S_vp512Z0/view?usp=drivesdk
adherents;RIVULIS;Goutte à goutte / micro-irrigation;Micro-asperseur / brumisateur;Fiche technique;Rivulis_BR_Fogger_French_Metric_20240320_WEB.pdf;FOURNISSEURS ADHERENTS/RIVULIS/FICHES TECHNIQUES/Micro-aspersion;application/pdf;430945;1AhqzF2yEly__LkdbzAIOSmlhI7C8aOuv;https://drive.google.com/file/d/1AhqzF2yEly__LkdbzAIOSmlhI7C8aOuv/view?usp=drivesdk
adherents;RIVULIS;Goutte à goutte / micro-irrigation;Micro-asperseur / brumisateur;Fiche technique;Rivulis_BR_Modular_French_Metric_20241127---WEB.pdf;FOURNISSEURS ADHERENTS/RIVULIS/FICHES TECHNIQUES/Micro-aspersion;application/pdf;601261;1Bznh_qsKp3l2TWLkG7_pRSGrk6eZWld6;https://drive.google.com/file/d/1Bznh_qsKp3l2TWLkG7_pRSGrk6eZWld6/view?usp=drivesdk
adherents;RIVULIS;Goutte à goutte / micro-irrigation;Micro-asperseur / brumisateur;Fiche technique;Rivulis_BR_SuperGreenSpin_French_Metric_20240412_WEB.pdf;FOURNISSEURS ADHERENTS/RIVULIS/FICHES TECHNIQUES/Micro-aspersion;application/pdf;436181;1u-t4b_qfPT1R-U_J-GRvm3ZLfd-k7UwA;https://drive.google.com/file/d/1u-t4b_qfPT1R-U_J-GRvm3ZLfd-k7UwA/view?usp=drivesdk
adherents;RIVULIS;Goutte à goutte / micro-irrigation;Micro-asperseur / brumisateur;Fiche technique;Rivulis_SuperFogger_French_Metric_20240320_WEB.pdf;FOURNISSEURS ADHERENTS/RIVULIS/FICHES TECHNIQUES/Micro-aspersion;application/pdf;505602;11TDLr0Xl8-wyF2NeusbNxxeIg2DOgq7g;https://drive.google.com/file/d/11TDLr0Xl8-wyF2NeusbNxxeIg2DOgq7g/view?usp=drivesdk
adherents;RIVULIS;Filtration;Filtre;Fiche technique;1000.pdf;FOURNISSEURS ADHERENTS/RIVULIS/FICHES TECHNIQUES/Odis;application/pdf;1899813;1H9NztHrlkNmTN7pTqzR4Z52v5yXHjMok;https://drive.google.com/file/d/1H9NztHrlkNmTN7pTqzR4Z52v5yXHjMok/view?usp=drivesdk
adherents;RIVULIS;Filtration;Filtre;Fiche technique;181 CREPINES .pdf;FOURNISSEURS ADHERENTS/RIVULIS/FICHES TECHNIQUES/Odis;application/pdf;2269868;10WK8Tu31nSeVFTyr0Ochd1r5aqGAJqp9;https://drive.google.com/file/d/10WK8Tu31nSeVFTyr0Ochd1r5aqGAJqp9/view?usp=drivesdk
adherents;RIVULIS;Filtration;Filtre;Fiche technique;4000.pdf;FOURNISSEURS ADHERENTS/RIVULIS/FICHES TECHNIQUES/Odis;application/pdf;1681768;1tnD3Cy0q7KhEsPdboZLVXfCOxcaQjbzR;https://drive.google.com/file/d/1tnD3Cy0q7KhEsPdboZLVXfCOxcaQjbzR/view?usp=drivesdk
adherents;RIVULIS;Filtration;Filtre;Fiche technique;4202x2-30M3-H.pdf;FOURNISSEURS ADHERENTS/RIVULIS/FICHES TECHNIQUES/Odis;application/pdf;696464;1O_IgQZ8-7YojLMKyfPq3TmXQfx04tSqm;https://drive.google.com/file/d/1O_IgQZ8-7YojLMKyfPq3TmXQfx04tSqm/view?usp=drivesdk
adherents;RIVULIS;Filtration;Filtre;Fiche technique;4202x3-45M3-H.pdf;FOURNISSEURS ADHERENTS/RIVULIS/FICHES TECHNIQUES/Odis;application/pdf;723899;1WaSI2DnLGdPZ3qiAWTmr7Y2xYoI49ZUz;https://drive.google.com/file/d/1WaSI2DnLGdPZ3qiAWTmr7Y2xYoI49ZUz/view?usp=drivesdk
adherents;RIVULIS;Filtration;Filtre;Fiche technique;4202x4-60M3-H.pdf;FOURNISSEURS ADHERENTS/RIVULIS/FICHES TECHNIQUES/Odis;application/pdf;763656;123HXyaA2DKTSDeQ4CkOV9wanrOpkZaan;https://drive.google.com/file/d/123HXyaA2DKTSDeQ4CkOV9wanrOpkZaan/view?usp=drivesdk
adherents;RIVULIS;Filtration;Filtre;Fiche technique;4242x2-40M3-H.pdf;FOURNISSEURS ADHERENTS/RIVULIS/FICHES TECHNIQUES/Odis;application/pdf;717089;171tjf6vIhY8MISNWNArIwqXI6f3rUeog;https://drive.google.com/file/d/171tjf6vIhY8MISNWNArIwqXI6f3rUeog/view?usp=drivesdk
adherents;RIVULIS;Filtration;Filtre;Fiche technique;4242x3-60M3-H.pdf;FOURNISSEURS ADHERENTS/RIVULIS/FICHES TECHNIQUES/Odis;application/pdf;734787;1BY4N64I2dGRtAhplRS13rGv9J6MxFDYc;https://drive.google.com/file/d/1BY4N64I2dGRtAhplRS13rGv9J6MxFDYc/view?usp=drivesdk
adherents;RIVULIS;Filtration;Filtre;Fiche technique;4242x4-80M3-H.pdf;FOURNISSEURS ADHERENTS/RIVULIS/FICHES TECHNIQUES/Odis;application/pdf;784192;1lI8hZ6Jpzb3QNc-32xQioPu_rqfv2dIO;https://drive.google.com/file/d/1lI8hZ6Jpzb3QNc-32xQioPu_rqfv2dIO/view?usp=drivesdk
adherents;RIVULIS;Filtration;Filtre;Fiche technique;4303x2-60M-H.PDF;FOURNISSEURS ADHERENTS/RIVULIS/FICHES TECHNIQUES/Odis;application/pdf;108030;1ZF43YbkjQieubuwQH6hJ25Qo6uKEtKwa;https://drive.google.com/file/d/1ZF43YbkjQieubuwQH6hJ25Qo6uKEtKwa/view?usp=drivesdk
adherents;RIVULIS;Filtration;Filtre;Fiche technique;5000 HYDROCYCLONE.pdf;FOURNISSEURS ADHERENTS/RIVULIS/FICHES TECHNIQUES/Odis;application/pdf;1004763;1etslCtCIfCCeoffgz8DFH682w2sJYdsd;https://drive.google.com/file/d/1etslCtCIfCCeoffgz8DFH682w2sJYdsd/view?usp=drivesdk
adherents;RIVULIS;Filtration;Filtre;Fiche technique;6000 Français.pdf;FOURNISSEURS ADHERENTS/RIVULIS/FICHES TECHNIQUES/Odis;application/pdf;188774;1ZpB0visf68w1nXWNgYQzuIM_OB_We6Vl;https://drive.google.com/file/d/1ZpB0visf68w1nXWNgYQzuIM_OB_We6Vl/view?usp=drivesdk
adherents;RIVULIS;Filtration;Filtre;Fiche technique;851.pdf;FOURNISSEURS ADHERENTS/RIVULIS/FICHES TECHNIQUES/Odis;application/pdf;2713873;1B7PHwiGFbcsK2jQ4J-IQsEg6puEte5mq;https://drive.google.com/file/d/1B7PHwiGFbcsK2jQ4J-IQsEg6puEte5mq/view?usp=drivesdk
adherents;RIVULIS;Hors bibliothèque;Matrice import produits;Fiche technique ?;Base de données Rivulis - Prix tarif et net - 04 2026.xlsx;FOURNISSEURS ADHERENTS/RIVULIS/MATRICE D'IMPORTATION DES PRODUITS;application/vnd.openxmlformats-officedocument.spreadsheetml.sheet;729136;1sjOYlznk-somXPtPA79N-kpXVudfynl1;https://drive.google.com/file/d/1sjOYlznk-somXPtPA79N-kpXVudfynl1/view?usp=drivesdk
adherents;RIVULIS;Hors bibliothèque;Matrice import produits;Fiche technique ?;Matrice d'importation des produits - Prix tarif - RIVULIS 04-2026.xlsx;FOURNISSEURS ADHERENTS/RIVULIS/MATRICE D'IMPORTATION DES PRODUITS;application/vnd.openxmlformats-officedocument.spreadsheetml.sheet;307937;1F0-hY4ZaV0gVHeuv9ofSM9ALlU0jVrzV;https://drive.google.com/file/d/1F0-hY4ZaV0gVHeuv9ofSM9ALlU0jVrzV/view?usp=drivesdk
adherents;RIVULIS;Hors bibliothèque;Matrice import produits;Fiche technique ?;Matrice d'importation des produits RIVULIS Dealer.xlsx;FOURNISSEURS ADHERENTS/RIVULIS/MATRICE D'IMPORTATION DES PRODUITS;application/vnd.openxmlformats-officedocument.spreadsheetml.sheet;448158;1rRM148PgsSpynFYlCTdxgHbmHbwSeGF_;https://drive.google.com/file/d/1rRM148PgsSpynFYlCTdxgHbmHbwSeGF_/view?usp=drivesdk
adherents;RIVULIS;Hors bibliothèque;Matrice import produits;Fiche technique ?;Matrice d'importation des produits RIVULIS Elite.xlsx;FOURNISSEURS ADHERENTS/RIVULIS/MATRICE D'IMPORTATION DES PRODUITS;application/vnd.openxmlformats-officedocument.spreadsheetml.sheet;743398;1onFVm3s022nf1lQAiLdkGxNE1zb5sCWo;https://drive.google.com/file/d/1onFVm3s022nf1lQAiLdkGxNE1zb5sCWo/view?usp=drivesdk
adherents;RIVULIS;Hors bibliothèque;Matrice import produits;Fiche technique ?;MATRICE_RIVULIS_DEALER v2.xlsx;FOURNISSEURS ADHERENTS/RIVULIS/MATRICE D'IMPORTATION DES PRODUITS;application/vnd.openxmlformats-officedocument.spreadsheetml.sheet;261602;1P6k9Y-NfsmQ_ErfSdkTcvByAKnrZ3e1B;https://drive.google.com/file/d/1P6k9Y-NfsmQ_ErfSdkTcvByAKnrZ3e1B/view?usp=drivesdk
adherents;RIVULIS;Hors bibliothèque;Matrice import produits;Fiche technique ?;Matrice_RIVULIS_Elite v2.xlsx;FOURNISSEURS ADHERENTS/RIVULIS/MATRICE D'IMPORTATION DES PRODUITS;application/vnd.openxmlformats-officedocument.spreadsheetml.sheet;251931;1HkPfXn2xbQrt98c1YoIyRe6gO3TYUk_9;https://drive.google.com/file/d/1HkPfXn2xbQrt98c1YoIyRe6gO3TYUk_9/view?usp=drivesdk
adherents;RIVULIS;Hors bibliothèque;Matrice import produits;Fiche technique ?;RV Tarif Vannes France 2025-2026 - Cultiveau.xlsx;FOURNISSEURS ADHERENTS/RIVULIS/MATRICE D'IMPORTATION DES PRODUITS;application/vnd.openxmlformats-officedocument.spreadsheetml.sheet;5470768;1CkXBBwOwE0DZjskYLwle7h2FSn_lVaVs;https://drive.google.com/file/d/1CkXBBwOwE0DZjskYLwle7h2FSn_lVaVs/view?usp=drivesdk
adherents;RIVULIS;Hors bibliothèque;Matrice import produits;Fiche technique ?;RV Tarifs Filtres Metal NaanDan Odis - Cultiveau.xlsx;FOURNISSEURS ADHERENTS/RIVULIS/MATRICE D'IMPORTATION DES PRODUITS;application/vnd.openxmlformats-officedocument.spreadsheetml.sheet;544991;1zqSvyISKnM7Hb6BG1dzcek-ENo8rNxd5;https://drive.google.com/file/d/1zqSvyISKnM7Hb6BG1dzcek-ENo8rNxd5/view?usp=drivesdk
adherents;SOAPLAST;Hors bibliothèque;Administratif fournisseur;Fiche technique ?;FICHE D'ENREGISTREMENT FOURNISSEUR SOAPLAST— CULTIVEAU;FOURNISSEURS ADHERENTS/SOAPLAST;application/vnd.google-apps.document;162850;1VLqSp4aVeDApHwz-Yf7UyXvDKbk0ImLwbOOk2N1xKUM;https://docs.google.com/document/d/1VLqSp4aVeDApHwz-Yf7UyXvDKbk0ImLwbOOk2N1xKUM/edit?usp=drivesdk&ouid=112115920437783158651
adherents;SOAPLAST;Hors bibliothèque;Matrice import produits;Fiche technique ?;Matrice Import SOAPLAST Produits Référencement Cultiveau.xlsx;FOURNISSEURS ADHERENTS/SOAPLAST/MATRICE D'IMPORTATION DES PRODUITS;application/vnd.openxmlformats-officedocument.spreadsheetml.sheet;8221;1UoSV4_pCDWg3Qmp9mVR8IjT5IqlTzPHI;https://drive.google.com/file/d/1UoSV4_pCDWg3Qmp9mVR8IjT5IqlTzPHI/view?usp=drivesdk
adherents;SYSTEM GROUP;Hors bibliothèque;Administratif fournisseur;Fiche technique ?;FICHE D'ENREGISTREMENT FOURNISSEUR SYSTEM GROUP— CULTIVEAU;FOURNISSEURS ADHERENTS/SYSTEM GROUP;application/vnd.google-apps.document;162851;1sGQ_Pa7pHyODL3iozSCwgfrF8TYfflezZUOPXfoXLWI;https://docs.google.com/document/d/1sGQ_Pa7pHyODL3iozSCwgfrF8TYfflezZUOPXfoXLWI/edit?usp=drivesdk&ouid=112115920437783158651
adherents;SYSTEM GROUP;Tuyaux et raccords (réseau);Tuyau souple / flat;Fiche technique;SAB-general-sales-terms-03-2022.pdf;FOURNISSEURS ADHERENTS/SYSTEM GROUP/FICHES TECHNIQUES;application/pdf;153741;1F54Kx8jQ6ujJK5NV7zRFR3HW84CRtwOi;https://drive.google.com/file/d/1F54Kx8jQ6ujJK5NV7zRFR3HW84CRtwOi/view?usp=drivesdk
adherents;SYSTEM GROUP;Tuyaux et raccords (réseau);Tuyau souple / flat;Fiche technique;SAB-RioFlex-01.2019-1-1.pdf;FOURNISSEURS ADHERENTS/SYSTEM GROUP/FICHES TECHNIQUES;application/pdf;1786920;1qW_XF0H40FnSDcWrIZxhThNPS_ZsYhkE;https://drive.google.com/file/d/1qW_XF0H40FnSDcWrIZxhThNPS_ZsYhkE/view?usp=drivesdk
adherents;SYSTEM GROUP;Tuyaux et raccords (réseau);Tuyau souple / flat;Fiche technique;SAB-WaterGasIrrigation.pdf;FOURNISSEURS ADHERENTS/SYSTEM GROUP/FICHES TECHNIQUES;application/pdf;9981547;1RQWf5wM6Y4jFz3C76biLx2nadkmJDZf3;https://drive.google.com/file/d/1RQWf5wM6Y4jFz3C76biLx2nadkmJDZf3/view?usp=drivesdk
adherents;SYSTEM GROUP;Tuyaux et raccords (réseau);Tuyau souple / flat;Fiche technique;SAB_DRIPLINE-and-DRIPTAPE-10.2022-1.pdf;FOURNISSEURS ADHERENTS/SYSTEM GROUP/FICHES TECHNIQUES;application/pdf;3379415;1TJ42OX6BfFeCaSuErcRDupVA527NwD7i;https://drive.google.com/file/d/1TJ42OX6BfFeCaSuErcRDupVA527NwD7i/view?usp=drivesdk
adherents;SYSTEM GROUP;Hors bibliothèque;Matrice import produits;Fiche technique ?;Matrice Import Produits Référencement Cultiveau System Group.xlsx;FOURNISSEURS ADHERENTS/SYSTEM GROUP/MATRICE D’IMPORTATION DES PRODUITS ;application/vnd.openxmlformats-officedocument.spreadsheetml.sheet;50465;1Kro3J_Q_XWsNESDPRwJww-4tI6tJ0UcJ;https://drive.google.com/file/d/1Kro3J_Q_XWsNESDPRwJww-4tI6tJ0UcJ/view?usp=drivesdk
fiches_techniques;AUTOMAT;Aspersion;Asperseur;Fiche technique;1739007940-5LA.pdf;FICHES TECHNIQUES/ASPERSEURS/AUTOMAT;application/pdf;785104;1wjxzFghYH7r6P4p66tDQtX73oYH9ZOqT;https://drive.google.com/file/d/1wjxzFghYH7r6P4p66tDQtX73oYH9ZOqT/view?usp=drivesdk
fiches_techniques;AUTOMAT;Aspersion;Asperseur;Fiche technique;1739008039-5DN.pdf;FICHES TECHNIQUES/ASPERSEURS/AUTOMAT;application/pdf;486564;1sqeTfdG4oBtm3PQY2Zg6rtfUOb3Mki7l;https://drive.google.com/file/d/1sqeTfdG4oBtm3PQY2Zg6rtfUOb3Mki7l/view?usp=drivesdk
fiches_techniques;AUTOMAT;Aspersion;Asperseur;Fiche technique;1739008269-5N-WSL.pdf;FICHES TECHNIQUES/ASPERSEURS/AUTOMAT;application/pdf;374480;13ZTHsXHZE8e8Tuq_GViu0e9dVg26IU-v;https://drive.google.com/file/d/13ZTHsXHZE8e8Tuq_GViu0e9dVg26IU-v/view?usp=drivesdk
fiches_techniques;AUTOMAT;Aspersion;Asperseur;Fiche technique;1739008388-20.pdf;FICHES TECHNIQUES/ASPERSEURS/AUTOMAT;application/pdf;425688;1vUerQt_DeAv1aqoL7B43eiYTFWQErHfx;https://drive.google.com/file/d/1vUerQt_DeAv1aqoL7B43eiYTFWQErHfx/view?usp=drivesdk
fiches_techniques;AUTOMAT;Aspersion;Asperseur;Fiche technique;1739008421-20LA.pdf;FICHES TECHNIQUES/ASPERSEURS/AUTOMAT;application/pdf;415313;12Jizv73NeUTZDxeefVBv5Jx1Ix2Z9D6i;https://drive.google.com/file/d/12Jizv73NeUTZDxeefVBv5Jx1Ix2Z9D6i/view?usp=drivesdk
fiches_techniques;AUTOMAT;Aspersion;Asperseur;Fiche technique;1739008478-20PC.pdf;FICHES TECHNIQUES/ASPERSEURS/AUTOMAT;application/pdf;445824;1-q7-CIrqnTE1ERsZ1DIZMCiz8LWl42O-;https://drive.google.com/file/d/1-q7-CIrqnTE1ERsZ1DIZMCiz8LWl42O-/view?usp=drivesdk
fiches_techniques;AUTOMAT;Aspersion;Asperseur;Fiche technique;1739008515-20AF & AFLA.pdf;FICHES TECHNIQUES/ASPERSEURS/AUTOMAT;application/pdf;780076;12VwcICKBkqu9pV27L_RF-18EMKT3N81h;https://drive.google.com/file/d/12VwcICKBkqu9pV27L_RF-18EMKT3N81h/view?usp=drivesdk
fiches_techniques;AUTOMAT;Aspersion;Asperseur;Fiche technique;1739008555-25 & 25 AF.pdf;FICHES TECHNIQUES/ASPERSEURS/AUTOMAT;application/pdf;569487;1exB1P8tE3ma3zJ4daGYBluKrb0cNB128;https://drive.google.com/file/d/1exB1P8tE3ma3zJ4daGYBluKrb0cNB128/view?usp=drivesdk
fiches_techniques;AUTOMAT;Aspersion;Asperseur;Fiche technique;1739008608-30 & 30M & 30B.pdf;FICHES TECHNIQUES/ASPERSEURS/AUTOMAT;application/pdf;738562;1qT9JvqZ2ftCT1FnDL-jDMpbrgmqLtOme;https://drive.google.com/file/d/1qT9JvqZ2ftCT1FnDL-jDMpbrgmqLtOme/view?usp=drivesdk
fiches_techniques;AUTOMAT;Aspersion;Asperseur;Fiche technique;1739008645-30BPC.pdf;FICHES TECHNIQUES/ASPERSEURS/AUTOMAT;application/pdf;411844;19D5hD_lM8t7yjZ9Fk7srBQtG9T8ROxRj;https://drive.google.com/file/d/19D5hD_lM8t7yjZ9Fk7srBQtG9T8ROxRj/view?usp=drivesdk
fiches_techniques;AUTOMAT;Aspersion;Asperseur;Fiche technique;1739008679-40M.pdf;FICHES TECHNIQUES/ASPERSEURS/AUTOMAT;application/pdf;495729;1NBfsHWQ6ZT-pasdxqsq-rZHYSuNBV1EJ;https://drive.google.com/file/d/1NBfsHWQ6ZT-pasdxqsq-rZHYSuNBV1EJ/view?usp=drivesdk
fiches_techniques;AUTOMAT;Aspersion;Asperseur;Fiche technique;1739008715-40B.pdf;FICHES TECHNIQUES/ASPERSEURS/AUTOMAT;application/pdf;384677;1dhkxT-jHaTHuDYmVEIgLqILdMqdjZvaG;https://drive.google.com/file/d/1dhkxT-jHaTHuDYmVEIgLqILdMqdjZvaG/view?usp=drivesdk
fiches_techniques;AUTOMAT;Aspersion;Asperseur;Fiche technique;1739008751-40BPC.pdf;FICHES TECHNIQUES/ASPERSEURS/AUTOMAT;application/pdf;425334;1YlpgNlo69UIKnIQWk7r6AKypSGIXHo4m;https://drive.google.com/file/d/1YlpgNlo69UIKnIQWk7r6AKypSGIXHo4m/view?usp=drivesdk
fiches_techniques;AUTOMAT;Aspersion;Asperseur;Fiche technique;1739008829-22G & 22W.pdf;FICHES TECHNIQUES/ASPERSEURS/AUTOMAT;application/pdf;735975;1bI0UrlvEvzZFOgrYc7vbbH6Xh2eWAZWE;https://drive.google.com/file/d/1bI0UrlvEvzZFOgrYc7vbbH6Xh2eWAZWE/view?usp=drivesdk
fiches_techniques;AUTOMAT;Aspersion;Asperseur;Fiche technique;1739008923-22LA & LAW.pdf;FICHES TECHNIQUES/ASPERSEURS/AUTOMAT;application/pdf;553923;1H3FV0G_J7O5E7A3p66KBFqzak6VK90_x;https://drive.google.com/file/d/1H3FV0G_J7O5E7A3p66KBFqzak6VK90_x/view?usp=drivesdk
fiches_techniques;AUTOMAT;Aspersion;Asperseur;Fiche technique;1739009038-46.pdf;FICHES TECHNIQUES/ASPERSEURS/AUTOMAT;application/pdf;678222;1B50KcF7LH_ZfEKAT6EE5_Z6YlK2eyw9Z;https://drive.google.com/file/d/1B50KcF7LH_ZfEKAT6EE5_Z6YlK2eyw9Z/view?usp=drivesdk
fiches_techniques;AUTOMAT;Aspersion;Asperseur;Fiche technique;1739009080-46 PC.pdf;FICHES TECHNIQUES/ASPERSEURS/AUTOMAT;application/pdf;412967;1G8x5uBQElKmutznHdwFlkAoXVJY6q4mN;https://drive.google.com/file/d/1G8x5uBQElKmutznHdwFlkAoXVJY6q4mN/view?usp=drivesdk
fiches_techniques;AUTOMAT;Aspersion;Asperseur;Fiche technique;1739009905-Saddle with stablizer, Gun stand coupling & Swing joint.pdf;FICHES TECHNIQUES/ASPERSEURS/AUTOMAT;application/pdf;243589;1JgoBOxCzHA2xwHs8ccZCbCgRdRRVPO__;https://drive.google.com/file/d/1JgoBOxCzHA2xwHs8ccZCbCgRdRRVPO__/view?usp=drivesdk
fiches_techniques;AUTOMAT;Aspersion;Asperseur;Fiche technique;1739009929-Rigid stand Kit.pdf;FICHES TECHNIQUES/ASPERSEURS/AUTOMAT;application/pdf;333330;1V-UPgODOaE5Up-ffZEyoBCF9SL7vLMZI;https://drive.google.com/file/d/1V-UPgODOaE5Up-ffZEyoBCF9SL7vLMZI/view?usp=drivesdk
fiches_techniques;RIVULIS;Aspersion;Asperseur;Fiche technique;RIV_233BPC_234_Metric_FR_20241127---WEB.pdf;FICHES TECHNIQUES/ASPERSEURS/RIVULIS;application/pdf;183226;1MocN3VH6xPnDcLXyw1wMcekf1q0lWj1x;https://drive.google.com/file/d/1MocN3VH6xPnDcLXyw1wMcekf1q0lWj1x/view?usp=drivesdk
fiches_techniques;RIVULIS;Aspersion;Asperseur;Fiche technique;RIV_427__French_Metric_20241128-WEB.pdf;FICHES TECHNIQUES/ASPERSEURS/RIVULIS;application/pdf;586774;1bwNlqQfSflAGfNtBUvv_9q_FnFKrxZSx;https://drive.google.com/file/d/1bwNlqQfSflAGfNtBUvv_9q_FnFKrxZSx/view?usp=drivesdk
fiches_techniques;RIVULIS;Aspersion;Asperseur;Fiche technique;RIV_501U_English_Metric_201223_web-2.pdf;FICHES TECHNIQUES/ASPERSEURS/RIVULIS;application/pdf;1082836;15zUQyXZNgo3drqfpQNISYvvmSKQ3cJaa;https://drive.google.com/file/d/15zUQyXZNgo3drqfpQNISYvvmSKQ3cJaa/view?usp=drivesdk
fiches_techniques;RIVULIS;Aspersion;Asperseur;Fiche technique;RIV_5022SD_U_PC_FR_20241104-WEB.pdf;FICHES TECHNIQUES/ASPERSEURS/RIVULIS;application/pdf;1755093;18iPmgXyg2LLZAA5FNKJ0Gawzx2iXSbI0;https://drive.google.com/file/d/18iPmgXyg2LLZAA5FNKJ0Gawzx2iXSbI0/view?usp=drivesdk
fiches_techniques;RIVULIS;Aspersion;Asperseur;Fiche technique;RIV_5035SD_Metric_FR_20241127-WEB.pdf;FICHES TECHNIQUES/ASPERSEURS/RIVULIS;application/pdf;207296;12ZlyBGWUjI6dcdWCzTn4CRRwj1A8V6IT;https://drive.google.com/file/d/12ZlyBGWUjI6dcdWCzTn4CRRwj1A8V6IT/view?usp=drivesdk
fiches_techniques;RIVULIS;Aspersion;Asperseur;Fiche technique;RIV_6004SD_Metric_FR_20240409-WEB.pdf;FICHES TECHNIQUES/ASPERSEURS/RIVULIS;application/pdf;1660565;1N9HfwgEEuIrbblBLJQdQvhMDML4Lenxh;https://drive.google.com/file/d/1N9HfwgEEuIrbblBLJQdQvhMDML4Lenxh/view?usp=drivesdk
fiches_techniques;RIVULIS;Aspersion;Asperseur;Fiche technique;RIV_6025SD_Metric_FR_20240409-WEB.pdf;FICHES TECHNIQUES/ASPERSEURS/RIVULIS;application/pdf;1100833;1oCAQRgPODQ8N-UZ47DPUH2NqZo2e-Emg;https://drive.google.com/file/d/1oCAQRgPODQ8N-UZ47DPUH2NqZo2e-Emg/view?usp=drivesdk
fiches_techniques;RIVULIS;Aspersion;Asperseur;Fiche technique;RIV_BR5024SD_EN_Metric_210124web.pdf;FICHES TECHNIQUES/ASPERSEURS/RIVULIS;application/pdf;590349;1384j0mFMiNa3o4t_lb3ImgejCIAlPGWQ;https://drive.google.com/file/d/1384j0mFMiNa3o4t_lb3ImgejCIAlPGWQ/view?usp=drivesdk
fiches_techniques;RIVULIS;Aspersion;Asperseur;Fiche technique;RIV_BR_6024SD_EN_Metric_210124web.pdf;FICHES TECHNIQUES/ASPERSEURS/RIVULIS;application/pdf;4413424;1l3llDTptiQncZGsVdEceZyD_hyjKbeyu;https://drive.google.com/file/d/1l3llDTptiQncZGsVdEceZyD_hyjKbeyu/view?usp=drivesdk
fiches_techniques;RIVULIS;Aspersion;Asperseur;Fiche technique;RIV_Elite_LPD_Metric_FR_20241103-WEB.pdf;FICHES TECHNIQUES/ASPERSEURS/RIVULIS;application/pdf;1080827;11XNqaoWZDMNYGiBLouLQZKde6AomwU85;https://drive.google.com/file/d/11XNqaoWZDMNYGiBLouLQZKde6AomwU85/view?usp=drivesdk
fiches_techniques;RIVULIS;Aspersion;Asperseur;Fiche technique;RIV_IrriStand_LPD_Metric_FR_20240409-WEB.pdf;FICHES TECHNIQUES/ASPERSEURS/RIVULIS;application/pdf;774285;1hF4I-TAg19-K5nvEh55u6OlGVoI3iHmq;https://drive.google.com/file/d/1hF4I-TAg19-K5nvEh55u6OlGVoI3iHmq/view?usp=drivesdk
fiches_techniques;RIVULIS;Aspersion;Asperseur;Fiche technique;RIV_MagicDrive_Metric_FR_20241103-WEB.pdf;FICHES TECHNIQUES/ASPERSEURS/RIVULIS;application/pdf;901789;15DIAghvyafkdLBsRvTajP73IriLY8-i7;https://drive.google.com/file/d/15DIAghvyafkdLBsRvTajP73IriLY8-i7/view?usp=drivesdk
fiches_techniques;RIVULIS;Aspersion;Asperseur;Fiche technique;RIV_Mamkad16_Metric_FR_20241128---WEB.pdf;FICHES TECHNIQUES/ASPERSEURS/RIVULIS;application/pdf;223995;1b3Hb5l172sCganWk1IxJAUbvKAlXc94P;https://drive.google.com/file/d/1b3Hb5l172sCganWk1IxJAUbvKAlXc94P/view?usp=drivesdk
fiches_techniques;RIVULIS;Aspersion;Asperseur;Fiche technique;RIV_Super10__French_-20241103-WEB.pdf;FICHES TECHNIQUES/ASPERSEURS/RIVULIS;application/pdf;1104958;1HnmJ1jX4oGQGpa5cSOUyFhGHCqsm7nlj;https://drive.google.com/file/d/1HnmJ1jX4oGQGpa5cSOUyFhGHCqsm7nlj/view?usp=drivesdk
fiches_techniques;RIVULIS;Aspersion;Asperseur;Fiche technique;Rivulis_BR_260_260PC_French_Metric_20240412_WEB.pdf;FICHES TECHNIQUES/ASPERSEURS/RIVULIS;application/pdf;399018;1W_DrJjeim47RtxQha40J4NDGMS-wMmzT;https://drive.google.com/file/d/1W_DrJjeim47RtxQha40J4NDGMS-wMmzT/view?usp=drivesdk
fiches_techniques;RIVULIS;Aspersion;Asperseur;Fiche technique;Rivulis_BR_280_280PC_French_Metric_20240412_WEB.pdf;FICHES TECHNIQUES/ASPERSEURS/RIVULIS;application/pdf;207790;1OfzdT77Krv8wG1xeXDDMlbyoQWnptXm4;https://drive.google.com/file/d/1OfzdT77Krv8wG1xeXDDMlbyoQWnptXm4/view?usp=drivesdk
fiches_techniques;ROLLAND;Aspersion;Asperseur;Fiche technique;11.pdf;FICHES TECHNIQUES/ASPERSEURS/ROLLAND;application/pdf;258809;1RzvEpodE4THnqA7sHE5n75tIhNL5EKCk;https://drive.google.com/file/d/1RzvEpodE4THnqA7sHE5n75tIhNL5EKCk/view?usp=drivesdk
fiches_techniques;ROLLAND;Aspersion;Asperseur;Fiche technique;11.pdf;FICHES TECHNIQUES/ASPERSEURS/ROLLAND;application/pdf;258809;1q0AaNGstPlvX12GrI-jUka9YK5LZvDVu;https://drive.google.com/file/d/1q0AaNGstPlvX12GrI-jUka9YK5LZvDVu/view?usp=drivesdk
fiches_techniques;ROLLAND;Aspersion;Asperseur;Fiche technique;12-28.pdf;FICHES TECHNIQUES/ASPERSEURS/ROLLAND;application/pdf;898134;1RRe1wPb-ldx8TrMWkjjHKajetaMrJ8jD;https://drive.google.com/file/d/1RRe1wPb-ldx8TrMWkjjHKajetaMrJ8jD/view?usp=drivesdk
fiches_techniques;ROLLAND;Aspersion;Asperseur;Fiche technique;new-p16-14ATG-DIST-FR.pdf;FICHES TECHNIQUES/ASPERSEURS/ROLLAND;application/pdf;1602019;1W8iPUcnYc577uhMcS2H3KYvPePSyOjT1;https://drive.google.com/file/d/1W8iPUcnYc577uhMcS2H3KYvPePSyOjT1/view?usp=drivesdk
fiches_techniques;ROLLAND;Aspersion;Asperseur;Fiche technique;new-p16-14ATG-DIST-FR.pdf;FICHES TECHNIQUES/ASPERSEURS/ROLLAND;application/pdf;1602019;1eT5kt1wQpFqAL0I3kdV-Jlm45KxPK017;https://drive.google.com/file/d/1eT5kt1wQpFqAL0I3kdV-Jlm45KxPK017/view?usp=drivesdk
fiches_techniques;ROLLAND;Aspersion;Asperseur;Fiche technique;p14-11-17ATG-FR.pdf;FICHES TECHNIQUES/ASPERSEURS/ROLLAND;application/pdf;2189058;1AjetsQrGSlnDTsVl-KTiv_Ln-AN8U2r_;https://drive.google.com/file/d/1AjetsQrGSlnDTsVl-KTiv_Ln-AN8U2r_/view?usp=drivesdk
fiches_techniques;ROLLAND;Aspersion;Asperseur;Fiche technique;p16-10-26FR-DIST.pdf;FICHES TECHNIQUES/ASPERSEURS/ROLLAND;application/pdf;392833;1wPuPMBsiikME-nNLuEDD9Lx2TNyPwpgq;https://drive.google.com/file/d/1wPuPMBsiikME-nNLuEDD9Lx2TNyPwpgq/view?usp=drivesdk
fiches_techniques;ROLLAND;Aspersion;Asperseur;Fiche technique;p16-10-26FR-DIST.pdf;FICHES TECHNIQUES/ASPERSEURS/ROLLAND;application/pdf;392833;1OhJ7WzrB6Ft8EjAD7wKWVD2FW9Y8Ddyc;https://drive.google.com/file/d/1OhJ7WzrB6Ft8EjAD7wKWVD2FW9Y8Ddyc/view?usp=drivesdk
fiches_techniques;ROLLAND;Aspersion;Asperseur;Fiche technique;p21-17FR-DIST.pdf;FICHES TECHNIQUES/ASPERSEURS/ROLLAND;application/pdf;448842;1xsW4N6WKIIoEH7dY-hCydQmohZP3_vcd;https://drive.google.com/file/d/1xsW4N6WKIIoEH7dY-hCydQmohZP3_vcd/view?usp=drivesdk
fiches_techniques;ROLLAND;Aspersion;Asperseur;Fiche technique;p21-17FR-DIST.pdf;FICHES TECHNIQUES/ASPERSEURS/ROLLAND;application/pdf;448842;1Qwgx3q4p3BU5A7GUQigLQq6pgD3pI5QW;https://drive.google.com/file/d/1Qwgx3q4p3BU5A7GUQigLQq6pgD3pI5QW/view?usp=drivesdk
fiches_techniques;ROLLAND;Aspersion;Asperseur;Fiche technique;p24-20FR-DIST.pdf;FICHES TECHNIQUES/ASPERSEURS/ROLLAND;application/pdf;519294;1AObhop0uLCS017BLM1AJhe9E3FkVuDdi;https://drive.google.com/file/d/1AObhop0uLCS017BLM1AJhe9E3FkVuDdi/view?usp=drivesdk
fiches_techniques;ROLLAND;Aspersion;Asperseur;Fiche technique;p25-21FR-DIST.pdf;FICHES TECHNIQUES/ASPERSEURS/ROLLAND;application/pdf;426021;13SRQhTICFfVOBWyUVKKUQOeYfkZtndm6;https://drive.google.com/file/d/13SRQhTICFfVOBWyUVKKUQOeYfkZtndm6/view?usp=drivesdk
fiches_techniques;ROLLAND;Aspersion;Asperseur;Fiche technique;p26-22FR-DIST.pdf;FICHES TECHNIQUES/ASPERSEURS/ROLLAND;application/pdf;412661;1Yrug66qbC1D0kDqzyPdAVDqgOsIqwnhe;https://drive.google.com/file/d/1Yrug66qbC1D0kDqzyPdAVDqgOsIqwnhe/view?usp=drivesdk
fiches_techniques;ROLLAND;Aspersion;Asperseur;Fiche technique;p27-24FR-DIST.pdf;FICHES TECHNIQUES/ASPERSEURS/ROLLAND;application/pdf;410313;1JhipW7PiPo7BO82OM1CtIjgCm3fi2MNC;https://drive.google.com/file/d/1JhipW7PiPo7BO82OM1CtIjgCm3fi2MNC/view?usp=drivesdk
fiches_techniques;ROLLAND;Aspersion;Asperseur;Fiche technique;p29-31-31S-FR.pdf;FICHES TECHNIQUES/ASPERSEURS/ROLLAND;application/pdf;2766454;1U1zGHvM-yEpDN6NzPl3HzF7Ikt_HrD_H;https://drive.google.com/file/d/1U1zGHvM-yEpDN6NzPl3HzF7Ikt_HrD_H/view?usp=drivesdk
fiches_techniques;AUTOMAT;Goutte à goutte / micro-irrigation;Micro-asperseur / brumisateur;Fiche technique;1739000190-Aquamic - 210.pdf;FICHES TECHNIQUES/BRUMISATEURS ET NEBULISEURS/AUTOMAT;application/pdf;853013;11U9EutxW-guqm65PkKZWXc7jOaTqxcmU;https://drive.google.com/file/d/11U9EutxW-guqm65PkKZWXc7jOaTqxcmU/view?usp=drivesdk
fiches_techniques;AUTOMAT;Goutte à goutte / micro-irrigation;Micro-asperseur / brumisateur;Fiche technique;1739000233-Aquafog-251, 252 & 254.pdf;FICHES TECHNIQUES/BRUMISATEURS ET NEBULISEURS/AUTOMAT;application/pdf;411695;1TSNlviGPd5oybmflIwzzZzg3LqaUag2q;https://drive.google.com/file/d/1TSNlviGPd5oybmflIwzzZzg3LqaUag2q/view?usp=drivesdk
fiches_techniques;RIVULIS;Goutte à goutte / micro-irrigation;Micro-asperseur / brumisateur;Fiche technique;Rivulis_BR_Fogger_French_Metric_20241127---WEB-2.pdf;FICHES TECHNIQUES/BRUMISATEURS ET NEBULISEURS/RIVULIS;application/pdf;420700;1uw3ro78ug92NhAaqEJJWu80sY1Fa5r54;https://drive.google.com/file/d/1uw3ro78ug92NhAaqEJJWu80sY1Fa5r54/view?usp=drivesdk
fiches_techniques;RIVULIS;Goutte à goutte / micro-irrigation;Micro-asperseur / brumisateur;Fiche technique;Rivulis_BR_GreenMist_French_Metric_20240322_WEB-2.pdf;FICHES TECHNIQUES/BRUMISATEURS ET NEBULISEURS/RIVULIS;application/pdf;423396;14Tp8rMp1mWy4sBJz1ZvC9cNQwXwiQVCV;https://drive.google.com/file/d/14Tp8rMp1mWy4sBJz1ZvC9cNQwXwiQVCV/view?usp=drivesdk
fiches_techniques;RIVULIS;Goutte à goutte / micro-irrigation;Micro-asperseur / brumisateur;Fiche technique;Rivulis_BR_SuperLPD_French_Metric_20240326_WEB-2.pdf;FICHES TECHNIQUES/BRUMISATEURS ET NEBULISEURS/RIVULIS;application/pdf;461135;1klzPV0cpWyGQLW-X_dtCSBSFDf3NrXgh;https://drive.google.com/file/d/1klzPV0cpWyGQLW-X_dtCSBSFDf3NrXgh/view?usp=drivesdk
fiches_techniques;RIVULIS;Goutte à goutte / micro-irrigation;Micro-asperseur / brumisateur;Brochure;Rivulis_FLF_Brochure_Francais_EA_20200407_Web-2.pdf;FICHES TECHNIQUES/BRUMISATEURS ET NEBULISEURS/RIVULIS;application/pdf;626620;1l12nXbBHYHnMFAmkEG5_C0_K3GLId-o6;https://drive.google.com/file/d/1l12nXbBHYHnMFAmkEG5_C0_K3GLId-o6/view?usp=drivesdk
fiches_techniques;RIVULIS;Goutte à goutte / micro-irrigation;Micro-asperseur / brumisateur;Brochure;Rivulis_Rondo-Mister-Brochure_Francais_E-A_20210118_Web-2.pdf;FICHES TECHNIQUES/BRUMISATEURS ET NEBULISEURS/RIVULIS;application/pdf;661562;1rJnNGd79iltGYEXTgZcRoDdyKVUynE0o;https://drive.google.com/file/d/1rJnNGd79iltGYEXTgZcRoDdyKVUynE0o/view?usp=drivesdk
fiches_techniques;RIVULIS;Goutte à goutte / micro-irrigation;Micro-asperseur / brumisateur;Fiche technique;Rivulis_SuperFogger_French_Metric_20240320_WEB-2.pdf;FICHES TECHNIQUES/BRUMISATEURS ET NEBULISEURS/RIVULIS;application/pdf;505602;12zH59yXfFbz0Jx1KmdSR-DSDYNEiYsy0;https://drive.google.com/file/d/12zH59yXfFbz0Jx1KmdSR-DSDYNEiYsy0/view?usp=drivesdk
fiches_techniques;AZUD;Traitement de l’eau / fertigation;Injection / dosage / traitement;Fiche technique;AZUD-QGROW-BS1200-ENG-FR-1.pdf;FICHES TECHNIQUES/FERTIRRIGATION ET AUTOMATISATION/AZUD;application/pdf;121617;1BNJIjaAZz8qbrQi3mkDk5_nCUeLeCsR0;https://drive.google.com/file/d/1BNJIjaAZz8qbrQi3mkDk5_nCUeLeCsR0/view?usp=drivesdk
fiches_techniques;AZUD;Traitement de l’eau / fertigation;Injection / dosage / traitement;Fiche technique;AZUD-QGROW-BS500-ENG-FR.pdf;FICHES TECHNIQUES/FERTIRRIGATION ET AUTOMATISATION/AZUD;application/pdf;138384;1w83aVkWJUXuxlIXF_g3-B8qBncDShnep;https://drive.google.com/file/d/1w83aVkWJUXuxlIXF_g3-B8qBncDShnep/view?usp=drivesdk
fiches_techniques;RIVULIS;Traitement de l’eau / fertigation;Injection / dosage / traitement;Fiche technique;RIV_BR_C3300-C4300_English_Metric_20241127-WEB.pdf;FICHES TECHNIQUES/FERTIRRIGATION ET AUTOMATISATION/RIVULIS;application/pdf;10077302;1JiW3WlerjRlKw82hx_Y7rAIObw1iJbZZ;https://drive.google.com/file/d/1JiW3WlerjRlKw82hx_Y7rAIObw1iJbZZ/view?usp=drivesdk
fiches_techniques;AZUD;Filtration;Filtre;Fiche technique;AZUD_LUXON_LCA-FR-1.pdf;FICHES TECHNIQUES/FILTRATIONS METAL/AZUD;application/pdf;226511;1rb_04B__i5iLQ84830T9t_Txl-kNZY4X;https://drive.google.com/file/d/1rb_04B__i5iLQ84830T9t_Txl-kNZY4X/view?usp=drivesdk
fiches_techniques;AZUD;Filtration;Filtre;Fiche technique;AZUD_LUXON_LDB-FR-1.pdf;FICHES TECHNIQUES/FILTRATIONS METAL/AZUD;application/pdf;221125;1CdIx7mjAsddWB9fuksZ5DlPqnNrREErd;https://drive.google.com/file/d/1CdIx7mjAsddWB9fuksZ5DlPqnNrREErd/view?usp=drivesdk
fiches_techniques;AZUD;Filtration;Filtre;Fiche technique;AZUD_LUXON_LXE-FR-1.pdf;FICHES TECHNIQUES/FILTRATIONS METAL/AZUD;application/pdf;238396;17rTTlmolBsIq9iN11XaprgCUIvN-v1HN;https://drive.google.com/file/d/17rTTlmolBsIq9iN11XaprgCUIvN-v1HN/view?usp=drivesdk
fiches_techniques;AZUD;Filtration;Filtre;Fiche technique;AZUD_LUXON_MFE-FR-1.pdf;FICHES TECHNIQUES/FILTRATIONS METAL/AZUD;application/pdf;511064;1X4QhOWY_X0jsjPqN1-ht5CeQEfiBUPZh;https://drive.google.com/file/d/1X4QhOWY_X0jsjPqN1-ht5CeQEfiBUPZh/view?usp=drivesdk
fiches_techniques;AZUD;Filtration;Filtre;Fiche technique;AZUD_LUXON_MFH-FR-2.pdf;FICHES TECHNIQUES/FILTRATIONS METAL/AZUD;application/pdf;245392;1SthntTKddTTM-_eOYUC4buJs6RWADzHK;https://drive.google.com/file/d/1SthntTKddTTM-_eOYUC4buJs6RWADzHK/view?usp=drivesdk
fiches_techniques;RIVULIS;Filtration;Filtre;Fiche technique;RIV_F2300_English_Metric_20241203-WEB.pdf;FICHES TECHNIQUES/FILTRATIONS METAL/RIVULIS;application/pdf;2452272;11jhla65BTBe2vg6XmCTSlZmDhsMmqrdy;https://drive.google.com/file/d/11jhla65BTBe2vg6XmCTSlZmDhsMmqrdy/view?usp=drivesdk
fiches_techniques;RIVULIS;Filtration;Filtre;Brochure;Rivulis_F3440_Brochure_Francais_EA_20200407_Web.pdf;FICHES TECHNIQUES/FILTRATIONS METAL/RIVULIS;application/pdf;1525228;1p2glszgPYqEblwbUajP05_tRrTfgQp5_;https://drive.google.com/file/d/1p2glszgPYqEblwbUajP05_tRrTfgQp5_/view?usp=drivesdk
fiches_techniques;AZUD;Filtration;Filtre;Fiche technique;AZUD_AGL-FR-1.pdf;FICHES TECHNIQUES/FILTRATIONS PLASTIQUE/AZUD;application/pdf;1012701;1VSBt5dtlBV7igguMb2ZW7QR6XRN55A1p;https://drive.google.com/file/d/1VSBt5dtlBV7igguMb2ZW7QR6XRN55A1p/view?usp=drivesdk
fiches_techniques;AZUD;Filtration;Filtre;Fiche technique;AZUD_FBC-FR-1.pdf;FICHES TECHNIQUES/FILTRATIONS PLASTIQUE/AZUD;application/pdf;269155;1JBNGjU_cs7956foYzGuQoP7E4IqvnX_3;https://drive.google.com/file/d/1JBNGjU_cs7956foYzGuQoP7E4IqvnX_3/view?usp=drivesdk
fiches_techniques;AZUD;Filtration;Filtre;Fiche technique;AZUD_HELIX_AUTO_200300-FR-1.pdf;FICHES TECHNIQUES/FILTRATIONS PLASTIQUE/AZUD;application/pdf;962443;1rOTdz1O7lkh5c3p-Lf-1DAVA3a-6qds2;https://drive.google.com/file/d/1rOTdz1O7lkh5c3p-Lf-1DAVA3a-6qds2/view?usp=drivesdk
fiches_techniques;AZUD;Filtration;Filtre;Fiche technique;AZUD_HELIX_AUTO_201-FR.pdf;FICHES TECHNIQUES/FILTRATIONS PLASTIQUE/AZUD;application/pdf;293276;158f7j-WRKNYf05gy8la1UyCOMyCoZHX3;https://drive.google.com/file/d/158f7j-WRKNYf05gy8la1UyCOMyCoZHX3/view?usp=drivesdk
fiches_techniques;AZUD;Filtration;Filtre;Fiche technique;AZUD_HELIX_AUTO_4DCL-BMD-FR.pdf;FICHES TECHNIQUES/FILTRATIONS PLASTIQUE/AZUD;application/pdf;1753347;1dr0Qg9Kt4dTQeM48kP7y6VKOW0AgJiIn;https://drive.google.com/file/d/1dr0Qg9Kt4dTQeM48kP7y6VKOW0AgJiIn/view?usp=drivesdk
fiches_techniques;AZUD;Filtration;Filtre;Fiche technique;AZUD_HELIX_SYSTEM-FR-1.pdf;FICHES TECHNIQUES/FILTRATIONS PLASTIQUE/AZUD;application/pdf;891291;1WoX_pjI4F32PNgqNi4Xog_c87GmCVSJ7;https://drive.google.com/file/d/1WoX_pjI4F32PNgqNi4Xog_c87GmCVSJ7/view?usp=drivesdk
fiches_techniques;AZUD;Filtration;Filtre;Fiche technique;AZUD_MODULAR_100-FR.pdf;FICHES TECHNIQUES/FILTRATIONS PLASTIQUE/AZUD;application/pdf;1405421;14bNz899vLDx4RWdZzvLopDQBQcUhLURA;https://drive.google.com/file/d/14bNz899vLDx4RWdZzvLopDQBQcUhLURA/view?usp=drivesdk
fiches_techniques;AZUD;Filtration;Filtre;Fiche technique;AZUD_MODULAR_300-FR-1.pdf;FICHES TECHNIQUES/FILTRATIONS PLASTIQUE/AZUD;application/pdf;1092636;12OvF8AwFOXSgOLoG4bSc-B66AdtdSdhD;https://drive.google.com/file/d/12OvF8AwFOXSgOLoG4bSc-B66AdtdSdhD/view?usp=drivesdk
fiches_techniques;AZUD;Filtration;Filtre;Fiche technique;AZUD_SPIRAL_CLEAN-FR-1.pdf;FICHES TECHNIQUES/FILTRATIONS PLASTIQUE/AZUD;application/pdf;1357267;13eeZuoCsk0nxyQXJq6BtSW7soH7JwLVa;https://drive.google.com/file/d/13eeZuoCsk0nxyQXJq6BtSW7soH7JwLVa/view?usp=drivesdk
fiches_techniques;RIVULIS;Filtration;Filtre;Fiche technique;RIV_F7250_French_20241103-WEB.pdf;FICHES TECHNIQUES/FILTRATIONS PLASTIQUE/RIVULIS;application/pdf;1736706;1QGtwN5LSKwLDXPhMRCv21a273F16OHge;https://drive.google.com/file/d/1QGtwN5LSKwLDXPhMRCv21a273F16OHge/view?usp=drivesdk
fiches_techniques;RIVULIS;Filtration;Filtre;Fiche technique;Rivulis_F6150_Fran-ois_20220118_WEB.pdf;FICHES TECHNIQUES/FILTRATIONS PLASTIQUE/RIVULIS;application/pdf;1617585;1Z6g7vGHMWNamX7-5CYj46jiv7g1mgZ16;https://drive.google.com/file/d/1Z6g7vGHMWNamX7-5CYj46jiv7g1mgZ16/view?usp=drivesdk
fiches_techniques;RIVULIS;Filtration;Filtre;Brochure;Rivulis_F6400_Brochure_Francais_EA_20200401_Web.pdf;FICHES TECHNIQUES/FILTRATIONS PLASTIQUE/RIVULIS;application/pdf;2144153;1WeSv3jRDiXb2nlrDI1i1fZKVVkDh_lHi;https://drive.google.com/file/d/1WeSv3jRDiXb2nlrDI1i1fZKVVkDh_lHi/view?usp=drivesdk
fiches_techniques;RIVULIS;Filtration;Filtre;Fiche technique;Rivulis_F7050_Francais_20220203_web.pdf;FICHES TECHNIQUES/FILTRATIONS PLASTIQUE/RIVULIS;application/pdf;1070986;15Giq6n-rA9QaAQjP8nYt_wOSt8mggWVm;https://drive.google.com/file/d/15Giq6n-rA9QaAQjP8nYt_wOSt8mggWVm/view?usp=drivesdk
fiches_techniques;STF;Filtration;Filtre;Fiche technique;AD - TRILINGUAL DATASHEET.pdf;FICHES TECHNIQUES/FILTRATIONS PLASTIQUE/STF;application/pdf;476673;1W7LSvMpmLMPr8JrD9PhPFuIc3_3F3zBX;https://drive.google.com/file/d/1W7LSvMpmLMPr8JrD9PhPFuIc3_3F3zBX/view?usp=drivesdk
fiches_techniques;STF;Filtration;Filtre;Fiche technique;AD-DL - TRILINGUAL DATA SHEET.pdf;FICHES TECHNIQUES/FILTRATIONS PLASTIQUE/STF;application/pdf;621471;1qrwGgGEOpOKFtRbVpm9BzMLJ4WBYNdPa;https://drive.google.com/file/d/1qrwGgGEOpOKFtRbVpm9BzMLJ4WBYNdPa/view?usp=drivesdk
fiches_techniques;STF;Filtration;Filtre;Fiche technique;AD-SL - TRILINGUAL DATASHEET.pdf;FICHES TECHNIQUES/FILTRATIONS PLASTIQUE/STF;application/pdf;694053;1M4JcqOVlwi8Zp_v3AbwLV06o3WyquCkH;https://drive.google.com/file/d/1M4JcqOVlwi8Zp_v3AbwLV06o3WyquCkH/view?usp=drivesdk
fiches_techniques;STF;Filtration;Filtre;Manuel / notice;MANUAL AD-SL SKY FILTER TRI (2).pdf;FICHES TECHNIQUES/FILTRATIONS PLASTIQUE/STF;application/pdf;10604187;1Aq3PL_DPpqxSM55iNGozYPWapRiRvdaF;https://drive.google.com/file/d/1Aq3PL_DPpqxSM55iNGozYPWapRiRvdaF/view?usp=drivesdk
fiches_techniques;STF;Filtration;Filtre;Fiche technique;MD - TRILINGUAL DATASHEET.pdf;FICHES TECHNIQUES/FILTRATIONS PLASTIQUE/STF;application/pdf;444381;10RHn59gjC--rAP_ApzpTA-QJy7URG3be;https://drive.google.com/file/d/10RHn59gjC--rAP_ApzpTA-QJy7URG3be/view?usp=drivesdk
fiches_techniques;STF;Filtration;Filtre;Fiche technique;MS - TRILINGUAL DATASHEET.pdf;FICHES TECHNIQUES/FILTRATIONS PLASTIQUE/STF;application/pdf;307193;1D4PtKQi5N-SOHS26oYSNbJI4NZ0UebbI;https://drive.google.com/file/d/1D4PtKQi5N-SOHS26oYSNbJI4NZ0UebbI/view?usp=drivesdk
fiches_techniques;STF;Filtration;Filtre;Fiche technique;MTD - TRILINGUAL DATASHEET.pdf;FICHES TECHNIQUES/FILTRATIONS PLASTIQUE/STF;application/pdf;299070;1HgDm_bG_lKcoLhVx4TIwChv5bA7Xk4JO;https://drive.google.com/file/d/1HgDm_bG_lKcoLhVx4TIwChv5bA7Xk4JO/view?usp=drivesdk
fiches_techniques;STF;Filtration;Filtre;Fiche technique;MTS -TRILINGUAL DATASHEET.pdf;FICHES TECHNIQUES/FILTRATIONS PLASTIQUE/STF;application/pdf;300159;1tNUT5giuR_KAb9tvxXd0NizcQRWveq66;https://drive.google.com/file/d/1tNUT5giuR_KAb9tvxXd0NizcQRWveq66/view?usp=drivesdk
fiches_techniques;STF;Filtration;Filtre;Fiche technique;PYD & PYS - TRILINGUAL DATASHEET.pdf;FICHES TECHNIQUES/FILTRATIONS PLASTIQUE/STF;application/pdf;409320;13nvt8AN0EMErnZBWP4NAuzIw0DXEpSXl;https://drive.google.com/file/d/13nvt8AN0EMErnZBWP4NAuzIw0DXEpSXl/view?usp=drivesdk
fiches_techniques;STF;Filtration;Filtre;Fiche technique;PYD - TRILINGUAL DATASHEET.pdf;FICHES TECHNIQUES/FILTRATIONS PLASTIQUE/STF;application/pdf;294277;1Ru60k1C8Qg2VqxItDBbItW6KRLpNZWeY;https://drive.google.com/file/d/1Ru60k1C8Qg2VqxItDBbItW6KRLpNZWeY/view?usp=drivesdk
fiches_techniques;STF;Filtration;Filtre;Fiche technique;PYS - TRILINGUAL DATASHEET.pdf;FICHES TECHNIQUES/FILTRATIONS PLASTIQUE/STF;application/pdf;296778;17peFYqYZko23IguEmzFJH_xVGQ4igt39;https://drive.google.com/file/d/17peFYqYZko23IguEmzFJH_xVGQ4igt39/view?usp=drivesdk
fiches_techniques;GAINES / GOUTTE À GOUTTE;Goutte à goutte / micro-irrigation;Gaine / goutteur;Fiche technique;AZUD-Valeurs différentielles-AZUD GENIUN V25_2 1.pdf;FICHES TECHNIQUES/GAINES / GOUTTE À GOUTTE;application/pdf;1106420;1ozYCniLaHafEfSW_yERH8sw2NyJ7yPef;https://drive.google.com/file/d/1ozYCniLaHafEfSW_yERH8sw2NyJ7yPef/view?usp=drivesdk
fiches_techniques;GAINES / GOUTTE À GOUTTE;Goutte à goutte / micro-irrigation;Gaine / goutteur;Fiche technique;AZUD-Valeurs différentielles-AZUD PREMIER V25_2 1.pdf;FICHES TECHNIQUES/GAINES / GOUTTE À GOUTTE;application/pdf;1064419;1zqreYyVcmqgYzCWI69ggQLxOL7EjKVG_;https://drive.google.com/file/d/1zqreYyVcmqgYzCWI69ggQLxOL7EjKVG_/view?usp=drivesdk
fiches_techniques;AZUD;Goutte à goutte / micro-irrigation;Gaine / goutteur;Fiche technique;AZUD-GENIUN-PC-HD-FR-1.pdf;FICHES TECHNIQUES/GAINES / GOUTTE À GOUTTE/AZUD;application/pdf;359471;1VeJxqPSfdcu1IkgTZmdQyIFVSpOWvTbN;https://drive.google.com/file/d/1VeJxqPSfdcu1IkgTZmdQyIFVSpOWvTbN/view?usp=drivesdk
fiches_techniques;AZUD;Goutte à goutte / micro-irrigation;Gaine / goutteur;Fiche technique;AZUD-GENIUN-PC-MD-FR.pdf;FICHES TECHNIQUES/GAINES / GOUTTE À GOUTTE/AZUD;application/pdf;408421;1GBTQK9mbzLQOlBp_3mLoCpWKupE41ek1;https://drive.google.com/file/d/1GBTQK9mbzLQOlBp_3mLoCpWKupE41ek1/view?usp=drivesdk
fiches_techniques;AZUD;Goutte à goutte / micro-irrigation;Gaine / goutteur;Fiche technique;AZUD-PREMIER-CNL-FR-1.pdf;FICHES TECHNIQUES/GAINES / GOUTTE À GOUTTE/AZUD;application/pdf;406927;1mZvl0mcPx-bYEXe3zbXEiIzi4W6b5u6Q;https://drive.google.com/file/d/1mZvl0mcPx-bYEXe3zbXEiIzi4W6b5u6Q/view?usp=drivesdk
fiches_techniques;AZUD;Goutte à goutte / micro-irrigation;Gaine / goutteur;Fiche technique;AZUD-PREMIER-HCNL-FR.pdf;FICHES TECHNIQUES/GAINES / GOUTTE À GOUTTE/AZUD;application/pdf;382875;1LIaOe0DhWQbTwBABKZCeU0TPCpUL4H3J;https://drive.google.com/file/d/1LIaOe0DhWQbTwBABKZCeU0TPCpUL4H3J/view?usp=drivesdk
fiches_techniques;AZUD;Goutte à goutte / micro-irrigation;Gaine / goutteur;Fiche technique;AZUD-PREMIER-PC-AS-FR-2.pdf;FICHES TECHNIQUES/GAINES / GOUTTE À GOUTTE/AZUD;application/pdf;408025;1LHP0PQI8CCsmfB6T7OmzACfrJtNKGc2d;https://drive.google.com/file/d/1LHP0PQI8CCsmfB6T7OmzACfrJtNKGc2d/view?usp=drivesdk
fiches_techniques;AZUD;Goutte à goutte / micro-irrigation;Gaine / goutteur;Fiche technique;AZUD-PREMIER-PC-FR-1-2.pdf;FICHES TECHNIQUES/GAINES / GOUTTE À GOUTTE/AZUD;application/pdf;421135;1ssOVQ6XyXiL40S5l6LPQckgnW7OJy4ku;https://drive.google.com/file/d/1ssOVQ6XyXiL40S5l6LPQckgnW7OJy4ku/view?usp=drivesdk
fiches_techniques;AZUD;Goutte à goutte / micro-irrigation;Gaine / goutteur;Fiche technique;AZUD-PREMIER-PC-FR-1.pdf;FICHES TECHNIQUES/GAINES / GOUTTE À GOUTTE/AZUD;application/pdf;421135;1L4OTIOmyx_ep9cqnLQGXCJMipDdsOe_5;https://drive.google.com/file/d/1L4OTIOmyx_ep9cqnLQGXCJMipDdsOe_5/view?usp=drivesdk
fiches_techniques;AZUD;Goutte à goutte / micro-irrigation;Gaine / goutteur;Fiche technique;AZUD-PRO-ENG_FR-1.pdf;FICHES TECHNIQUES/GAINES / GOUTTE À GOUTTE/AZUD;application/pdf;297021;1RKHpbVRIfGQZG7GpHlo22Lt2XYd22WBH;https://drive.google.com/file/d/1RKHpbVRIfGQZG7GpHlo22Lt2XYd22WBH/view?usp=drivesdk
fiches_techniques;AZUD;Goutte à goutte / micro-irrigation;Gaine / goutteur;Fiche technique;AZUD-SEDAN-ENG_FR-1.pdf;FICHES TECHNIQUES/GAINES / GOUTTE À GOUTTE/AZUD;application/pdf;358328;1Je_yGol7f3GXPvXIDaMyz1nmjOg4B9qW;https://drive.google.com/file/d/1Je_yGol7f3GXPvXIDaMyz1nmjOg4B9qW/view?usp=drivesdk
fiches_techniques;AZUD;Goutte à goutte / micro-irrigation;Gaine / goutteur;Fiche technique;AZUD-Valeurs différentielles-AZUD GENIUN V25_2 1.pdf;FICHES TECHNIQUES/GAINES / GOUTTE À GOUTTE/AZUD;application/pdf;1106420;1B7UGJhf98XEFScrU4l1sRogU0UdCdqQb;https://drive.google.com/file/d/1B7UGJhf98XEFScrU4l1sRogU0UdCdqQb/view?usp=drivesdk
fiches_techniques;AZUD;Goutte à goutte / micro-irrigation;Gaine / goutteur;Fiche technique;AZUD-Valeurs différentielles-AZUD PREMIER V25_2 1.pdf;FICHES TECHNIQUES/GAINES / GOUTTE À GOUTTE/AZUD;application/pdf;1064419;1rUXfacJ7GqpukIi5moiG-uSKduedzCDe;https://drive.google.com/file/d/1rUXfacJ7GqpukIi5moiG-uSKduedzCDe/view?usp=drivesdk
fiches_techniques;AZUD;Goutte à goutte / micro-irrigation;Gaine / goutteur;Fiche technique;AZUD_DRIP-FR_ENG-1.pdf;FICHES TECHNIQUES/GAINES / GOUTTE À GOUTTE/AZUD;application/pdf;661812;1Z1DTI3PJaLnBwQKc_ynwtU-AV--eTiKA;https://drive.google.com/file/d/1Z1DTI3PJaLnBwQKc_ynwtU-AV--eTiKA/view?usp=drivesdk
fiches_techniques;AZUD;Goutte à goutte / micro-irrigation;Gaine / goutteur;Fiche technique;AZUD_GREENTEC-FR-1.pdf;FICHES TECHNIQUES/GAINES / GOUTTE À GOUTTE/AZUD;application/pdf;809318;10LbTb4Ps3zpL765OFbDUHdiKER8zb729;https://drive.google.com/file/d/10LbTb4Ps3zpL765OFbDUHdiKER8zb729/view?usp=drivesdk
fiches_techniques;AZUD;Goutte à goutte / micro-irrigation;Gaine / goutteur;Fiche technique;AZUD_GREENTEC_PC-FR.pdf;FICHES TECHNIQUES/GAINES / GOUTTE À GOUTTE/AZUD;application/pdf;1588811;14riXHp-GZL-5ktP-n1xd5Yanvg8ih6Iu;https://drive.google.com/file/d/14riXHp-GZL-5ktP-n1xd5Yanvg8ih6Iu/view?usp=drivesdk
fiches_techniques;AZUD;Goutte à goutte / micro-irrigation;Gaine / goutteur;Fiche technique;AZUD_PC_SYSTEM-FR_ENG-1.pdf;FICHES TECHNIQUES/GAINES / GOUTTE À GOUTTE/AZUD;application/pdf;579141;11Qmcyk5D8o84LP06C9dd7_8BmHz2KFrz;https://drive.google.com/file/d/11Qmcyk5D8o84LP06C9dd7_8BmHz2KFrz/view?usp=drivesdk
fiches_techniques;RIVULIS;Goutte à goutte / micro-irrigation;Gaine / goutteur;Fiche technique;ED_Compact_French_Metric_20241125-WEB.pdf;FICHES TECHNIQUES/GAINES / GOUTTE À GOUTTE/RIVULIS;application/pdf;1017338;1hvGDYKIvecWu1MHViEtTdp48vqttxyay;https://drive.google.com/file/d/1hvGDYKIvecWu1MHViEtTdp48vqttxyay/view?usp=drivesdk
fiches_techniques;RIVULIS;Goutte à goutte / micro-irrigation;Gaine / goutteur;Fiche technique;ED_Eolos_French_20241008-WEB.pdf;FICHES TECHNIQUES/GAINES / GOUTTE À GOUTTE/RIVULIS;application/pdf;988960;1_3kXJvS1n37TOffdGWpvT2qQj42VM0Sz;https://drive.google.com/file/d/1_3kXJvS1n37TOffdGWpvT2qQj42VM0Sz/view?usp=drivesdk
fiches_techniques;RIVULIS;Goutte à goutte / micro-irrigation;Gaine / goutteur;Fiche technique;ED_Olympos_French_20241030-WEB.pdf;FICHES TECHNIQUES/GAINES / GOUTTE À GOUTTE/RIVULIS;application/pdf;959636;1ExF_xQSHebEtqCCmnUIRlEm4V5233xxa;https://drive.google.com/file/d/1ExF_xQSHebEtqCCmnUIRlEm4V5233xxa/view?usp=drivesdk
fiches_techniques;RIVULIS;Goutte à goutte / micro-irrigation;Gaine / goutteur;Fiche technique;ED_PC2_French_20241030-WEB.pdf;FICHES TECHNIQUES/GAINES / GOUTTE À GOUTTE/RIVULIS;application/pdf;821844;1eBplRBOSfuLzbjPYA67X3vk4BmCtHQ1-;https://drive.google.com/file/d/1eBplRBOSfuLzbjPYA67X3vk4BmCtHQ1-/view?usp=drivesdk
fiches_techniques;RIVULIS;Goutte à goutte / micro-irrigation;Gaine / goutteur;Fiche technique;ND-PC-MAX_French_20241030_web.pdf;FICHES TECHNIQUES/GAINES / GOUTTE À GOUTTE/RIVULIS;application/pdf;627028;149CG9AhRdNhMATGXA1nyk16JUTaXy07U;https://drive.google.com/file/d/149CG9AhRdNhMATGXA1nyk16JUTaXy07U/view?usp=drivesdk
fiches_techniques;RIVULIS;Goutte à goutte / micro-irrigation;Gaine / goutteur;Fiche technique;ND_AmnonDrip_French_20241030-WEB.pdf;FICHES TECHNIQUES/GAINES / GOUTTE À GOUTTE/RIVULIS;application/pdf;1093671;1vdU6OrCekvUUqalSVzNRywhQsaclao2B;https://drive.google.com/file/d/1vdU6OrCekvUUqalSVzNRywhQsaclao2B/view?usp=drivesdk
fiches_techniques;RIVULIS;Goutte à goutte / micro-irrigation;Gaine / goutteur;Fiche technique;ND_RIV_ChapinBTF_ENG_20241003-WEB.pdf;FICHES TECHNIQUES/GAINES / GOUTTE À GOUTTE/RIVULIS;application/pdf;783527;12Wsam0klzOtj-WCYZGbvoua64hYA894w;https://drive.google.com/file/d/12Wsam0klzOtj-WCYZGbvoua64hYA894w/view?usp=drivesdk
fiches_techniques;RIVULIS;Goutte à goutte / micro-irrigation;Gaine / goutteur;Fiche technique;ND_RIV_ChapinDLX_ENG-20241003-WEB.pdf;FICHES TECHNIQUES/GAINES / GOUTTE À GOUTTE/RIVULIS;application/pdf;807745;1aF6yCFh8lWfdw8qt9RH4ZdmeyNVCfTJg;https://drive.google.com/file/d/1aF6yCFh8lWfdw8qt9RH4ZdmeyNVCfTJg/view?usp=drivesdk
fiches_techniques;RIVULIS;Goutte à goutte / micro-irrigation;Gaine / goutteur;Fiche technique;ND_TALDRIPGEN2_French_20241116-WEB.pdf;FICHES TECHNIQUES/GAINES / GOUTTE À GOUTTE/RIVULIS;application/pdf;605560;1I4MM2EIsqxtfX0382GObOp6cg-uFKqed;https://drive.google.com/file/d/1I4MM2EIsqxtfX0382GObOp6cg-uFKqed/view?usp=drivesdk
fiches_techniques;RIVULIS;Goutte à goutte / micro-irrigation;Gaine / goutteur;Fiche technique;ND_TopDrip_French_20241114-WEB-2.pdf;FICHES TECHNIQUES/GAINES / GOUTTE À GOUTTE/RIVULIS;application/pdf;662071;1dttb1LLaUrCKd5qnCO-GL_7nj7uuFWbb;https://drive.google.com/file/d/1dttb1LLaUrCKd5qnCO-GL_7nj7uuFWbb/view?usp=drivesdk
fiches_techniques;RIVULIS;Goutte à goutte / micro-irrigation;Gaine / goutteur;Fiche technique;ND_TopDrip_French_20241114-WEB.pdf;FICHES TECHNIQUES/GAINES / GOUTTE À GOUTTE/RIVULIS;application/pdf;662071;19YyYF7VMShIQck9usPucWeYlZymCBoBs;https://drive.google.com/file/d/19YyYF7VMShIQck9usPucWeYlZymCBoBs/view?usp=drivesdk
fiches_techniques;RIVULIS;Goutte à goutte / micro-irrigation;Gaine / goutteur;Fiche technique;ND_TurboExcel_French_20241115-WEB.pdf;FICHES TECHNIQUES/GAINES / GOUTTE À GOUTTE/RIVULIS;application/pdf;540126;18UIwMQ3NJM3UftvM1D5j4N3GhpYGb33Z;https://drive.google.com/file/d/18UIwMQ3NJM3UftvM1D5j4N3GhpYGb33Z/view?usp=drivesdk
fiches_techniques;RIVULIS;Goutte à goutte / micro-irrigation;Gaine / goutteur;Fiche technique;RIV_D1000_French_20241116-WEB.pdf;FICHES TECHNIQUES/GAINES / GOUTTE À GOUTTE/RIVULIS;application/pdf;968110;1q_iErXAyQocwHTURX9PCcgFPfMHqZLhI;https://drive.google.com/file/d/1q_iErXAyQocwHTURX9PCcgFPfMHqZLhI/view?usp=drivesdk
fiches_techniques;RIVULIS;Goutte à goutte / micro-irrigation;Gaine / goutteur;Fiche technique;RIV_D4500_French_20241116-WEB.pdf;FICHES TECHNIQUES/GAINES / GOUTTE À GOUTTE/RIVULIS;application/pdf;1314200;12cl5z6UV7uIbjNYRgA9pig_NB1WqgkZg;https://drive.google.com/file/d/12cl5z6UV7uIbjNYRgA9pig_NB1WqgkZg/view?usp=drivesdk
fiches_techniques;RIVULIS;Goutte à goutte / micro-irrigation;Gaine / goutteur;Fiche technique;RIV_D5000-CX_French_20241128-WEB.pdf;FICHES TECHNIQUES/GAINES / GOUTTE À GOUTTE/RIVULIS;application/pdf;918114;1Ly24Yi84JEoAkuxj0rzR5KegRojpntz1;https://drive.google.com/file/d/1Ly24Yi84JEoAkuxj0rzR5KegRojpntz1/view?usp=drivesdk
fiches_techniques;RIVULIS;Goutte à goutte / micro-irrigation;Gaine / goutteur;Fiche technique;RIV_R5000_French_20241103-WEB.pdf;FICHES TECHNIQUES/GAINES / GOUTTE À GOUTTE/RIVULIS;application/pdf;2430555;1n2N2LxOL2JrdH6UVny1i0-m8dQD-xyIz;https://drive.google.com/file/d/1n2N2LxOL2JrdH6UVny1i0-m8dQD-xyIz/view?usp=drivesdk
fiches_techniques;RIVULIS;Goutte à goutte / micro-irrigation;Gaine / goutteur;Fiche technique;RIV_T-Tape_TheBest_Francais_20241209-WEB.pdf;FICHES TECHNIQUES/GAINES / GOUTTE À GOUTTE/RIVULIS;application/pdf;2237048;1G3nJkocjmXFlleYuHh1LlUstcKWlvNqs;https://drive.google.com/file/d/1G3nJkocjmXFlleYuHh1LlUstcKWlvNqs/view?usp=drivesdk
fiches_techniques;RIVULIS;Goutte à goutte / micro-irrigation;Gaine / goutteur;Fiche technique;Rivulis_D1500_French_20241207-WEB.pdf;FICHES TECHNIQUES/GAINES / GOUTTE À GOUTTE/RIVULIS;application/pdf;1595938;158ZYjhiv838Tf01ozMp8UOChKeTUNTCW;https://drive.google.com/file/d/158ZYjhiv838Tf01ozMp8UOChKeTUNTCW/view?usp=drivesdk
fiches_techniques;RIVULIS;Goutte à goutte / micro-irrigation;Gaine / goutteur;Fiche technique;Rivulis_D2000_French_20230217_Web.pdf;FICHES TECHNIQUES/GAINES / GOUTTE À GOUTTE/RIVULIS;application/pdf;257138;1zolg7tLIqC6w9ORR79lmRVUH3IE6vMqu;https://drive.google.com/file/d/1zolg7tLIqC6w9ORR79lmRVUH3IE6vMqu/view?usp=drivesdk
fiches_techniques;RIVULIS;Goutte à goutte / micro-irrigation;Gaine / goutteur;Brochure;Rivulis_D5000PC_Brochure_Francais_20240305_Web.pdf;FICHES TECHNIQUES/GAINES / GOUTTE À GOUTTE/RIVULIS;application/pdf;1795602;1Bqa95-yrcxGSXcwqvpaYjrJvSm21SB7J;https://drive.google.com/file/d/1Bqa95-yrcxGSXcwqvpaYjrJvSm21SB7J/view?usp=drivesdk
fiches_techniques;RIVULIS;Goutte à goutte / micro-irrigation;Gaine / goutteur;Fiche technique;Rivulis_D900_French_20241122-WEB.pdf;FICHES TECHNIQUES/GAINES / GOUTTE À GOUTTE/RIVULIS;application/pdf;757191;1MLVGNhZBVkDvzdlhMEDhi-gFQq3dH-lI;https://drive.google.com/file/d/1MLVGNhZBVkDvzdlhMEDhi-gFQq3dH-lI/view?usp=drivesdk
fiches_techniques;RIVULIS;Goutte à goutte / micro-irrigation;Gaine / goutteur;Fiche technique;Rivulis_HydroDrip_Francais_E-A_20200112_Web.pdf;FICHES TECHNIQUES/GAINES / GOUTTE À GOUTTE/RIVULIS;application/pdf;1504654;1wk_BKlAJ1QGeH-BCsTXsGRretzPHbl0L;https://drive.google.com/file/d/1wk_BKlAJ1QGeH-BCsTXsGRretzPHbl0L/view?usp=drivesdk
fiches_techniques;RIVULIS;Goutte à goutte / micro-irrigation;Gaine / goutteur;Fiche technique;Rivulis_HydroPC-PCND_French_20220824_Web.pdf;FICHES TECHNIQUES/GAINES / GOUTTE À GOUTTE/RIVULIS;application/pdf;5190323;1f_664Y649hRBoYhWJNj5MFybHP2p3YR9;https://drive.google.com/file/d/1f_664Y649hRBoYhWJNj5MFybHP2p3YR9/view?usp=drivesdk
fiches_techniques;RIVULIS;Goutte à goutte / micro-irrigation;Gaine / goutteur;Brochure;Rivulis_Reserve_Tape_Brochure_Francais_EA_20200403_Web.pdf;FICHES TECHNIQUES/GAINES / GOUTTE À GOUTTE/RIVULIS;application/pdf;2334232;1I2nqR3NUKiXcmVdqTkSiFwTJ_X9TshRJ;https://drive.google.com/file/d/1I2nqR3NUKiXcmVdqTkSiFwTJ_X9TshRJ/view?usp=drivesdk
fiches_techniques;RIVULIS;Goutte à goutte / micro-irrigation;Gaine / goutteur;Fiche technique;Rivulis_Ro-Drip_Fran-ais_20220926_Web.pdf;FICHES TECHNIQUES/GAINES / GOUTTE À GOUTTE/RIVULIS;application/pdf;2197588;18l2WSLx6AgNY0WM-bnKXeQx3GJb-0LWI;https://drive.google.com/file/d/18l2WSLx6AgNY0WM-bnKXeQx3GJb-0LWI/view?usp=drivesdk
fiches_techniques;RIVULIS;Goutte à goutte / micro-irrigation;Gaine / goutteur;Fiche technique;Rivulis_T-Tape-White_French_Metric_20241127---WEB.pdf;FICHES TECHNIQUES/GAINES / GOUTTE À GOUTTE/RIVULIS;application/pdf;1559051;1vHjuJ5ccqTX6NCme0KxOcnjn_q5ro4_p;https://drive.google.com/file/d/1vHjuJ5ccqTX6NCme0KxOcnjn_q5ro4_p/view?usp=drivesdk
fiches_techniques;TORO;Goutte à goutte / micro-irrigation;Gaine / goutteur;Fiche technique;Aqua-Traxx Superior Drip Tape_FRA.pdf;FICHES TECHNIQUES/GAINES / GOUTTE À GOUTTE/TORO;application/pdf;1093364;1t1HMwuD6VRtIrKqa17nTm0Au3oi9iVEx;https://drive.google.com/file/d/1t1HMwuD6VRtIrKqa17nTm0Au3oi9iVEx/view?usp=drivesdk
fiches_techniques;TORO;Goutte à goutte / micro-irrigation;Gaine / goutteur;Fiche technique;Aquatraxx FC.pdf;FICHES TECHNIQUES/GAINES / GOUTTE À GOUTTE/TORO;application/pdf;2995111;1P64QCvpbK8fEvefSyGUSjYQlYFTLOFIZ;https://drive.google.com/file/d/1P64QCvpbK8fEvefSyGUSjYQlYFTLOFIZ/view?usp=drivesdk
fiches_techniques;TORO;Goutte à goutte / micro-irrigation;Gaine / goutteur;Brochure;Brochure Aqua-Traxx B-come_ENG_WebVer.pdf;FICHES TECHNIQUES/GAINES / GOUTTE À GOUTTE/TORO;application/pdf;8850966;12ypnRq5ZBKFaCiK7h_e5wVGcu3iAuDZS;https://drive.google.com/file/d/12ypnRq5ZBKFaCiK7h_e5wVGcu3iAuDZS/view?usp=drivesdk
fiches_techniques;TORO;Goutte à goutte / micro-irrigation;Gaine / goutteur;Fiche technique;CatToroAg_FR_23_HR-32-36.pdf;FICHES TECHNIQUES/GAINES / GOUTTE À GOUTTE/TORO;application/pdf;4642290;1me2jn-oGOo0VqVPPsbr1YOhCjfBpD7Nb;https://drive.google.com/file/d/1me2jn-oGOo0VqVPPsbr1YOhCjfBpD7Nb/view?usp=drivesdk
fiches_techniques;TORO;Goutte à goutte / micro-irrigation;Gaine / goutteur;Fiche technique;CatToroAg_FR_23_HR-38-39.pdf;FICHES TECHNIQUES/GAINES / GOUTTE À GOUTTE/TORO;application/pdf;3700153;1OTST78mLKAzNd0DGVUffQXgUMck1I21S;https://drive.google.com/file/d/1OTST78mLKAzNd0DGVUffQXgUMck1I21S/view?usp=drivesdk
fiches_techniques;TORO;Goutte à goutte / micro-irrigation;Gaine / goutteur;Fiche technique;NEPTUNE_PC_HW_FRE.pdf;FICHES TECHNIQUES/GAINES / GOUTTE À GOUTTE/TORO;application/pdf;1792258;1waQCBVWtWwPz0FIhIEWBS8EoU-ZWfdn8;https://drive.google.com/file/d/1waQCBVWtWwPz0FIhIEWBS8EoU-ZWfdn8/view?usp=drivesdk
fiches_techniques;TORO;Goutte à goutte / micro-irrigation;Gaine / goutteur;Fiche technique;Neptune HW.pdf;FICHES TECHNIQUES/GAINES / GOUTTE À GOUTTE/TORO;application/pdf;3510250;1SkluNvbwX8IQM524HOBjMhwzvtEMWwF4;https://drive.google.com/file/d/1SkluNvbwX8IQM524HOBjMhwzvtEMWwF4/view?usp=drivesdk
fiches_techniques;TORO;Goutte à goutte / micro-irrigation;Gaine / goutteur;Fiche technique;Neptune N.pdf;FICHES TECHNIQUES/GAINES / GOUTTE À GOUTTE/TORO;application/pdf;3898998;16DDosoVaB0FrhmRNyW20l1KNwqfOeZW1;https://drive.google.com/file/d/16DDosoVaB0FrhmRNyW20l1KNwqfOeZW1/view?usp=drivesdk
fiches_techniques;TORO;Goutte à goutte / micro-irrigation;Gaine / goutteur;Fiche technique;TORO_ATPBX NEW PACKAGING_7_FRE.pdf;FICHES TECHNIQUES/GAINES / GOUTTE À GOUTTE/TORO;application/pdf;1414582;1P57K7E_tlhZxN3dJdGDoq-UQE2HAYpFQ;https://drive.google.com/file/d/1P57K7E_tlhZxN3dJdGDoq-UQE2HAYpFQ/view?usp=drivesdk
fiches_techniques;TORO;Goutte à goutte / micro-irrigation;Gaine / goutteur;Fiche technique;TORO_ESPACEMENT_RAPPROCHÃ‰_DES_GOUTTEURS _R1.pdf;FICHES TECHNIQUES/GAINES / GOUTTE À GOUTTE/TORO;application/pdf;956743;1RNSIlRH-gBhO165wkZGmBOtIP7_-X5qb;https://drive.google.com/file/d/1RNSIlRH-gBhO165wkZGmBOtIP7_-X5qb/view?usp=drivesdk
fiches_techniques;TORO;Goutte à goutte / micro-irrigation;Gaine / goutteur;Fiche technique;TORO_FAIBLES_DEBITS_R1.pdf;FICHES TECHNIQUES/GAINES / GOUTTE À GOUTTE/TORO;application/pdf;1235026;1a5nb1nvHgxEJKDkfM-hX9dXhFS-BAbcr;https://drive.google.com/file/d/1a5nb1nvHgxEJKDkfM-hX9dXhFS-BAbcr/view?usp=drivesdk
fiches_techniques;TORO;Goutte à goutte / micro-irrigation;Gaine / goutteur;Fiche technique;Toro_Neptune N_Leaflet_FRE.pdf;FICHES TECHNIQUES/GAINES / GOUTTE À GOUTTE/TORO;application/pdf;7283982;1lnMjGVi0XNZsmcnCdsbjfIhWtibYjIPx;https://drive.google.com/file/d/1lnMjGVi0XNZsmcnCdsbjfIhWtibYjIPx/view?usp=drivesdk
fiches_techniques;AZUD;Goutte à goutte / micro-irrigation;Gaine / goutteur;Fiche technique;NAVIA-ENG_FR-1.pdf;FICHES TECHNIQUES/GOUTTEURS/AZUD;application/pdf;363545;1J_l3K5fXvwgqDYsLsv-F0-W4VczhBUah;https://drive.google.com/file/d/1J_l3K5fXvwgqDYsLsv-F0-W4VczhBUah/view?usp=drivesdk
fiches_techniques;RIVULIS;Goutte à goutte / micro-irrigation;Gaine / goutteur;Fiche technique;ND_ClickTif_French_20241030-WEB.pdf;FICHES TECHNIQUES/GOUTTEURS/RIVULIS;application/pdf;1411105;1-kAGKIm1Mpmu0OIAfXeXu82H8iJXv3eW;https://drive.google.com/file/d/1-kAGKIm1Mpmu0OIAfXeXu82H8iJXv3eW/view?usp=drivesdk
fiches_techniques;RIVULIS;Goutte à goutte / micro-irrigation;Gaine / goutteur;Fiche technique;RIV_Dripper_Accessories_EN_Metric_221123web.pdf;FICHES TECHNIQUES/GOUTTEURS/RIVULIS;application/pdf;533025;1FKxYrDTZVfCrN3cJ-Lxmj8uBRzIMtmW3;https://drive.google.com/file/d/1FKxYrDTZVfCrN3cJ-Lxmj8uBRzIMtmW3/view?usp=drivesdk
fiches_techniques;RIVULIS;Goutte à goutte / micro-irrigation;Gaine / goutteur;Brochure;Rivulis_E1000_Brochure_Francais_EA_20200704_Web.pdf;FICHES TECHNIQUES/GOUTTEURS/RIVULIS;application/pdf;1105289;1dEI_D2cbkq_c-hHe-WXTuH7BoKpHnHX7;https://drive.google.com/file/d/1dEI_D2cbkq_c-hHe-WXTuH7BoKpHnHX7/view?usp=drivesdk
fiches_techniques;RIVULIS;Goutte à goutte / micro-irrigation;Gaine / goutteur;Fiche technique;Rivulis_Katif_French_20220322_Web.pdf;FICHES TECHNIQUES/GOUTTEURS/RIVULIS;application/pdf;1713905;1R0RFtrfamo-yNsfmgmXiR3P7XFVhcw1y;https://drive.google.com/file/d/1R0RFtrfamo-yNsfmgmXiR3P7XFVhcw1y/view?usp=drivesdk
fiches_techniques;RIVULIS;Goutte à goutte / micro-irrigation;Gaine / goutteur;Fiche technique;Rivulis_Supertif-PC---PCND_Francais_20230222_Web.pdf;FICHES TECHNIQUES/GOUTTEURS/RIVULIS;application/pdf;884350;1AEDsyAlNEWrmSd_ptdSV2QPD0ChGXRp-;https://drive.google.com/file/d/1AEDsyAlNEWrmSd_ptdSV2QPD0ChGXRp-/view?usp=drivesdk
fiches_techniques;RIVULIS;Goutte à goutte / micro-irrigation;Gaine / goutteur;Brochure;Rivulis_Supertif-PC-Brochure_Francais_EA_20200407_Web.pdf;FICHES TECHNIQUES/GOUTTEURS/RIVULIS;application/pdf;603793;1h3-dTGyvsMKMuUb9OnbAO_BsrDk5g3AE;https://drive.google.com/file/d/1h3-dTGyvsMKMuUb9OnbAO_BsrDk5g3AE/view?usp=drivesdk
fiches_techniques;TORO;Goutte à goutte / micro-irrigation;Gaine / goutteur;Fiche technique;CAPILLAIRE .pdf;FICHES TECHNIQUES/GOUTTEURS/TORO;application/pdf;3046759;1i5WnwIDdRtKmVR0qQiPeW-xuBKEUBu-k;https://drive.google.com/file/d/1i5WnwIDdRtKmVR0qQiPeW-xuBKEUBu-k/view?usp=drivesdk
fiches_techniques;TORO;Goutte à goutte / micro-irrigation;Gaine / goutteur;Fiche technique;EURO KEY.pdf;FICHES TECHNIQUES/GOUTTEURS/TORO;application/pdf;612411;1G0b2RCEtVlpPNZgfFroFzybmFxKd198M;https://drive.google.com/file/d/1G0b2RCEtVlpPNZgfFroFzybmFxKd198M/view?usp=drivesdk
fiches_techniques;TORO;Goutte à goutte / micro-irrigation;Gaine / goutteur;Fiche technique;EURO PLUS.pdf;FICHES TECHNIQUES/GOUTTEURS/TORO;application/pdf;917802;1d0udLLdEnKHRsnrQGwQg-yHVRLiiGK4m;https://drive.google.com/file/d/1d0udLLdEnKHRsnrQGwQg-yHVRLiiGK4m/view?usp=drivesdk
fiches_techniques;TORO;Goutte à goutte / micro-irrigation;Gaine / goutteur;Fiche technique;Leaflet_Greenhouses_FRE.pdf;FICHES TECHNIQUES/GOUTTEURS/TORO;application/pdf;7013777;11rPCw7EwcfBB69afOJrErqCJx0_l2Ykl;https://drive.google.com/file/d/11rPCw7EwcfBB69afOJrErqCJx0_l2Ykl/view?usp=drivesdk
fiches_techniques;TORO;Goutte à goutte / micro-irrigation;Gaine / goutteur;Fiche technique;NGE AL.pdf;FICHES TECHNIQUES/GOUTTEURS/TORO;application/pdf;1577437;1NABOYnjH0RBe97dzAvjjBo1G1CxlNXFq;https://drive.google.com/file/d/1NABOYnjH0RBe97dzAvjjBo1G1CxlNXFq/view?usp=drivesdk
fiches_techniques;TORO;Goutte à goutte / micro-irrigation;Gaine / goutteur;Fiche technique;NGE SF.pdf;FICHES TECHNIQUES/GOUTTEURS/TORO;application/pdf;1201814;1C0ECkZ0B67e-X4K9tiCUMwslC6JH0UdN;https://drive.google.com/file/d/1C0ECkZ0B67e-X4K9tiCUMwslC6JH0UdN/view?usp=drivesdk
fiches_techniques;TORO;Goutte à goutte / micro-irrigation;Gaine / goutteur;Fiche technique;SPIDER.pdf;FICHES TECHNIQUES/GOUTTEURS/TORO;application/pdf;2232669;1eebWlFx6Y8r7LT4btq5tii4MCQrbTnIu;https://drive.google.com/file/d/1eebWlFx6Y8r7LT4btq5tii4MCQrbTnIu/view?usp=drivesdk
fiches_techniques;AUTOMAT;Aspersion;Asperseur;Fiche technique;1739010177-Robin 230.pdf;FICHES TECHNIQUES/MICRO ASPERSEURS/AUTOMAT;application/pdf;522457;1CQHHftllzOZs2YN9fTHcNDVg3avIyZpj;https://drive.google.com/file/d/1CQHHftllzOZs2YN9fTHcNDVg3avIyZpj/view?usp=drivesdk
fiches_techniques;AUTOMAT;Aspersion;Asperseur;Fiche technique;1739010303-Aquatuff-205.pdf;FICHES TECHNIQUES/MICRO ASPERSEURS/AUTOMAT;application/pdf;1256036;1MshF9H8FXn3P-nnFlMBMukmdj5jPM_-e;https://drive.google.com/file/d/1MshF9H8FXn3P-nnFlMBMukmdj5jPM_-e/view?usp=drivesdk
fiches_techniques;AUTOMAT;Aspersion;Asperseur;Fiche technique;1739010393-Aquator-215.pdf;FICHES TECHNIQUES/MICRO ASPERSEURS/AUTOMAT;application/pdf;717108;1pSzLX5z_2wTY9EoqnWTH700Mp8wjW-OC;https://drive.google.com/file/d/1pSzLX5z_2wTY9EoqnWTH700Mp8wjW-OC/view?usp=drivesdk
fiches_techniques;AUTOMAT;Aspersion;Asperseur;Fiche technique;1739010417-Aquafly-220.pdf;FICHES TECHNIQUES/MICRO ASPERSEURS/AUTOMAT;application/pdf;420035;1KLBR-j8o7tnN19iAidQm99KrmHzwRYg-;https://drive.google.com/file/d/1KLBR-j8o7tnN19iAidQm99KrmHzwRYg-/view?usp=drivesdk
fiches_techniques;AUTOMAT;Aspersion;Asperseur;Fiche technique;1739010515-Aquatuff Excel PC- 206PC.pdf;FICHES TECHNIQUES/MICRO ASPERSEURS/AUTOMAT;application/pdf;672452;1U5wtQ9-GkdtYePeAinaSHGFDkuBIaWfG;https://drive.google.com/file/d/1U5wtQ9-GkdtYePeAinaSHGFDkuBIaWfG/view?usp=drivesdk
fiches_techniques;RIVULIS;Goutte à goutte / micro-irrigation;Micro-asperseur / brumisateur;Fiche technique;RIV_SmartJet_French_20241103-WEB-2.pdf;FICHES TECHNIQUES/MICRO ASPERSEURS/RIVULIS;application/pdf;1287030;144IDdihI-lXaY9_OWtDh99_-vo3gNXX0;https://drive.google.com/file/d/144IDdihI-lXaY9_OWtDh99_-vo3gNXX0/view?usp=drivesdk
fiches_techniques;RIVULIS;Goutte à goutte / micro-irrigation;Micro-asperseur / brumisateur;Fiche technique;RIV_SmartJet_French_20241103-WEB.pdf;FICHES TECHNIQUES/MICRO ASPERSEURS/RIVULIS;application/pdf;1287030;1inwBavY635POCieZWs_XRXUjf9xVntCr;https://drive.google.com/file/d/1inwBavY635POCieZWs_XRXUjf9xVntCr/view?usp=drivesdk
fiches_techniques;RIVULIS;Aspersion;Asperseur;Fiche technique;Rivulis_2002_French_Metric_20241127---WEB.pdf;FICHES TECHNIQUES/MICRO ASPERSEURS/RIVULIS;application/pdf;594636;1XvfBMcOzu6F4ClxqDzg00hNyPgJehZI6;https://drive.google.com/file/d/1XvfBMcOzu6F4ClxqDzg00hNyPgJehZI6/view?usp=drivesdk
fiches_techniques;RIVULIS;Aspersion;Asperseur;Fiche technique;Rivulis_BR_Flipper_French_Metric_20240318_WEB.pdf;FICHES TECHNIQUES/MICRO ASPERSEURS/RIVULIS;application/pdf;361235;1q52LAqQl9KkTiGZczwOcWJDVQZRHatzj;https://drive.google.com/file/d/1q52LAqQl9KkTiGZczwOcWJDVQZRHatzj/view?usp=drivesdk
fiches_techniques;RIVULIS;Aspersion;Asperseur;Fiche technique;Rivulis_BR_Hadar7110_French_Metric_20240319_WEB.pdf;FICHES TECHNIQUES/MICRO ASPERSEURS/RIVULIS;application/pdf;432186;12AbIyBPwWcK5ZnFy-VikpNSgqwP3sjY-;https://drive.google.com/file/d/12AbIyBPwWcK5ZnFy-VikpNSgqwP3sjY-/view?usp=drivesdk
fiches_techniques;RIVULIS;Aspersion;Asperseur;Fiche technique;Rivulis_BR_Modular_French_Metric_20241127---WEB.pdf;FICHES TECHNIQUES/MICRO ASPERSEURS/RIVULIS;application/pdf;601261;1-xWbXbc6SyOPSKJeujw5mS1a0QVfmyjZ;https://drive.google.com/file/d/1-xWbXbc6SyOPSKJeujw5mS1a0QVfmyjZ/view?usp=drivesdk
fiches_techniques;RIVULIS;Goutte à goutte / micro-irrigation;Micro-asperseur / brumisateur;Fiche technique;Rivulis_BR_SuperGreenSpin_French_Metric_20240412_WEB.pdf;FICHES TECHNIQUES/MICRO ASPERSEURS/RIVULIS;application/pdf;436181;1fW-62cjDg2p_MHuK9w4WY7chwg7sMXtf;https://drive.google.com/file/d/1fW-62cjDg2p_MHuK9w4WY7chwg7sMXtf/view?usp=drivesdk
fiches_techniques;RIVULIS;Aspersion;Asperseur;Brochure;Rivulis_Rondo-Mister-Brochure_Francais_E-A_20210118_Web.pdf;FICHES TECHNIQUES/MICRO ASPERSEURS/RIVULIS;application/pdf;661562;1thyGv-eOERq_eHvAUKV2iZOumEwjqrIo;https://drive.google.com/file/d/1thyGv-eOERq_eHvAUKV2iZOumEwjqrIo/view?usp=drivesdk
fiches_techniques;RIVULIS;Aspersion;Asperseur;Fiche technique;Rivulis_Rondo-RFR_Francais_20220401_Web.pdf;FICHES TECHNIQUES/MICRO ASPERSEURS/RIVULIS;application/pdf;2934507;1-jYl7_AHmpSoRPG8V_V6cW0McvGRZCe6;https://drive.google.com/file/d/1-jYl7_AHmpSoRPG8V_V6cW0McvGRZCe6/view?usp=drivesdk
fiches_techniques;RIVULIS;Aspersion;Asperseur;Fiche technique;Rivulis_Tornado-Ray-Jet_Francais_20220119_Web-2.pdf;FICHES TECHNIQUES/MICRO ASPERSEURS/RIVULIS;application/pdf;2009194;1eO35BJKFD2y23AKOW3ga-JfE5RUArDNQ;https://drive.google.com/file/d/1eO35BJKFD2y23AKOW3ga-JfE5RUArDNQ/view?usp=drivesdk
fiches_techniques;AZUD;Tuyaux et raccords (réseau);Raccord plastique / compression;Fiche technique;AZUD-FIT-ESP_ENG.pdf;FICHES TECHNIQUES/RACCORDS ET ACCESSOIRES/AZUD;application/pdf;1251305;1F_7zzu29qXrWdqR8jRWxWOed_X8pn7cx;https://drive.google.com/file/d/1F_7zzu29qXrWdqR8jRWxWOed_X8pn7cx/view?usp=drivesdk
fiches_techniques;AZUD;Tuyaux et raccords (réseau);Raccord plastique / compression;Fiche technique;AZUD_FIT-ANILLA-ROSCA-ESP_ENG.pdf;FICHES TECHNIQUES/RACCORDS ET ACCESSOIRES/AZUD;application/pdf;147715;1a1Ogi4Yjzdezjqy8iA2rsSywKi9wH0HU;https://drive.google.com/file/d/1a1Ogi4Yjzdezjqy8iA2rsSywKi9wH0HU/view?usp=drivesdk
fiches_techniques;AZUD;Tuyaux et raccords (réseau);Raccord plastique / compression;Fiche technique;AZUD_FIT_PLUS-ENG_FR-1.pdf;FICHES TECHNIQUES/RACCORDS ET ACCESSOIRES/AZUD;application/pdf;2497066;1UJ1M4KW87eSCtWtu9-1lialaSwxezQDh;https://drive.google.com/file/d/1UJ1M4KW87eSCtWtu9-1lialaSwxezQDh/view?usp=drivesdk
fiches_techniques;AZUD;Tuyaux et raccords (réseau);Raccord plastique / compression;Fiche technique;SECTION-CUPS-Data-sheet-1.pdf;FICHES TECHNIQUES/RACCORDS ET ACCESSOIRES/AZUD;application/pdf;1640323;1U9jrZdB0cPL7YXExtquZi-02CqUG7-Ob;https://drive.google.com/file/d/1U9jrZdB0cPL7YXExtquZi-02CqUG7-Ob/view?usp=drivesdk
fiches_techniques;PLASSON;Tuyaux et raccords (réseau);Raccord plastique / compression;Fiche technique;Plasson_21010R0_Fiche Technique.pdf;FICHES TECHNIQUES/RACCORDS ET ACCESSOIRES/PLASSON;application/pdf;2118267;1EMQjE3qxzrhwTE62b27isC-ylCw8GW30;https://drive.google.com/file/d/1EMQjE3qxzrhwTE62b27isC-ylCw8GW30/view?usp=drivesdk
fiches_techniques;PLASSON;Tuyaux et raccords (réseau);Raccord plastique / compression;Fiche technique;Plasson_9022_0512_V1.pdf;FICHES TECHNIQUES/RACCORDS ET ACCESSOIRES/PLASSON;application/pdf;102509;1edlvbwIdHkOHwEd-WgWuOKreYzv12Bm-;https://drive.google.com/file/d/1edlvbwIdHkOHwEd-WgWuOKreYzv12Bm-/view?usp=drivesdk
fiches_techniques;PLASSON;Tuyaux et raccords (réseau);Bride / joint / boulonnerie;Fiche technique;Plasson_Assemblage par Brides 130508.pdf;FICHES TECHNIQUES/RACCORDS ET ACCESSOIRES/PLASSON;application/pdf;62893;1hG7YRU0cslW3JCEyk5fpLaMxtLa1m-5p;https://drive.google.com/file/d/1hG7YRU0cslW3JCEyk5fpLaMxtLa1m-5p/view?usp=drivesdk
fiches_techniques;PLASSON;Tuyaux et raccords (réseau);Raccord plastique / compression;Fiche technique;Plasson_FT Kit et manchon PE PVC_0612.pdf;FICHES TECHNIQUES/RACCORDS ET ACCESSOIRES/PLASSON;application/pdf;1467348;1GuI2_vGgqErphZbCXjCaaiVfxC93hBvK;https://drive.google.com/file/d/1GuI2_vGgqErphZbCXjCaaiVfxC93hBvK/view?usp=drivesdk
fiches_techniques;PLASSON;Tuyaux et raccords (réseau);Raccord plastique / compression;Fiche technique;Plasson_FT Kit et manchon PE PVC_0612.pdf;FICHES TECHNIQUES/RACCORDS ET ACCESSOIRES/PLASSON;application/pdf;1467348;1nv1frSMeo2PEPRXug12BgnzxE55Lb7Pu;https://drive.google.com/file/d/1nv1frSMeo2PEPRXug12BgnzxE55Lb7Pu/view?usp=drivesdk
fiches_techniques;PLASSON;Tuyaux et raccords (réseau);Raccord plastique / compression;Fiche technique;Plasson_Monomatic Fiche Technique.pdf;FICHES TECHNIQUES/RACCORDS ET ACCESSOIRES/PLASSON;application/pdf;526925;1fUlnqidFsFH-uU9QifVVz3FvzaPgTcmI;https://drive.google.com/file/d/1fUlnqidFsFH-uU9QifVVz3FvzaPgTcmI/view?usp=drivesdk
fiches_techniques;PLASSON;Tuyaux et raccords (réseau);Raccord plastique / compression;Fiche technique;Plasson_Plaquette NEOFIT.pdf;FICHES TECHNIQUES/RACCORDS ET ACCESSOIRES/PLASSON;application/pdf;760439;1GlffvmZ9mKace9BVnpD5OqhXpzuslg9M;https://drive.google.com/file/d/1GlffvmZ9mKace9BVnpD5OqhXpzuslg9M/view?usp=drivesdk
fiches_techniques;PLASSON;Tuyaux et raccords (réseau);Raccord plastique / compression;Fiche technique;Plasson_Plaquette PLASS4.pdf;FICHES TECHNIQUES/RACCORDS ET ACCESSOIRES/PLASSON;application/pdf;604902;1xWm7g4VlKPd6rIxgQ-2qhUne_LwI-ROl;https://drive.google.com/file/d/1xWm7g4VlKPd6rIxgQ-2qhUne_LwI-ROl/view?usp=drivesdk
fiches_techniques;PLASSON;Tuyaux et raccords (réseau);Raccord plastique / compression;Fiche technique;Plasson_Plaquette_Serie1.pdf;FICHES TECHNIQUES/RACCORDS ET ACCESSOIRES/PLASSON;application/pdf;4031117;1jxzNcvxHf2s10o3uDmxFpXtx5hUfgSA7;https://drive.google.com/file/d/1jxzNcvxHf2s10o3uDmxFpXtx5hUfgSA7/view?usp=drivesdk
fiches_techniques;PLASSON;Tuyaux et raccords (réseau);Raccord plastique / compression;Fiche technique;Plasson_Polycode Fiche Technique.pdf;FICHES TECHNIQUES/RACCORDS ET ACCESSOIRES/PLASSON;application/pdf;455438;1hyV6bYBSI12q4upncQJDA_fu2pvYq5cP;https://drive.google.com/file/d/1hyV6bYBSI12q4upncQJDA_fu2pvYq5cP/view?usp=drivesdk
fiches_techniques;PLASSON;Tuyaux et raccords (réseau);Raccord plastique / compression;Fiche technique;Plasson_Polycontrol+ Fiche Technique.pdf;FICHES TECHNIQUES/RACCORDS ET ACCESSOIRES/PLASSON;application/pdf;552959;1Y4h5XMEq5abt5uNTKXt9m_TlY9kyzF2j;https://drive.google.com/file/d/1Y4h5XMEq5abt5uNTKXt9m_TlY9kyzF2j/view?usp=drivesdk
fiches_techniques;PLASSON;Tuyaux et raccords (réseau);Raccord plastique / compression;Fiche technique;Plasson_Polymatic data 48V Fiche Technique.pdf;FICHES TECHNIQUES/RACCORDS ET ACCESSOIRES/PLASSON;application/pdf;482386;1VEmcNrtGwh2VU7SDSW-IT58QdypdDpN8;https://drive.google.com/file/d/1VEmcNrtGwh2VU7SDSW-IT58QdypdDpN8/view?usp=drivesdk
fiches_techniques;PLASSON;Tuyaux et raccords (réseau);Raccord plastique / compression;Fiche technique;Plasson_Polymatic+ 200Hz Fiche Technique.pdf;FICHES TECHNIQUES/RACCORDS ET ACCESSOIRES/PLASSON;application/pdf;514997;1JO2cMWEC_ccJ7y7KvkmDC5nr_RbuObCY;https://drive.google.com/file/d/1JO2cMWEC_ccJ7y7KvkmDC5nr_RbuObCY/view?usp=drivesdk
fiches_techniques;PLASSON;Tuyaux et raccords (réseau);Raccord plastique / compression;Fiche technique;Plasson_Polymatic+ Fiche Technique.pdf;FICHES TECHNIQUES/RACCORDS ET ACCESSOIRES/PLASSON;application/pdf;527559;1nWJfedMVM1wsYG6cUb5hSJO6wRlwniOX;https://drive.google.com/file/d/1nWJfedMVM1wsYG6cUb5hSJO6wRlwniOX/view?usp=drivesdk
fiches_techniques;PLASSON;Tuyaux et raccords (réseau);Raccord plastique / compression;Fiche technique;Plasson_TinyM Fiche Technique.pdf;FICHES TECHNIQUES/RACCORDS ET ACCESSOIRES/PLASSON;application/pdf;543107;1z58dtsuVVGwd5NEJJDGIzwRLsyBq-imO;https://drive.google.com/file/d/1z58dtsuVVGwd5NEJJDGIzwRLsyBq-imO/view?usp=drivesdk
fiches_techniques;RIVULIS;Tuyaux et raccords (réseau);Raccord plastique / compression;Fiche technique;ND_FlushValve_French_20241030-WEB.pdf;FICHES TECHNIQUES/RACCORDS ET ACCESSOIRES/RIVULIS;application/pdf;930585;1hu5bd7YYVoRzqIPnJFzPpzawMxLCQQDX;https://drive.google.com/file/d/1hu5bd7YYVoRzqIPnJFzPpzawMxLCQQDX/view?usp=drivesdk
fiches_techniques;RIVULIS;Tuyaux et raccords (réseau);Raccord plastique / compression;Fiche technique;ND_Lateral_LPD_French_20241030-WEB.pdf;FICHES TECHNIQUES/RACCORDS ET ACCESSOIRES/RIVULIS;application/pdf;1154515;1GY7TxGcmW0fajHsJ1mPW48cFS7yIIS-V;https://drive.google.com/file/d/1GY7TxGcmW0fajHsJ1mPW48cFS7yIIS-V/view?usp=drivesdk
fiches_techniques;RIVULIS;Tuyaux et raccords (réseau);Raccord plastique / compression;Fiche technique;RIV_BR_Connectors_English_Metric_20241126-WEB.pdf;FICHES TECHNIQUES/RACCORDS ET ACCESSOIRES/RIVULIS;application/pdf;3128178;1hKBCb2dMpie8aqVOtn4LAe9u-2EhLUNZ;https://drive.google.com/file/d/1hKBCb2dMpie8aqVOtn4LAe9u-2EhLUNZ/view?usp=drivesdk
fiches_techniques;RIVULIS;Tuyaux et raccords (réseau);Tuyau souple / flat;Fiche technique;RIV_Layflat_OvalHose_English_Metric_20241121_web.pdf;FICHES TECHNIQUES/TUYAUX FLAT/RIVULIS;application/pdf;2328218;1nQbulkIadgkoHUUeyuFGOnf9AEFg0cvP;https://drive.google.com/file/d/1nQbulkIadgkoHUUeyuFGOnf9AEFg0cvP/view?usp=drivesdk
fiches_techniques;RIVULIS;Tuyaux et raccords (réseau);Tuyau souple / flat;Fiche technique;Rivulis_H5000_Fran-ois_10042024_Web.pdf;FICHES TECHNIQUES/TUYAUX FLAT/RIVULIS;application/pdf;1777511;1tSscCo9tnXG_wEVn9TirCuzDdYLooK0I;https://drive.google.com/file/d/1tSscCo9tnXG_wEVn9TirCuzDdYLooK0I/view?usp=drivesdk
fiches_techniques;RIVULIS;Tuyaux et raccords (réseau);Tuyau souple / flat;Fiche technique;Rivulis_H6000_French_20230214_Web.pdf;FICHES TECHNIQUES/TUYAUX FLAT/RIVULIS;application/pdf;825488;1I1oALw3JUcGCsx0M5q_-NzAaPm4xm6YG;https://drive.google.com/file/d/1I1oALw3JUcGCsx0M5q_-NzAaPm4xm6YG/view?usp=drivesdk
fiches_techniques;RIVULIS;Tuyaux et raccords (réseau);Tuyau souple / flat;Fiche technique;Rivulis_H6500_Francais_20220210_web.pdf;FICHES TECHNIQUES/TUYAUX FLAT/RIVULIS;application/pdf;2009067;1M3DNr3ux1b6ZSRjMOXgqqv6h0ZZrVtTZ;https://drive.google.com/file/d/1M3DNr3ux1b6ZSRjMOXgqqv6h0ZZrVtTZ/view?usp=drivesdk
fiches_techniques;RIVULIS;Tuyaux et raccords (réseau);Tuyau souple / flat;Fiche technique;Rivulis_ProFlat_English_US_20190512_Web.pdf;FICHES TECHNIQUES/TUYAUX FLAT/RIVULIS;application/pdf;781502;1Qu4OOAMWkRaMtWnZPmMghudG7Rt4Sic3;https://drive.google.com/file/d/1Qu4OOAMWkRaMtWnZPmMghudG7Rt4Sic3/view?usp=drivesdk
fiches_techniques;TORO;Tuyaux et raccords (réseau);Tuyau souple / flat;Fiche technique;Flat Toro.pdf;FICHES TECHNIQUES/TUYAUX FLAT/TORO;application/pdf;5537080;1XDK1Wy0tcwECmfJQU5uZ5MazJph9sFfg;https://drive.google.com/file/d/1XDK1Wy0tcwECmfJQU5uZ5MazJph9sFfg/view?usp=drivesdk
fiches_techniques;MOLECOR;Tuyaux et raccords (réseau);Tube PVC;Fiche technique;Pvc bioriente PMS16.pdf;FICHES TECHNIQUES/TUYAUX PVC/MOLECOR;application/pdf;2087714;1yo1RRPPc3LkezJviBpvO750h1SMIvMqY;https://drive.google.com/file/d/1yo1RRPPc3LkezJviBpvO750h1SMIvMqY/view?usp=drivesdk
fiches_techniques;TUYPER;Tuyaux et raccords (réseau);Tube PVC;Fiche technique;00b_Triptico_PVC-O_GPF_Biopipe_ES.pdf;FICHES TECHNIQUES/TUYAUX PVC/TUYPER;application/pdf;1112274;1v5B6wBREsCl6rOnijNgRcpEeY0-sJsRk;https://drive.google.com/file/d/1v5B6wBREsCl6rOnijNgRcpEeY0-sJsRk/view?usp=drivesdk
fiches_techniques;TUYPER;Tuyaux et raccords (réseau);Tube PVC;Fiche technique;04TuboPRESION_PVC.pdf;FICHES TECHNIQUES/TUYAUX PVC/TUYPER;application/pdf;694059;1jCgBjF9OWGr4UpOIMwWNtO2FthiQUuR-;https://drive.google.com/file/d/1jCgBjF9OWGr4UpOIMwWNtO2FthiQUuR-/view?usp=drivesdk
fiches_techniques;TUYPER;Tuyaux et raccords (réseau);Tube PVC;Fiche technique;04_Tarifa38_Ferroplast_Sist._Presión_PVC_2024.pdf;FICHES TECHNIQUES/TUYAUX PVC/TUYPER;application/pdf;2007508;1xHULSPOT3Jag9P6jr00vlI-akY3gp_SS;https://drive.google.com/file/d/1xHULSPOT3Jag9P6jr00vlI-akY3gp_SS/view?usp=drivesdk
fiches_techniques;AZUD;Tuyaux et raccords (réseau);Vanne hydraulique / de commande;Fiche technique;Data-sheet-HR-ELECTROVALVE-ENG.pdf;FICHES TECHNIQUES/VANNES HYDRAULIQUES/AZUD;application/pdf;213062;19WXgKBJ9Czx86bUIkiXQVGWzO3lo-8m_;https://drive.google.com/file/d/19WXgKBJ9Czx86bUIkiXQVGWzO3lo-8m_/view?usp=drivesdk
fiches_techniques;AZUD;Tuyaux et raccords (réseau);Vanne hydraulique / de commande;Fiche technique;Data-sheet-HR-METALLIC-HYDRAULIC-VALVE-ENG-1.pdf;FICHES TECHNIQUES/VANNES HYDRAULIQUES/AZUD;application/pdf;269672;10XvKCohTRIp15K1Ma7FLeeguEnLq2Fyk;https://drive.google.com/file/d/10XvKCohTRIp15K1Ma7FLeeguEnLq2Fyk/view?usp=drivesdk
fiches_techniques;AZUD;Tuyaux et raccords (réseau);Vanne hydraulique / de commande;Fiche technique;Data-sheet-HR-PRESSURE-REDUCING-ELECTROVALVE-ENG.pdf;FICHES TECHNIQUES/VANNES HYDRAULIQUES/AZUD;application/pdf;194231;1rAlWBQrVlNtY558bnn-yaSFZEBibGJT4;https://drive.google.com/file/d/1rAlWBQrVlNtY558bnn-yaSFZEBibGJT4/view?usp=drivesdk
fiches_techniques;AZUD;Tuyaux et raccords (réseau);Vanne hydraulique / de commande;Fiche technique;Data-sheet-HR-PRESSURE-REDUCING-HYDRAULIC-VALVE-ENG.pdf;FICHES TECHNIQUES/VANNES HYDRAULIQUES/AZUD;application/pdf;195120;1aJWvrWNLOlcIJvrLYGMkqdFA1MySc0AE;https://drive.google.com/file/d/1aJWvrWNLOlcIJvrLYGMkqdFA1MySc0AE/view?usp=drivesdk
fiches_techniques;AZUD;Filtration;Filtre;Fiche technique;Data-sheet-SPECIAL-SUSTAINING-VALVE-KIT-FOR-FILTRATION-EQUIPMENT-ENG.pdf;FICHES TECHNIQUES/VANNES HYDRAULIQUES/AZUD;application/pdf;195614;1b5m5vTPlc0kKYiSIzVYwSX1a2yw4wicC;https://drive.google.com/file/d/1b5m5vTPlc0kKYiSIzVYwSX1a2yw4wicC/view?usp=drivesdk
fiches_techniques;RIVULIS;Tuyaux et raccords (réseau);Vanne hydraulique / de commande;Fiche technique;Rivulis_Mini-Air-Valve_English_20201009_Web.pdf;FICHES TECHNIQUES/VANNES HYDRAULIQUES/RIVULIS;application/pdf;239726;1O4kKrHYQsXvI1K73rTcSOjYHq-Ptrbxn;https://drive.google.com/file/d/1O4kKrHYQsXvI1K73rTcSOjYHq-Ptrbxn/view?usp=drivesdk
fiches_techniques;RIVULIS;Tuyaux et raccords (réseau);Vanne hydraulique / de commande;Brochure;Rivulis_V1000_V2000_V3000-Brochure_Francais_E-A_20210119_Web.pdf;FICHES TECHNIQUES/VANNES HYDRAULIQUES/RIVULIS;application/pdf;2972612;1Tekdim62JLpOsrWQS4oMwdL9zEb25fFc;https://drive.google.com/file/d/1Tekdim62JLpOsrWQS4oMwdL9zEb25fFc/view?usp=drivesdk
fiches_techniques;RIVULIS;Tuyaux et raccords (réseau);Vanne hydraulique / de commande;Fiche technique;Rivulis_V2500-V3500_English_Metric_20210115-2.pdf;FICHES TECHNIQUES/VANNES HYDRAULIQUES/RIVULIS;application/pdf;2458488;1gIFgeKTmNg4fM4Qo3TgK0-GQWg3_4POr;https://drive.google.com/file/d/1gIFgeKTmNg4fM4Qo3TgK0-GQWg3_4POr/view?usp=drivesdk
fiches_techniques;RIVULIS;Tuyaux et raccords (réseau);Vanne hydraulique / de commande;Fiche technique;Rivulis_Vannes-a-air_Francais_EA_20200401_Web.pdf;FICHES TECHNIQUES/VANNES HYDRAULIQUES/RIVULIS;application/pdf;1802988;1N01YLOOdA3rFpDmO2ocYx1gS59VikCpS;https://drive.google.com/file/d/1N01YLOOdA3rFpDmO2ocYx1gS59VikCpS/view?usp=drivesdk
non_adherents;CAPRARI;Pompage;Pompe / groupe motopompe;Fiche technique;4.-Caprari-SpA_Ethic-Code.pdf;FOURNISEURS NON ADHERENTS MAIS FICHE TECHNIQUE OUF/CAPRARI/caprari-fiches-techniques/armoires-electriques;application/pdf;217622;1oUt8iajLMRpqT_2sNLkE5NV0N-E565MJ;https://drive.google.com/file/d/1oUt8iajLMRpqT_2sNLkE5NV0N-E565MJ/view?usp=drivesdk
non_adherents;CAPRARI;Pompage;Pompe / groupe motopompe;Fiche technique;EHS-Policy-Rev.final-2024_ENG.pdf;FOURNISEURS NON ADHERENTS MAIS FICHE TECHNIQUE OUF/CAPRARI/caprari-fiches-techniques/armoires-electriques;application/pdf;156346;1m1gMxAbbGUzunGHF6qGd0BQm5Q4Yww2w;https://drive.google.com/file/d/1m1gMxAbbGUzunGHF6qGd0BQm5Q4Yww2w/view?usp=drivesdk
non_adherents;CAPRARI;Pompage;Pompe / groupe motopompe;Fiche technique;ISTR ELETTROMECCANICI CAPRARI UNIVERSALE_GB_FG005896_rev4_30-03-17.pdf;FOURNISEURS NON ADHERENTS MAIS FICHE TECHNIQUE OUF/CAPRARI/caprari-fiches-techniques/armoires-electriques;application/pdf;159320;1XBPJThiISbKyPrtsjh7tna7i6Kf9Kp-m;https://drive.google.com/file/d/1XBPJThiISbKyPrtsjh7tna7i6Kf9Kp-m/view?usp=drivesdk
non_adherents;CAPRARI;Pompage;Pompe / groupe motopompe;Fiche technique;ISTR ELETTROMECCANICI CAPRARI UNIVERSALE_IT_FG005895_rev4_30-03-17.pdf;FOURNISEURS NON ADHERENTS MAIS FICHE TECHNIQUE OUF/CAPRARI/caprari-fiches-techniques/armoires-electriques;application/pdf;161055;1tg2zX9AmKA_8Dxi8ZOn5g5MolOQrM5jC;https://drive.google.com/file/d/1tg2zX9AmKA_8Dxi8ZOn5g5MolOQrM5jC/view?usp=drivesdk
non_adherents;CAPRARI;Pompage;Pompe / groupe motopompe;Fiche technique;PCT-GBFI-996027F_06-24.pdf;FOURNISEURS NON ADHERENTS MAIS FICHE TECHNIQUE OUF/CAPRARI/caprari-fiches-techniques/armoires-electriques;application/pdf;791968;1AC9akOgf0Xp-ZqLLt2HoUG1ZYOfcHzZ6;https://drive.google.com/file/d/1AC9akOgf0Xp-ZqLLt2HoUG1ZYOfcHzZ6/view?usp=drivesdk
non_adherents;CAPRARI;Pompage;Pompe / groupe motopompe;Fiche technique;PCT-GBI-996070_06-24.pdf;FOURNISEURS NON ADHERENTS MAIS FICHE TECHNIQUE OUF/CAPRARI/caprari-fiches-techniques/armoires-electriques;application/pdf;2078497;1Gtfq7ycYwYv3pkxVAeDWJXelj3cpmIFe;https://drive.google.com/file/d/1Gtfq7ycYwYv3pkxVAeDWJXelj3cpmIFe/view?usp=drivesdk
non_adherents;CAPRARI;Pompage;Pompe / groupe motopompe;Fiche technique;caprari_companyProfile0626_FR_v01-LR.pdf;FOURNISEURS NON ADHERENTS MAIS FICHE TECHNIQUE OUF/CAPRARI/caprari-fiches-techniques/armoires-electriques;application/pdf;3288882;1kCVwZIJ6iR8_tLKnPnPAmVHDnERrvz-n;https://drive.google.com/file/d/1kCVwZIJ6iR8_tLKnPnPAmVHDnERrvz-n/view?usp=drivesdk
non_adherents;CAPRARI;Pompage;Pompe / groupe motopompe;Fiche technique;BOOSTER_GBFI_996397D_04-21.pdf;FOURNISEURS NON ADHERENTS MAIS FICHE TECHNIQUE OUF/CAPRARI/caprari-fiches-techniques/booster-et-jupes-de-refroidissement;application/pdf;3140639;1Nn9XfaY1_Nz3ishSVb0m47nIR7MTPyGC;https://drive.google.com/file/d/1Nn9XfaY1_Nz3ishSVb0m47nIR7MTPyGC/view?usp=drivesdk
non_adherents;CAPRARI;Pompage;Pompe / groupe motopompe;Fiche technique;BOOSTER_I-GB-F-E-D_996710C_09-2016.pdf;FOURNISEURS NON ADHERENTS MAIS FICHE TECHNIQUE OUF/CAPRARI/caprari-fiches-techniques/booster-et-jupes-de-refroidissement;application/pdf;447669;10l1e9KGva1RZOw6_qdFvq0tbXhmFu_ol;https://drive.google.com/file/d/10l1e9KGva1RZOw6_qdFvq0tbXhmFu_ol/view?usp=drivesdk
non_adherents;CAPRARI;Pompage;Pompe / groupe motopompe;Fiche technique;manCapDRIVE_V4.1.0_I_996772H_10-2022.pdf;FOURNISEURS NON ADHERENTS MAIS FICHE TECHNIQUE OUF/CAPRARI/caprari-fiches-techniques/capdrive;application/pdf;2324470;1TS1rigEdnTrr7GjBOfBUqjkcfi4ljb3A;https://drive.google.com/file/d/1TS1rigEdnTrr7GjBOfBUqjkcfi4ljb3A/view?usp=drivesdk
non_adherents;CAPRARI;Pompage;Pompe / groupe motopompe;Fiche technique;Maxical-CAPRARI.pdf;FOURNISEURS NON ADHERENTS MAIS FICHE TECHNIQUE OUF/CAPRARI/caprari-fiches-techniques/maxical;application/pdf;574844;13eBOJQmcPcvToV9_mgksnvXBTlzjKHR4;https://drive.google.com/file/d/13eBOJQmcPcvToV9_mgksnvXBTlzjKHR4/view?usp=drivesdk
non_adherents;CAPRARI;Pompage;Pompe / groupe motopompe;Fiche technique;CMB100_I-GB-F-E-D-P-GR-RU_996720D_02-2022-OK.pdf;FOURNISEURS NON ADHERENTS MAIS FICHE TECHNIQUE OUF/CAPRARI/caprari-fiches-techniques/melange-cmd-cmr-cmb;application/pdf;4137378;1YDa7KnlGda0-XfP-nieTTEXGU6vWlVdo;https://drive.google.com/file/d/1YDa7KnlGda0-XfP-nieTTEXGU6vWlVdo/view?usp=drivesdk
non_adherents;CAPRARI;Pompage;Pompe / groupe motopompe;Fiche technique;CMD-CMR-CMB-GBFI-996377G_10-20.pdf;FOURNISEURS NON ADHERENTS MAIS FICHE TECHNIQUE OUF/CAPRARI/caprari-fiches-techniques/melange-cmd-cmr-cmb;application/pdf;1673345;1ZFWlCBve_6WM9IT-lz1Ha-AoXbzCy7xo;https://drive.google.com/file/d/1ZFWlCBve_6WM9IT-lz1Ha-AoXbzCy7xo/view?usp=drivesdk
non_adherents;CAPRARI;Pompage;Pompe / groupe motopompe;Fiche technique;CMD-CMR-CMB-GBFI-996430B_10-20.pdf;FOURNISEURS NON ADHERENTS MAIS FICHE TECHNIQUE OUF/CAPRARI/caprari-fiches-techniques/melange-cmd-cmr-cmb;application/pdf;2077851;1vCdbbsfYyChM_YvsD2Qvk_Y5hH7660yJ;https://drive.google.com/file/d/1vCdbbsfYyChM_YvsD2Qvk_Y5hH7660yJ/view?usp=drivesdk
non_adherents;CAPRARI;Pompage;Pompe / groupe motopompe;Fiche technique;CMD_I-GB-F-E-D-P-GR-RU_996732_06-2024.pdf;FOURNISEURS NON ADHERENTS MAIS FICHE TECHNIQUE OUF/CAPRARI/caprari-fiches-techniques/melange-cmd-cmr-cmb;application/pdf;3573931;16e9yl1x_6eTbjjbxTVBBNP7N2wLTAv0u;https://drive.google.com/file/d/16e9yl1x_6eTbjjbxTVBBNP7N2wLTAv0u/view?usp=drivesdk
non_adherents;CAPRARI;Pompage;Pompe / groupe motopompe;Fiche technique;CMR_I-GB-F-E-D-P-GR-RU_996733_10-2023.pdf;FOURNISEURS NON ADHERENTS MAIS FICHE TECHNIQUE OUF/CAPRARI/caprari-fiches-techniques/melange-cmd-cmr-cmb;application/pdf;15252920;1Sps7tClgaDP7qECJ3SFRFlssQt9A7CxB;https://drive.google.com/file/d/1Sps7tClgaDP7qECJ3SFRFlssQt9A7CxB/view?usp=drivesdk
non_adherents;CAPRARI;Pompage;Pompe / groupe motopompe;Fiche technique;MIXoFLUSH-IGBF-996207_10-10.pdf;FOURNISEURS NON ADHERENTS MAIS FICHE TECHNIQUE OUF/CAPRARI/caprari-fiches-techniques/mixoflush;application/pdf;1213407;1Tdkz_BmmXx-mPzA0vmrsKMOBfcO_8LEJ;https://drive.google.com/file/d/1Tdkz_BmmXx-mPzA0vmrsKMOBfcO_8LEJ/view?usp=drivesdk
non_adherents;CAPRARI;Pompage;Pompe / groupe motopompe;Fiche technique;BHR-GBFI-996147B_10-15.pdf;FOURNISEURS NON ADHERENTS MAIS FICHE TECHNIQUE OUF/CAPRARI/caprari-fiches-techniques/serie-bhr;application/pdf;1120549;1iT_YqcqyE1zCpCF4hjs8qNbIVSQFESrP;https://drive.google.com/file/d/1iT_YqcqyE1zCpCF4hjs8qNbIVSQFESrP/view?usp=drivesdk
non_adherents;CAPRARI;Pompage;Pompe / groupe motopompe;Fiche technique;BHR-IGBF-996420H_12-22_compressed.pdf;FOURNISEURS NON ADHERENTS MAIS FICHE TECHNIQUE OUF/CAPRARI/caprari-fiches-techniques/serie-bhr;application/pdf;614762;1sNHdaX37-0WsMRMy4hjNisjk5FAjRKEt;https://drive.google.com/file/d/1sNHdaX37-0WsMRMy4hjNisjk5FAjRKEt/view?usp=drivesdk
non_adherents;CAPRARI;Pompage;Pompe / groupe motopompe;Fiche technique;MEC-A_MEC-MR_MEC-AG_MEC-MG_HMU_BHR_BHG_996603T_04_25.pdf;FOURNISEURS NON ADHERENTS MAIS FICHE TECHNIQUE OUF/CAPRARI/caprari-fiches-techniques/serie-bhr;application/pdf;8629863;1k7BOGjf6oNEMgAvSLmbb9OejKt_TiqOX;https://drive.google.com/file/d/1k7BOGjf6oNEMgAvSLmbb9OejKt_TiqOX/view?usp=drivesdk
non_adherents;CAPRARI;Pompage;Pompe / groupe motopompe;Fiche technique;CVD-Francia.pdf;FOURNISEURS NON ADHERENTS MAIS FICHE TECHNIQUE OUF/CAPRARI/caprari-fiches-techniques/serie-cvd;application/pdf;542885;1oU-PMKxi1w6Yy0j4q6srxDzyBnZMnqTd;https://drive.google.com/file/d/1oU-PMKxi1w6Yy0j4q6srxDzyBnZMnqTd/view?usp=drivesdk
non_adherents;CAPRARI;Pompage;Pompe / groupe motopompe;Fiche technique;CVD-GBEI-996290A_08-24_compressed.pdf;FOURNISEURS NON ADHERENTS MAIS FICHE TECHNIQUE OUF/CAPRARI/caprari-fiches-techniques/serie-cvd;application/pdf;722390;1AgjYQwO9_M7MTYzg_gsR0YKHCRTS0fZU;https://drive.google.com/file/d/1AgjYQwO9_M7MTYzg_gsR0YKHCRTS0fZU/view?usp=drivesdk
non_adherents;CAPRARI;Pompage;Pompe / groupe motopompe;Fiche technique;CVD-GBFI-996203A_08-24_compressed.pdf;FOURNISEURS NON ADHERENTS MAIS FICHE TECHNIQUE OUF/CAPRARI/caprari-fiches-techniques/serie-cvd;application/pdf;836102;1Q3sE73EA-HqIlaiCls9uX7Rt3ceYKL7Z;https://drive.google.com/file/d/1Q3sE73EA-HqIlaiCls9uX7Rt3ceYKL7Z/view?usp=drivesdk
non_adherents;CAPRARI;Pompage;Pompe / groupe motopompe;Fiche technique;CVD-ING.pdf;FOURNISEURS NON ADHERENTS MAIS FICHE TECHNIQUE OUF/CAPRARI/caprari-fiches-techniques/serie-cvd;application/pdf;682777;1FxXbPEC9rBjDT6gXu_94Mo53BFOYcddz;https://drive.google.com/file/d/1FxXbPEC9rBjDT6gXu_94Mo53BFOYcddz/view?usp=drivesdk
non_adherents;CAPRARI;Pompage;Pompe / groupe motopompe;Fiche technique;IST CVD Rev8_I-GB-D-F-E-SV-NL-GR-RU-CHT_C_996749_03-2023.pdf;FOURNISEURS NON ADHERENTS MAIS FICHE TECHNIQUE OUF/CAPRARI/caprari-fiches-techniques/serie-cvd;application/pdf;8716941;1_gGARHXqJPxPMYzN8KrVLnjCvmLdLH3y;https://drive.google.com/file/d/1_gGARHXqJPxPMYzN8KrVLnjCvmLdLH3y/view?usp=drivesdk
non_adherents;CAPRARI;Pompage;Pompe / groupe motopompe;Fiche technique;CVX-GBFI-996445E_10-24_compressed.pdf;FOURNISEURS NON ADHERENTS MAIS FICHE TECHNIQUE OUF/CAPRARI/caprari-fiches-techniques/serie-cvx;application/pdf;859729;1TBUwtaVGLPWvBzdL_c4_SWHTtGoG108z;https://drive.google.com/file/d/1TBUwtaVGLPWvBzdL_c4_SWHTtGoG108z/view?usp=drivesdk
non_adherents;CAPRARI;Pompage;Pompe / groupe motopompe;Fiche technique;CVX_I-GB-F-E-D-P-GR-RU_996746D_1124.pdf;FOURNISEURS NON ADHERENTS MAIS FICHE TECHNIQUE OUF/CAPRARI/caprari-fiches-techniques/serie-cvx;application/pdf;3893031;1Alp1z43xVOJVIl7_spyFTTiAG_boUd32;https://drive.google.com/file/d/1Alp1z43xVOJVIl7_spyFTTiAG_boUd32/view?usp=drivesdk
non_adherents;CAPRARI;Pompage;Pompe / groupe motopompe;Fiche technique;depliantCVX-EN-FR-IT-esec-2024.pdf;FOURNISEURS NON ADHERENTS MAIS FICHE TECHNIQUE OUF/CAPRARI/caprari-fiches-techniques/serie-cvx;application/pdf;5333771;1jZo7-NSmxPpCOuX78_GNf1jysr4Fwlw_;https://drive.google.com/file/d/1jZo7-NSmxPpCOuX78_GNf1jysr4Fwlw_/view?usp=drivesdk
non_adherents;CAPRARI;Pompage;Pompe / groupe motopompe;Fiche technique;D-M-GBEI-996915_09-25_compressed.pdf;FOURNISEURS NON ADHERENTS MAIS FICHE TECHNIQUE OUF/CAPRARI/caprari-fiches-techniques/serie-d-m-mat;application/pdf;2813803;1vuk0gv0j3d_1jDfY4myuQI8oC4a9hLML;https://drive.google.com/file/d/1vuk0gv0j3d_1jDfY4myuQI8oC4a9hLML/view?usp=drivesdk
non_adherents;CAPRARI;Pompage;Pompe / groupe motopompe;Fiche technique;D-M-GBFI-996913_07-25_compressed.pdf;FOURNISEURS NON ADHERENTS MAIS FICHE TECHNIQUE OUF/CAPRARI/caprari-fiches-techniques/serie-d-m-mat;application/pdf;3593024;1lRkoMNaovsOXzZ2wtT3wmZeQqHL83lHg;https://drive.google.com/file/d/1lRkoMNaovsOXzZ2wtT3wmZeQqHL83lHg/view?usp=drivesdk
non_adherents;CAPRARI;Pompage;Pompe / groupe motopompe;Fiche technique;D-M_DS-MS_I-GB-F-E-D-P-GR-RU_996653O_11-2024.pdf;FOURNISEURS NON ADHERENTS MAIS FICHE TECHNIQUE OUF/CAPRARI/caprari-fiches-techniques/serie-d-m-mat;application/pdf;2263347;1NCniyErk-hO-ASTB6xq08kJOp2oLK0jn;https://drive.google.com/file/d/1NCniyErk-hO-ASTB6xq08kJOp2oLK0jn/view?usp=drivesdk
non_adherents;CAPRARI;Pompage;Pompe / groupe motopompe;Fiche technique;DM-DA-MX-MS-MG - IT-GB-DE-FR-ES-SV-NLD-RU-CH_996753 11_24 _2024_Rev 100000260_02.pdf;FOURNISEURS NON ADHERENTS MAIS FICHE TECHNIQUE OUF/CAPRARI/caprari-fiches-techniques/serie-d-m-mat;application/pdf;13998060;1v98OiZtKjLDuKz9RHmLkvh9x8q7VRhpD;https://drive.google.com/file/d/1v98OiZtKjLDuKz9RHmLkvh9x8q7VRhpD/view?usp=drivesdk
non_adherents;CAPRARI;Pompage;Pompe / groupe motopompe;Fiche technique;DX C - IT-GB-DE-FR-ES-SV-NLD-RU-GR-CH_996754 11_24 Rev2.pdf;FOURNISEURS NON ADHERENTS MAIS FICHE TECHNIQUE OUF/CAPRARI/caprari-fiches-techniques/serie-d-m-mat;application/pdf;10523243;1-iGJa-gIvB6GWHuXOD0W1YvZsOhWkqac;https://drive.google.com/file/d/1-iGJa-gIvB6GWHuXOD0W1YvZsOhWkqac/view?usp=drivesdk
non_adherents;CAPRARI;Pompage;Pompe / groupe motopompe;Fiche technique;DX DXW IT-GB-DE-FR-ES-SV-NLD-RU-GR-CH_996752 11_24 _2024Rev100000259_01.pdf;FOURNISEURS NON ADHERENTS MAIS FICHE TECHNIQUE OUF/CAPRARI/caprari-fiches-techniques/serie-d-m-mat;application/pdf;11385392;1Tj43v1Xi6qsutYgvmEOJUEWxUyaRIuh_;https://drive.google.com/file/d/1Tj43v1Xi6qsutYgvmEOJUEWxUyaRIuh_/view?usp=drivesdk
non_adherents;CAPRARI;Pompage;Pompe / groupe motopompe;Fiche technique;caprari_drainagePresentation_FRA-v04-LR.pdf;FOURNISEURS NON ADHERENTS MAIS FICHE TECHNIQUE OUF/CAPRARI/caprari-fiches-techniques/serie-d-m-mat;application/pdf;2243088;13vMmWkePNr4ZymOAfw0lt9PYfDSuJjE0;https://drive.google.com/file/d/13vMmWkePNr4ZymOAfw0lt9PYfDSuJjE0/view?usp=drivesdk
non_adherents;CAPRARI;Pompage;Pompe / groupe motopompe;Fiche technique;caprari_drainagePresentation_ING-v04-LR.pdf;FOURNISEURS NON ADHERENTS MAIS FICHE TECHNIQUE OUF/CAPRARI/caprari-fiches-techniques/serie-d-m-mat;application/pdf;2576728;1CzS1t1tCEGm1CcRuvKeaN0_j-hlFn4ih;https://drive.google.com/file/d/1CzS1t1tCEGm1CcRuvKeaN0_j-hlFn4ih/view?usp=drivesdk
non_adherents;CAPRARI;Pompage;Pompe / groupe motopompe;Fiche technique;depliantDrenaggio_996304_03-25_EN.pdf;FOURNISEURS NON ADHERENTS MAIS FICHE TECHNIQUE OUF/CAPRARI/caprari-fiches-techniques/serie-d-m-mat;application/pdf;1489216;1Yi8ww8lzP3I6yRHWBKV_8FyNP9K6P6U5;https://drive.google.com/file/d/1Yi8ww8lzP3I6yRHWBKV_8FyNP9K6P6U5/view?usp=drivesdk
non_adherents;CAPRARI;Pompage;Pompe / groupe motopompe;Fiche technique;depliantDrenaggio_996310_03-25_FR.pdf;FOURNISEURS NON ADHERENTS MAIS FICHE TECHNIQUE OUF/CAPRARI/caprari-fiches-techniques/serie-d-m-mat;application/pdf;1489465;1hjFSMG1lXWhbxOVOdjSME-Ot93SNmZtJ;https://drive.google.com/file/d/1hjFSMG1lXWhbxOVOdjSME-Ot93SNmZtJ/view?usp=drivesdk
non_adherents;CAPRARI;Pompage;Pompe / groupe motopompe;Fiche technique;E6-18_2poles_GBEI-996415G_05-26_compressed.pdf;FOURNISEURS NON ADHERENTS MAIS FICHE TECHNIQUE OUF/CAPRARI/caprari-fiches-techniques/serie-e6-22;application/pdf;3567724;1amLqo3kirIioNw1wXr0u-_Tkmc4-Blo2;https://drive.google.com/file/d/1amLqo3kirIioNw1wXr0u-_Tkmc4-Blo2/view?usp=drivesdk
non_adherents;CAPRARI;Pompage;Pompe / groupe motopompe;Fiche technique;E6-18_2poles_GBFI-996410AG_05-26_compressed.pdf;FOURNISEURS NON ADHERENTS MAIS FICHE TECHNIQUE OUF/CAPRARI/caprari-fiches-techniques/serie-e6-22;application/pdf;4913461;1l87slSw1WEuxxZp7gY5Gild9c0NDtLoV;https://drive.google.com/file/d/1l87slSw1WEuxxZp7gY5Gild9c0NDtLoV/view?usp=drivesdk
non_adherents;CAPRARI;Pompage;Pompe / groupe motopompe;Fiche technique;E6-22_EN_996216_02-22.pdf;FOURNISEURS NON ADHERENTS MAIS FICHE TECHNIQUE OUF/CAPRARI/caprari-fiches-techniques/serie-e6-22;application/pdf;5230308;124MuMcoeSYbh9pFvAAIU1sYlD3dgKDIg;https://drive.google.com/file/d/124MuMcoeSYbh9pFvAAIU1sYlD3dgKDIg/view?usp=drivesdk
non_adherents;CAPRARI;Pompage;Pompe / groupe motopompe;Fiche technique;INCLINED_GBFI_996613_10-18.pdf;FOURNISEURS NON ADHERENTS MAIS FICHE TECHNIQUE OUF/CAPRARI/caprari-fiches-techniques/serie-e6-22;application/pdf;392602;1B81bep5MzYiBITvfKRzXO4hdPyx7lMBS;https://drive.google.com/file/d/1B81bep5MzYiBITvfKRzXO4hdPyx7lMBS/view?usp=drivesdk
non_adherents;CAPRARI;Pompage;Pompe / groupe motopompe;Fiche technique;E5MX-GB-998994_01-22_compressed.pdf;FOURNISEURS NON ADHERENTS MAIS FICHE TECHNIQUE OUF/CAPRARI/caprari-fiches-techniques/serie-easywell-e5mx;application/pdf;1330916;1yV24NhD62YaE1epSMf57X2DQmRBxajGE;https://drive.google.com/file/d/1yV24NhD62YaE1epSMf57X2DQmRBxajGE/view?usp=drivesdk
non_adherents;CAPRARI;Pompage;Pompe / groupe motopompe;Manuel / notice;E5MX_I-GB-F-E-D_Instruction Manual_996794_11-2021.pdf;FOURNISEURS NON ADHERENTS MAIS FICHE TECHNIQUE OUF/CAPRARI/caprari-fiches-techniques/serie-easywell-e5mx;application/pdf;467186;1BuhqT_xW96cr0HZOu3v21f_FGrF4_Nj2;https://drive.google.com/file/d/1BuhqT_xW96cr0HZOu3v21f_FGrF4_Nj2/view?usp=drivesdk
non_adherents;CAPRARI;Pompage;Pompe / groupe motopompe;Brochure;flyerE5MX-EN.pdf;FOURNISEURS NON ADHERENTS MAIS FICHE TECHNIQUE OUF/CAPRARI/caprari-fiches-techniques/serie-easywell-e5mx;application/pdf;2584187;1OdOt5cjWn9BrrtraiYfFZX4gTsG4IBzK;https://drive.google.com/file/d/1OdOt5cjWn9BrrtraiYfFZX4gTsG4IBzK/view?usp=drivesdk
non_adherents;CAPRARI;Pompage;Pompe / groupe motopompe;Fiche technique;E6-10-Easywell-GBEI-998998E_05-26_compressed.pdf;FOURNISEURS NON ADHERENTS MAIS FICHE TECHNIQUE OUF/CAPRARI/caprari-fiches-techniques/serie-easywell-e6kx-e8kx;application/pdf;2803321;1Yhiw0fuIygBx3DftVRgw4aLHdm4llzBy;https://drive.google.com/file/d/1Yhiw0fuIygBx3DftVRgw4aLHdm4llzBy/view?usp=drivesdk
non_adherents;CAPRARI;Pompage;Pompe / groupe motopompe;Fiche technique;E6-10-Easywell-GBFI-998996E_05-26_compressed.pdf;FOURNISEURS NON ADHERENTS MAIS FICHE TECHNIQUE OUF/CAPRARI/caprari-fiches-techniques/serie-easywell-e6kx-e8kx;application/pdf;2918287;1BB_wdGzfRZ0C3fJTAjCEGLdKx_Kkznky;https://drive.google.com/file/d/1BB_wdGzfRZ0C3fJTAjCEGLdKx_Kkznky/view?usp=drivesdk
non_adherents;CAPRARI;Pompage;Pompe / groupe motopompe;Fiche technique;EKX_I-GB-F-E-D-P-GR__K900018G_0225.pdf;FOURNISEURS NON ADHERENTS MAIS FICHE TECHNIQUE OUF/CAPRARI/caprari-fiches-techniques/serie-easywell-e6kx-e8kx;application/pdf;3992122;1xgC9J8_190bQk8aFjb7nDdX4leccdddD;https://drive.google.com/file/d/1xgC9J8_190bQk8aFjb7nDdX4leccdddD/view?usp=drivesdk
non_adherents;CAPRARI;Pompage;Pompe / groupe motopompe;Brochure;flyerE10KX-FR.pdf;FOURNISEURS NON ADHERENTS MAIS FICHE TECHNIQUE OUF/CAPRARI/caprari-fiches-techniques/serie-easywell-e6kx-e8kx;application/pdf;750410;1RFUD8BYmhPXgqbjr-PfkfHmDyQUMXckw;https://drive.google.com/file/d/1RFUD8BYmhPXgqbjr-PfkfHmDyQUMXckw/view?usp=drivesdk
non_adherents;CAPRARI;Pompage;Pompe / groupe motopompe;Brochure;flyerE10KX-GB.pdf;FOURNISEURS NON ADHERENTS MAIS FICHE TECHNIQUE OUF/CAPRARI/caprari-fiches-techniques/serie-easywell-e6kx-e8kx;application/pdf;744864;1fcNfjb2S9ajt1ELSmoZ-Xb2r-fNiPQC8;https://drive.google.com/file/d/1fcNfjb2S9ajt1ELSmoZ-Xb2r-fNiPQC8/view?usp=drivesdk
non_adherents;CAPRARI;Pompage;Pompe / groupe motopompe;Fiche technique;E6-E8NVX-GBEI-998939B_05-26_compressed.pdf;FOURNISEURS NON ADHERENTS MAIS FICHE TECHNIQUE OUF/CAPRARI/caprari-fiches-techniques/serie-easywell-e6kx-e8kx-2;application/pdf;2220367;1xybuuhfk-s-NT5_tawgGAzYol6PaG8Da;https://drive.google.com/file/d/1xybuuhfk-s-NT5_tawgGAzYol6PaG8Da/view?usp=drivesdk
non_adherents;CAPRARI;Pompage;Pompe / groupe motopompe;Fiche technique;E6-E8NVX-GBFI-998937B_05-26_compressed.pdf;FOURNISEURS NON ADHERENTS MAIS FICHE TECHNIQUE OUF/CAPRARI/caprari-fiches-techniques/serie-easywell-e6kx-e8kx-2;application/pdf;2452210;1O6RBnPHEtgkoHWk9hQ_ZQJTU5RdLM2XK;https://drive.google.com/file/d/1O6RBnPHEtgkoHWk9hQ_ZQJTU5RdLM2XK/view?usp=drivesdk
non_adherents;CAPRARI;Pompage;Pompe / groupe motopompe;Fiche technique;E6NVX - E8NVX_I-GB-F-E-D-P-GR_996638D_0225.pdf;FOURNISEURS NON ADHERENTS MAIS FICHE TECHNIQUE OUF/CAPRARI/caprari-fiches-techniques/serie-easywell-e6kx-e8kx-2;application/pdf;3960306;1W7Gcz5HmxmUZJHSazEnn13WOU-6dqotU;https://drive.google.com/file/d/1W7Gcz5HmxmUZJHSazEnn13WOU-6dqotU/view?usp=drivesdk
non_adherents;CAPRARI;Pompage;Pompe / groupe motopompe;Brochure;flyer-E6NVX-EN.pdf;FOURNISEURS NON ADHERENTS MAIS FICHE TECHNIQUE OUF/CAPRARI/caprari-fiches-techniques/serie-easywell-e6kx-e8kx-2;application/pdf;1977861;1-YRMGq0SD7jcBcqDZz_fkQ1AWtfY28Ix;https://drive.google.com/file/d/1-YRMGq0SD7jcBcqDZz_fkQ1AWtfY28Ix/view?usp=drivesdk
non_adherents;CAPRARI;Pompage;Pompe / groupe motopompe;Brochure;flyerLancio-E6NVX-FR_compressed.pdf;FOURNISEURS NON ADHERENTS MAIS FICHE TECHNIQUE OUF/CAPRARI/caprari-fiches-techniques/serie-easywell-e6kx-e8kx-2;application/pdf;701948;1HmmfTV6Yeon21yBSaoZlWb4ZBsBPdtw_;https://drive.google.com/file/d/1HmmfTV6Yeon21yBSaoZlWb4ZBsBPdtw_/view?usp=drivesdk
non_adherents;CAPRARI;Pompage;Pompe / groupe motopompe;Brochure;flyerLancio-E8NVX-EN.pdf;FOURNISEURS NON ADHERENTS MAIS FICHE TECHNIQUE OUF/CAPRARI/caprari-fiches-techniques/serie-easywell-e6kx-e8kx-2;application/pdf;831019;1YNomKTZdyY-fGuyUpJjnGQdDlYARmyKo;https://drive.google.com/file/d/1YNomKTZdyY-fGuyUpJjnGQdDlYARmyKo/view?usp=drivesdk
non_adherents;CAPRARI;Pompage;Pompe / groupe motopompe;Brochure;flyerLancio-E8NVX-FR.pdf;FOURNISEURS NON ADHERENTS MAIS FICHE TECHNIQUE OUF/CAPRARI/caprari-fiches-techniques/serie-easywell-e6kx-e8kx-2;application/pdf;832168;1YF9KdzEW0Xm9p1OGFjHpEf1wAqjhvazu;https://drive.google.com/file/d/1YF9KdzEW0Xm9p1OGFjHpEf1wAqjhvazu/view?usp=drivesdk
non_adherents;CAPRARI;Pompage;Pompe / groupe motopompe;Fiche technique;E6-22-GBEI-996415C_05-21.pdf;FOURNISEURS NON ADHERENTS MAIS FICHE TECHNIQUE OUF/CAPRARI/caprari-fiches-techniques/serie-easywell-mpc6-10;application/pdf;10219533;1j7Eunhte1whLdsDSJPUGUYYzxkEKoOKP;https://drive.google.com/file/d/1j7Eunhte1whLdsDSJPUGUYYzxkEKoOKP/view?usp=drivesdk
non_adherents;CAPRARI;Pompage;Pompe / groupe motopompe;Fiche technique;E6-22-GBFI-996410AC_05-21.pdf;FOURNISEURS NON ADHERENTS MAIS FICHE TECHNIQUE OUF/CAPRARI/caprari-fiches-techniques/serie-easywell-mpc6-10;application/pdf;4377373;1eFW8FFooEBIAOx3br-0dE37052uzVwLW;https://drive.google.com/file/d/1eFW8FFooEBIAOx3br-0dE37052uzVwLW/view?usp=drivesdk
non_adherents;CAPRARI;Pompage;Pompe / groupe motopompe;Fiche technique;E6-22_EN_996216_02-22-1.pdf;FOURNISEURS NON ADHERENTS MAIS FICHE TECHNIQUE OUF/CAPRARI/caprari-fiches-techniques/serie-easywell-mpc6-10;application/pdf;5230308;1WxR0AmfyGaipl0kiPEcUGn0e_usXnF3r;https://drive.google.com/file/d/1WxR0AmfyGaipl0kiPEcUGn0e_usXnF3r/view?usp=drivesdk
non_adherents;CAPRARI;Pompage;Pompe / groupe motopompe;Fiche technique;MPC_K900000L_0326_compressed.pdf;FOURNISEURS NON ADHERENTS MAIS FICHE TECHNIQUE OUF/CAPRARI/caprari-fiches-techniques/serie-easywell-mpc6-10;application/pdf;1950816;1xxYzVAFDqbfJ19KSh5j0gN8eF7C_Oal4;https://drive.google.com/file/d/1xxYzVAFDqbfJ19KSh5j0gN8eF7C_Oal4/view?usp=drivesdk
non_adherents;CAPRARI;Pompage;Pompe / groupe motopompe;Fiche technique;ENDURANCE_FR_2.pdf;FOURNISEURS NON ADHERENTS MAIS FICHE TECHNIQUE OUF/CAPRARI/caprari-fiches-techniques/serie-endurance-e6-12;application/pdf;2753504;100FMoiP1KBxnINmrpIC0JP_LILHHbAHb;https://drive.google.com/file/d/100FMoiP1KBxnINmrpIC0JP_LILHHbAHb/view?usp=drivesdk
non_adherents;CAPRARI;Pompage;Pompe / groupe motopompe;Fiche technique;ENDURANCE_GBEI_996416H_05-26_compressed.pdf;FOURNISEURS NON ADHERENTS MAIS FICHE TECHNIQUE OUF/CAPRARI/caprari-fiches-techniques/serie-endurance-e6-12;application/pdf;3178007;1NNP5PCoIh3D-YHQlKgEIlvfiLQXQmRVa;https://drive.google.com/file/d/1NNP5PCoIh3D-YHQlKgEIlvfiLQXQmRVa/view?usp=drivesdk
non_adherents;CAPRARI;Pompage;Pompe / groupe motopompe;Fiche technique;ENDURANCE_GBFI_996380L_05-26_compressed.pdf;FOURNISEURS NON ADHERENTS MAIS FICHE TECHNIQUE OUF/CAPRARI/caprari-fiches-techniques/serie-endurance-e6-12;application/pdf;4786866;1k83I66TLwTwln5LfWv3mxxy3coiDTFot;https://drive.google.com/file/d/1k83I66TLwTwln5LfWv3mxxy3coiDTFot/view?usp=drivesdk
non_adherents;CAPRARI;Pompage;Pompe / groupe motopompe;Fiche technique;ENDURANCE_GB_2.pdf;FOURNISEURS NON ADHERENTS MAIS FICHE TECHNIQUE OUF/CAPRARI/caprari-fiches-techniques/serie-endurance-e6-12;application/pdf;1137866;1vtH9aR9tTK8Egba2BRp7kMOroT1VYtiN;https://drive.google.com/file/d/1vtH9aR9tTK8Egba2BRp7kMOroT1VYtiN/view?usp=drivesdk
non_adherents;CAPRARI;Pompage;Pompe / groupe motopompe;Fiche technique;EX-ER-ES_SX-SR-SS_I-GB-F-E-D-P-GR-RU_996593ZOZR_0225.pdf;FOURNISEURS NON ADHERENTS MAIS FICHE TECHNIQUE OUF/CAPRARI/caprari-fiches-techniques/serie-endurance-e6-12;application/pdf;5076439;179i9J5GiQTM5FZP5yup7lPs4CZH58CM-;https://drive.google.com/file/d/179i9J5GiQTM5FZP5yup7lPs4CZH58CM-/view?usp=drivesdk
non_adherents;CAPRARI;Pompage;Pompe / groupe motopompe;Fiche technique;INCLINED_GBFI_996613_10-18-1.pdf;FOURNISEURS NON ADHERENTS MAIS FICHE TECHNIQUE OUF/CAPRARI/caprari-fiches-techniques/serie-endurance-e6-12;application/pdf;392602;1_s6eA-Q4s9XnwYKMqgpiO1E4EDlErvXu;https://drive.google.com/file/d/1_s6eA-Q4s9XnwYKMqgpiO1E4EDlErvXu/view?usp=drivesdk
non_adherents;CAPRARI;Pompage;Pompe / groupe motopompe;Fiche technique;HV-HVS_HVU-HVSU_HF-HFU_I-GB-F-E-D-P-GR-RU_996628O_0225.pdf;FOURNISEURS NON ADHERENTS MAIS FICHE TECHNIQUE OUF/CAPRARI/caprari-fiches-techniques/serie-hv-hvu;application/pdf;3337253;1RAIOVoa2xSFNv6d2MThWFi3Gi5tuhDN7;https://drive.google.com/file/d/1RAIOVoa2xSFNv6d2MThWFi3Gi5tuhDN7/view?usp=drivesdk
non_adherents;CAPRARI;Pompage;Pompe / groupe motopompe;Fiche technique;HVU-GBFI-996267A_03-16.pdf;FOURNISEURS NON ADHERENTS MAIS FICHE TECHNIQUE OUF/CAPRARI/caprari-fiches-techniques/serie-hv-hvu;application/pdf;1132266;1_ZlE4Z-kQpL-akzQq5YZYQCrudnhuB0_;https://drive.google.com/file/d/1_ZlE4Z-kQpL-akzQq5YZYQCrudnhuB0_/view?usp=drivesdk
non_adherents;CAPRARI;Pompage;Pompe / groupe motopompe;Fiche technique;HVU-GBFI-996477D_05-25_compressed.pdf;FOURNISEURS NON ADHERENTS MAIS FICHE TECHNIQUE OUF/CAPRARI/caprari-fiches-techniques/serie-hv-hvu;application/pdf;694342;1CIZMfKoSH-G6xEdOVkwvkMDiKdPqwIDl;https://drive.google.com/file/d/1CIZMfKoSH-G6xEdOVkwvkMDiKdPqwIDl/view?usp=drivesdk
non_adherents;CAPRARI;Pompage;Pompe / groupe motopompe;Fiche technique;K+_I-GB-F-E-D-P-GR-RU_996649Q_01-2025.pdf;FOURNISEURS NON ADHERENTS MAIS FICHE TECHNIQUE OUF/CAPRARI/caprari-fiches-techniques/serie-k-dn-40-dn-350;application/pdf;10558456;1GV1OZomMhElJ7eSCdl80OWVtptVx1o4h;https://drive.google.com/file/d/1GV1OZomMhElJ7eSCdl80OWVtptVx1o4h/view?usp=drivesdk
non_adherents;CAPRARI;Pompage;Pompe / groupe motopompe;Fiche technique;K+_I-GB-F-E-D-P-GR-RU_996679I_05-2025.pdf;FOURNISEURS NON ADHERENTS MAIS FICHE TECHNIQUE OUF/CAPRARI/caprari-fiches-techniques/serie-k-dn-40-dn-350;application/pdf;4844690;1jkC6OthfhSwE2UujEUpellssOuIOq8Vv;https://drive.google.com/file/d/1jkC6OthfhSwE2UujEUpellssOuIOq8Vv/view?usp=drivesdk
non_adherents;CAPRARI;Pompage;Pompe / groupe motopompe;Fiche technique;K+_I-GB-F-E-D-P-GR-RU_996684N_01-2025.pdf;FOURNISEURS NON ADHERENTS MAIS FICHE TECHNIQUE OUF/CAPRARI/caprari-fiches-techniques/serie-k-dn-40-dn-350;application/pdf;11946057;1w6FhZmte_J3CZeZucg79k-lRQoPmfI9h;https://drive.google.com/file/d/1w6FhZmte_J3CZeZucg79k-lRQoPmfI9h/view?usp=drivesdk
non_adherents;CAPRARI;Pompage;Pompe / groupe motopompe;Fiche technique;K+_I-GB-F-E-D-P-GR-RU_996716O_04-2025.pdf;FOURNISEURS NON ADHERENTS MAIS FICHE TECHNIQUE OUF/CAPRARI/caprari-fiches-techniques/serie-k-dn-40-dn-350;application/pdf;6172979;1n-txij0EnlPHBXlNq9YMw7NksmB54axC;https://drive.google.com/file/d/1n-txij0EnlPHBXlNq9YMw7NksmB54axC/view?usp=drivesdk
non_adherents;CAPRARI;Pompage;Pompe / groupe motopompe;Fiche technique;KC-GBFI-996485AF_07-26_compressed.pdf;FOURNISEURS NON ADHERENTS MAIS FICHE TECHNIQUE OUF/CAPRARI/caprari-fiches-techniques/serie-k-dn-40-dn-350;application/pdf;19183045;1ndnUBruXK1i4wyH76f-shi7SJwWfsc9k;https://drive.google.com/file/d/1ndnUBruXK1i4wyH76f-shi7SJwWfsc9k/view?usp=drivesdk
non_adherents;CAPRARI;Pompage;Pompe / groupe motopompe;Fiche technique;KS-GBEI-996505S_06-26_compressed.pdf;FOURNISEURS NON ADHERENTS MAIS FICHE TECHNIQUE OUF/CAPRARI/caprari-fiches-techniques/serie-k-dn-40-dn-350;application/pdf;15339916;1kmVAM4rv8L9hzs5hYFSwW7BE6w12UWcK;https://drive.google.com/file/d/1kmVAM4rv8L9hzs5hYFSwW7BE6w12UWcK/view?usp=drivesdk
non_adherents;CAPRARI;Pompage;Pompe / groupe motopompe;Fiche technique;KST-IGBE-996506D_60-Hz.pdf;FOURNISEURS NON ADHERENTS MAIS FICHE TECHNIQUE OUF/CAPRARI/caprari-fiches-techniques/serie-k-dn-40-dn-350;application/pdf;858907;1bhsActsfgyd0Vydujlc-y0ggceyZHkZh;https://drive.google.com/file/d/1bhsActsfgyd0Vydujlc-y0ggceyZHkZh/view?usp=drivesdk
non_adherents;CAPRARI;Pompage;Pompe / groupe motopompe;Fiche technique;KT-IGBF-996545C_03-21.pdf;FOURNISEURS NON ADHERENTS MAIS FICHE TECHNIQUE OUF/CAPRARI/caprari-fiches-techniques/serie-k-dn-40-dn-350;application/pdf;870771;1ZJrr99Yuil4BCxfM9j3WqiqkyFWYU39B;https://drive.google.com/file/d/1ZJrr99Yuil4BCxfM9j3WqiqkyFWYU39B/view?usp=drivesdk
non_adherents;CAPRARI;Pompage;Pompe / groupe motopompe;Fiche technique;depliantKEN.pdf;FOURNISEURS NON ADHERENTS MAIS FICHE TECHNIQUE OUF/CAPRARI/caprari-fiches-techniques/serie-k-dn-40-dn-350;application/pdf;3004929;1wwZSE3Gc9MxEupro6QhScbBKdzrO3KZE;https://drive.google.com/file/d/1wwZSE3Gc9MxEupro6QhScbBKdzrO3KZE/view?usp=drivesdk
non_adherents;CAPRARI;Pompage;Pompe / groupe motopompe;Fiche technique;depliantKFR.pdf;FOURNISEURS NON ADHERENTS MAIS FICHE TECHNIQUE OUF/CAPRARI/caprari-fiches-techniques/serie-k-dn-40-dn-350;application/pdf;3013751;11sPwpwDeH41laXToOjzHlqU1Hgn2L0Dh;https://drive.google.com/file/d/11sPwpwDeH41laXToOjzHlqU1Hgn2L0Dh/view?usp=drivesdk
non_adherents;CAPRARI;Pompage;Pompe / groupe motopompe;Brochure;flyer-KCA-FR.pdf;FOURNISEURS NON ADHERENTS MAIS FICHE TECHNIQUE OUF/CAPRARI/caprari-fiches-techniques/serie-k-dn-40-dn-350;application/pdf;1126616;16wzfbUf_Jm6W9lihgO74qNw6WFdPg6fm;https://drive.google.com/file/d/16wzfbUf_Jm6W9lihgO74qNw6WFdPg6fm/view?usp=drivesdk
non_adherents;CAPRARI;Pompage;Pompe / groupe motopompe;Brochure;flyer-KCA-GB.pdf;FOURNISEURS NON ADHERENTS MAIS FICHE TECHNIQUE OUF/CAPRARI/caprari-fiches-techniques/serie-k-dn-40-dn-350;application/pdf;1113568;1NBUX0cf1bv4TkoGT_CVoOUR-Ff_mIIdX;https://drive.google.com/file/d/1NBUX0cf1bv4TkoGT_CVoOUR-Ff_mIIdX/view?usp=drivesdk
non_adherents;CAPRARI;Pompage;Pompe / groupe motopompe;Brochure;flyer-Krange-extension-FR.pdf;FOURNISEURS NON ADHERENTS MAIS FICHE TECHNIQUE OUF/CAPRARI/caprari-fiches-techniques/serie-k-dn-40-dn-350;application/pdf;1167216;1ZhCaxKqQZmZCybyMGXlxetZMzW4jliZr;https://drive.google.com/file/d/1ZhCaxKqQZmZCybyMGXlxetZMzW4jliZr/view?usp=drivesdk
non_adherents;CAPRARI;Pompage;Pompe / groupe motopompe;Brochure;flyer-Krange-extension-GB.pdf;FOURNISEURS NON ADHERENTS MAIS FICHE TECHNIQUE OUF/CAPRARI/caprari-fiches-techniques/serie-k-dn-40-dn-350;application/pdf;1159793;1Lo_UYTyzDqARnMZ29YvSBge3oqXGr2Qp;https://drive.google.com/file/d/1Lo_UYTyzDqARnMZ29YvSBge3oqXGr2Qp/view?usp=drivesdk
non_adherents;CAPRARI;Pompage;Pompe / groupe motopompe;Fiche technique;K-KOMPACT-GBFI-996317B_02-14.pdf;FOURNISEURS NON ADHERENTS MAIS FICHE TECHNIQUE OUF/CAPRARI/caprari-fiches-techniques/serie-k-kompact;application/pdf;2231943;1UKkhQ9ij2lAevmumR1obCsdC7Z-vqX2I;https://drive.google.com/file/d/1UKkhQ9ij2lAevmumR1obCsdC7Z-vqX2I/view?usp=drivesdk
non_adherents;CAPRARI;Pompage;Pompe / groupe motopompe;Fiche technique;K-KOMPACT-IGBF-996475F_09-17_compressed.pdf;FOURNISEURS NON ADHERENTS MAIS FICHE TECHNIQUE OUF/CAPRARI/caprari-fiches-techniques/serie-k-kompact;application/pdf;4764175;1uubHwkmNyrp437UM_GSdP5UbSdPASzrI;https://drive.google.com/file/d/1uubHwkmNyrp437UM_GSdP5UbSdPASzrI/view?usp=drivesdk
non_adherents;CAPRARI;Pompage;Pompe / groupe motopompe;Fiche technique;KK (Orizzontali)_I-GB-F-E-D-P-GR-RU_996735F_02-2025.pdf;FOURNISEURS NON ADHERENTS MAIS FICHE TECHNIQUE OUF/CAPRARI/caprari-fiches-techniques/serie-k-kompact;application/pdf;7178745;1SQqxoiUoWVA_EWipxtJ7z1sSjIPXp8TN;https://drive.google.com/file/d/1SQqxoiUoWVA_EWipxtJ7z1sSjIPXp8TN/view?usp=drivesdk
non_adherents;CAPRARI;Pompage;Pompe / groupe motopompe;Fiche technique;KK (Verticali)_I-GB-F-E-D-P-GR-RU_996735F_02-2025.pdf;FOURNISEURS NON ADHERENTS MAIS FICHE TECHNIQUE OUF/CAPRARI/caprari-fiches-techniques/serie-k-kompact;application/pdf;7178745;1g0MQNvkinRHXEg6JFtWcWLMuJyd7qkpr;https://drive.google.com/file/d/1g0MQNvkinRHXEg6JFtWcWLMuJyd7qkpr/view?usp=drivesdk
non_adherents;CAPRARI;Pompage;Pompe / groupe motopompe;Fiche technique;E6-22-GBEI-996415E_06-23_compressed.pdf;FOURNISEURS NON ADHERENTS MAIS FICHE TECHNIQUE OUF/CAPRARI/caprari-fiches-techniques/serie-mac-6-14;application/pdf;3019038;1_PgGaDO7paJSmoqFzN8jfg5Wvdg7Gnl7;https://drive.google.com/file/d/1_PgGaDO7paJSmoqFzN8jfg5Wvdg7Gnl7/view?usp=drivesdk
non_adherents;CAPRARI;Pompage;Pompe / groupe motopompe;Fiche technique;E6-22-GBFI-996410AE_06-23_compressed.pdf;FOURNISEURS NON ADHERENTS MAIS FICHE TECHNIQUE OUF/CAPRARI/caprari-fiches-techniques/serie-mac-6-14;application/pdf;4866348;1qWVLnczAVcykoq_Fz1SdeyB0L2qIVadH;https://drive.google.com/file/d/1qWVLnczAVcykoq_Fz1SdeyB0L2qIVadH/view?usp=drivesdk
non_adherents;CAPRARI;Pompage;Pompe / groupe motopompe;Fiche technique;SUBMERSIBLE MOTORS-M...6 ÷ 14_I-GB-F-E-D-P-GR_996693O_0225.pdf;FOURNISEURS NON ADHERENTS MAIS FICHE TECHNIQUE OUF/CAPRARI/caprari-fiches-techniques/serie-mac-6-14;application/pdf;11385147;1T6YZeqZ70-eU_j8vJg6cjnYS6KyzwuV7;https://drive.google.com/file/d/1T6YZeqZ70-eU_j8vJg6cjnYS6KyzwuV7/view?usp=drivesdk
non_adherents;CAPRARI;Pompage;Pompe / groupe motopompe;Fiche technique;BOOSTER_GBFI_996397D_04-21-2.pdf;FOURNISEURS NON ADHERENTS MAIS FICHE TECHNIQUE OUF/CAPRARI/caprari-fiches-techniques/serie-mc-4;application/pdf;3140639;1gbUoDrL52UGy8d6d8KEHhyPfIkmxLORy;https://drive.google.com/file/d/1gbUoDrL52UGy8d6d8KEHhyPfIkmxLORy/view?usp=drivesdk
non_adherents;CAPRARI;Pompage;Pompe / groupe motopompe;Fiche technique;E4-6-DESERT-GBFI-996390E_04-25_compressed.pdf;FOURNISEURS NON ADHERENTS MAIS FICHE TECHNIQUE OUF/CAPRARI/caprari-fiches-techniques/serie-mc-4;application/pdf;2869684;1dI2MWCa26rAd82yqm5hJAG1y9nTGS-wF;https://drive.google.com/file/d/1dI2MWCa26rAd82yqm5hJAG1y9nTGS-wF/view?usp=drivesdk
non_adherents;CAPRARI;Pompage;Pompe / groupe motopompe;Fiche technique;E4KT_I-GB_996795A_0824.pdf;FOURNISEURS NON ADHERENTS MAIS FICHE TECHNIQUE OUF/CAPRARI/caprari-fiches-techniques/serie-mc-4;application/pdf;1338004;1cpPI5fZ8wnuSUTL66i1lH4ECXPj1R_CA;https://drive.google.com/file/d/1cpPI5fZ8wnuSUTL66i1lH4ECXPj1R_CA/view?usp=drivesdk
non_adherents;CAPRARI;Pompage;Pompe / groupe motopompe;Fiche technique;MECA-GBFI-996157A_04-15.pdf;FOURNISEURS NON ADHERENTS MAIS FICHE TECHNIQUE OUF/CAPRARI/caprari-fiches-techniques/serie-mec-a;application/pdf;1145647;1sUj3Cyj1HwxqFcOpPRvQAKJWwARkxqk2;https://drive.google.com/file/d/1sUj3Cyj1HwxqFcOpPRvQAKJWwARkxqk2/view?usp=drivesdk
non_adherents;CAPRARI;Pompage;Pompe / groupe motopompe;Fiche technique;MECA-GBFI-996425L_07-23_compressed.pdf;FOURNISEURS NON ADHERENTS MAIS FICHE TECHNIQUE OUF/CAPRARI/caprari-fiches-techniques/serie-mec-a;application/pdf;1466334;1b54_lHW6xhCOdI3FJVTGRbCWA6lG2p-3;https://drive.google.com/file/d/1b54_lHW6xhCOdI3FJVTGRbCWA6lG2p-3/view?usp=drivesdk
non_adherents;CAPRARI;Pompage;Pompe / groupe motopompe;Fiche technique;FLANGIATE-GBFI-996956C_11-25_compressed.pdf;FOURNISEURS NON ADHERENTS MAIS FICHE TECHNIQUE OUF/CAPRARI/caprari-fiches-techniques/serie-mec-ag-mec-mg;application/pdf;1993113;10XKqasZfZPQzJFlXsHLVTnFYgByQRYJP;https://drive.google.com/file/d/10XKqasZfZPQzJFlXsHLVTnFYgByQRYJP/view?usp=drivesdk
non_adherents;CAPRARI;Pompage;Pompe / groupe motopompe;Fiche technique;depliantMEC-irrigazione-10-EN-esec-LR.pdf;FOURNISEURS NON ADHERENTS MAIS FICHE TECHNIQUE OUF/CAPRARI/caprari-fiches-techniques/serie-mec-ag-mec-mg;application/pdf;1249911;1QdkW_8YWypHDmLob6lx3kZNwM4sbXPlc;https://drive.google.com/file/d/1QdkW_8YWypHDmLob6lx3kZNwM4sbXPlc/view?usp=drivesdk
non_adherents;CAPRARI;Pompage;Pompe / groupe motopompe;Fiche technique;MEC-D_MEC-DMR_BHD_I-GB-F-E-D-P-GR-RU_996663M_01-2025.pdf;FOURNISEURS NON ADHERENTS MAIS FICHE TECHNIQUE OUF/CAPRARI/caprari-fiches-techniques/serie-mec-d-dmr;application/pdf;1949567;1diU5ejRNUw5Th72_5dAzMmFpYOTnCgsj;https://drive.google.com/file/d/1diU5ejRNUw5Th72_5dAzMmFpYOTnCgsj/view?usp=drivesdk
non_adherents;CAPRARI;Pompage;Pompe / groupe motopompe;Fiche technique;MECD-GBFI-996307A_07-14.pdf;FOURNISEURS NON ADHERENTS MAIS FICHE TECHNIQUE OUF/CAPRARI/caprari-fiches-techniques/serie-mec-d-dmr;application/pdf;1215210;15_XYvaKhfm3dTVRpsi2u8Oj4XFoioLDH;https://drive.google.com/file/d/15_XYvaKhfm3dTVRpsi2u8Oj4XFoioLDH/view?usp=drivesdk
non_adherents;CAPRARI;Pompage;Pompe / groupe motopompe;Fiche technique;MECD-IGBF-996500F_08-24_compressed.pdf;FOURNISEURS NON ADHERENTS MAIS FICHE TECHNIQUE OUF/CAPRARI/caprari-fiches-techniques/serie-mec-d-dmr;application/pdf;283196;1nEKHPoMNSbDeWVqMUJOwSgbewi6Xl5_w;https://drive.google.com/file/d/1nEKHPoMNSbDeWVqMUJOwSgbewi6Xl5_w/view?usp=drivesdk
non_adherents;CAPRARI;Pompage;Pompe / groupe motopompe;Fiche technique;MECMR-GBFI-996177A_04-14.pdf;FOURNISEURS NON ADHERENTS MAIS FICHE TECHNIQUE OUF/CAPRARI/caprari-fiches-techniques/serie-mec-mr;application/pdf;1140036;1KJVtyScWLdEsRPIHVYA9l11zbZtO5Gga;https://drive.google.com/file/d/1KJVtyScWLdEsRPIHVYA9l11zbZtO5Gga/view?usp=drivesdk
non_adherents;CAPRARI;Pompage;Pompe / groupe motopompe;Fiche technique;MECMR-GBFI-996435R_12-25_compressed.pdf;FOURNISEURS NON ADHERENTS MAIS FICHE TECHNIQUE OUF/CAPRARI/caprari-fiches-techniques/serie-mec-mr;application/pdf;1147275;1hVJP5UhfFmlOmHmQlnYJ3VoCQfd1TDfY;https://drive.google.com/file/d/1hVJP5UhfFmlOmHmQlnYJ3VoCQfd1TDfY/view?usp=drivesdk
non_adherents;CAPRARI;Pompage;Pompe / groupe motopompe;Fiche technique;SUBMERSIBLE MOTORS-M...6 ÷ 14_I-GB-F-E-D-P-GR_996693N_09-2024.pdf;FOURNISEURS NON ADHERENTS MAIS FICHE TECHNIQUE OUF/CAPRARI/caprari-fiches-techniques/serie-mmp-6-÷-10;application/pdf;11905143;1rrjKVWvztJmAxNM3KrpiQuCU2HaWPm6H;https://drive.google.com/file/d/1rrjKVWvztJmAxNM3KrpiQuCU2HaWPm6H/view?usp=drivesdk
non_adherents;CAPRARI;Pompage;Pompe / groupe motopompe;Brochure;flyerLancio-MMP-FR-1.pdf;FOURNISEURS NON ADHERENTS MAIS FICHE TECHNIQUE OUF/CAPRARI/caprari-fiches-techniques/serie-mmp-6-÷-10;application/pdf;1845662;1n7eJ0eS2tjiCwDBHl3AWZDvLGrjNaMhM;https://drive.google.com/file/d/1n7eJ0eS2tjiCwDBHl3AWZDvLGrjNaMhM/view?usp=drivesdk
non_adherents;CAPRARI;Pompage;Pompe / groupe motopompe;Brochure;flyerLancio-MMP-GB-1.pdf;FOURNISEURS NON ADHERENTS MAIS FICHE TECHNIQUE OUF/CAPRARI/caprari-fiches-techniques/serie-mmp-6-÷-10;application/pdf;1845991;1HEcsoQW9NS9fyCslDx9KSWC4BYSd1ZH1;https://drive.google.com/file/d/1HEcsoQW9NS9fyCslDx9KSWC4BYSd1ZH1/view?usp=drivesdk
non_adherents;CAPRARI;Pompage;Pompe / groupe motopompe;Fiche technique;NC - NCH_I-GB-F-E-D-P-GR-RU_996640M_04-2025.pdf;FOURNISEURS NON ADHERENTS MAIS FICHE TECHNIQUE OUF/CAPRARI/caprari-fiches-techniques/serie-nc;application/pdf;4936219;1YLC_FTV43DoPaAh9g6WNRrAQwAC4Npq6;https://drive.google.com/file/d/1YLC_FTV43DoPaAh9g6WNRrAQwAC4Npq6/view?usp=drivesdk
non_adherents;CAPRARI;Pompage;Pompe / groupe motopompe;Fiche technique;NC-GBFI-996515L_07-25_compressed.pdf;FOURNISEURS NON ADHERENTS MAIS FICHE TECHNIQUE OUF/CAPRARI/caprari-fiches-techniques/serie-nc;application/pdf;1187687;1kC6h0vfscT0DPF2PkgmDFDzTiQWmLFOk;https://drive.google.com/file/d/1kC6h0vfscT0DPF2PkgmDFDzTiQWmLFOk/view?usp=drivesdk
non_adherents;CAPRARI;Pompage;Pompe / groupe motopompe;Fiche technique;NC_GBFI_996327D_02-25.pdf;FOURNISEURS NON ADHERENTS MAIS FICHE TECHNIQUE OUF/CAPRARI/caprari-fiches-techniques/serie-nc;application/pdf;2475642;1YZZYdq5SkSIk443a4uLZOP-iVfCQDBw4;https://drive.google.com/file/d/1YZZYdq5SkSIk443a4uLZOP-iVfCQDBw4/view?usp=drivesdk
non_adherents;CAPRARI;Pompage;Pompe / groupe motopompe;Fiche technique;NC-NCH_996640O_1125_compressed.pdf;FOURNISEURS NON ADHERENTS MAIS FICHE TECHNIQUE OUF/CAPRARI/caprari-fiches-techniques/serie-nce;application/pdf;1431207;1Kl6Zw85GsgZ_1Ce8viytuWDXJmAUB172;https://drive.google.com/file/d/1Kl6Zw85GsgZ_1Ce8viytuWDXJmAUB172/view?usp=drivesdk
non_adherents;CAPRARI;Pompage;Pompe / groupe motopompe;Fiche technique;NC.E-GBFI-996935B_05-26_compressed.pdf;FOURNISEURS NON ADHERENTS MAIS FICHE TECHNIQUE OUF/CAPRARI/caprari-fiches-techniques/serie-nce;application/pdf;662692;1DGutKRRcTezI0dmjpx_R0ks4ilN7DtEL;https://drive.google.com/file/d/1DGutKRRcTezI0dmjpx_R0ks4ilN7DtEL/view?usp=drivesdk
non_adherents;CAPRARI;Pompage;Pompe / groupe motopompe;Fiche technique;NMC-GBFI-998913A_11-25_compressed.pdf;FOURNISEURS NON ADHERENTS MAIS FICHE TECHNIQUE OUF/CAPRARI/caprari-fiches-techniques/serie-nmc;application/pdf;1565292;1xquRN444u_Kl31EYdxk-SGTEwlW41Zi0;https://drive.google.com/file/d/1xquRN444u_Kl31EYdxk-SGTEwlW41Zi0/view?usp=drivesdk
non_adherents;CAPRARI;Pompage;Pompe / groupe motopompe;Fiche technique;NMC-NMCS_I-GB-D-F-E-SV-NC-RU-CHT_996637_07-2023.pdf;FOURNISEURS NON ADHERENTS MAIS FICHE TECHNIQUE OUF/CAPRARI/caprari-fiches-techniques/serie-nmc;application/pdf;4349386;12GT-ohUNjjOQZfE-8KaTi0-pW-PL9S9C;https://drive.google.com/file/d/12GT-ohUNjjOQZfE-8KaTi0-pW-PL9S9C/view?usp=drivesdk
non_adherents;CAPRARI;Pompage;Pompe / groupe motopompe;Brochure;flyer-NMC-EN.pdf;FOURNISEURS NON ADHERENTS MAIS FICHE TECHNIQUE OUF/CAPRARI/caprari-fiches-techniques/serie-nmc;application/pdf;844496;1TSxNv9YHx2LQAgyeZcc3ZFMS8jtZj9O5;https://drive.google.com/file/d/1TSxNv9YHx2LQAgyeZcc3ZFMS8jtZj9O5/view?usp=drivesdk
non_adherents;CAPRARI;Pompage;Pompe / groupe motopompe;Brochure;flyer-NMC-FR.pdf;FOURNISEURS NON ADHERENTS MAIS FICHE TECHNIQUE OUF/CAPRARI/caprari-fiches-techniques/serie-nmc;application/pdf;847982;1SylyXpHh-jYipKIm49n3qoWuyVxY80CD;https://drive.google.com/file/d/1SylyXpHh-jYipKIm49n3qoWuyVxY80CD/view?usp=drivesdk
non_adherents;CAPRARI;Pompage;Pompe / groupe motopompe;Fiche technique;P-GBFI-996097B_06-17.pdf;FOURNISEURS NON ADHERENTS MAIS FICHE TECHNIQUE OUF/CAPRARI/caprari-fiches-techniques/serie-p6-p18;application/pdf;1513137;18mWm2ZBMjPBR593qo1CKOEX_CmKOw02D;https://drive.google.com/file/d/18mWm2ZBMjPBR593qo1CKOEX_CmKOw02D/view?usp=drivesdk
non_adherents;CAPRARI;Pompage;Pompe / groupe motopompe;Fiche technique;P-IGBF-996400P_06-17_compressed.pdf;FOURNISEURS NON ADHERENTS MAIS FICHE TECHNIQUE OUF/CAPRARI/caprari-fiches-techniques/serie-p6-p18;application/pdf;1289357;1iaPDg7iYQY-tQZaWKR-0bBQZ3b-QodC4;https://drive.google.com/file/d/1iaPDg7iYQY-tQZaWKR-0bBQZ3b-QodC4/view?usp=drivesdk
non_adherents;CAPRARI;Pompage;Pompe / groupe motopompe;Fiche technique;P_I-GB-F-E-D-P-GR-RU-RO_996583O_0225.pdf;FOURNISEURS NON ADHERENTS MAIS FICHE TECHNIQUE OUF/CAPRARI/caprari-fiches-techniques/serie-p6-p18;application/pdf;4066479;1iHHM0CdnZow6dTaJE7sPtv1PNX4j1WGP;https://drive.google.com/file/d/1iHHM0CdnZow6dTaJE7sPtv1PNX4j1WGP/view?usp=drivesdk
non_adherents;CAPRARI;Pompage;Pompe / groupe motopompe;Fiche technique;PM-GBFI-996440M_08-26_compressed.pdf;FOURNISEURS NON ADHERENTS MAIS FICHE TECHNIQUE OUF/CAPRARI/caprari-fiches-techniques/serie-pm-pma;application/pdf;4312338;1y0qm3evlxLUVEFPY3n5Vg-_e1qaxNw8V;https://drive.google.com/file/d/1y0qm3evlxLUVEFPY3n5Vg-_e1qaxNw8V/view?usp=drivesdk
non_adherents;CAPRARI;Pompage;Pompe / groupe motopompe;Fiche technique;PMA-GBFI-996432D_08-26_compressed.pdf;FOURNISEURS NON ADHERENTS MAIS FICHE TECHNIQUE OUF/CAPRARI/caprari-fiches-techniques/serie-pm-pma;application/pdf;5924986;1n0HPDMWK7g7_SwgOUra2sBnslk3O8b5D;https://drive.google.com/file/d/1n0HPDMWK7g7_SwgOUra2sBnslk3O8b5D/view?usp=drivesdk
non_adherents;CAPRARI;Pompage;Pompe / groupe motopompe;Brochure;flyer-PM-PMA-EN-1.pdf;FOURNISEURS NON ADHERENTS MAIS FICHE TECHNIQUE OUF/CAPRARI/caprari-fiches-techniques/serie-pm-pma;application/pdf;1635950;1O2WpQWhdgDc_M89W9eBOncn65rYcKaGw;https://drive.google.com/file/d/1O2WpQWhdgDc_M89W9eBOncn65rYcKaGw/view?usp=drivesdk
non_adherents;CAPRARI;Pompage;Pompe / groupe motopompe;Brochure;flyer-PM-PMA-FR-1.pdf;FOURNISEURS NON ADHERENTS MAIS FICHE TECHNIQUE OUF/CAPRARI/caprari-fiches-techniques/serie-pm-pma;application/pdf;1638459;1lxgjOdtx5oDNUy4MeOwf1v7ODvAyp23w;https://drive.google.com/file/d/1lxgjOdtx5oDNUy4MeOwf1v7ODvAyp23w/view?usp=drivesdk
non_adherents;CAPRARI;Pompage;Pompe / groupe motopompe;Fiche technique;PM-PMX-PMA_I-GB-F-E-D-P-GR-RU_996688O_0325.pdf;FOURNISEURS NON ADHERENTS MAIS FICHE TECHNIQUE OUF/CAPRARI/caprari-fiches-techniques/serie-pmxt;application/pdf;10454843;14I2ARJg20Yfj635buMQBZJtZg34Qw5_e;https://drive.google.com/file/d/14I2ARJg20Yfj635buMQBZJtZg34Qw5_e/view?usp=drivesdk
non_adherents;CAPRARI;Pompage;Pompe / groupe motopompe;Fiche technique;PMXT-GBFI-996361A_05-21.pdf;FOURNISEURS NON ADHERENTS MAIS FICHE TECHNIQUE OUF/CAPRARI/caprari-fiches-techniques/serie-pmxt;application/pdf;2628633;11QBNautpmgBQ4AidpLu29tSyQc90aOl_;https://drive.google.com/file/d/11QBNautpmgBQ4AidpLu29tSyQc90aOl_/view?usp=drivesdk
non_adherents;CAPRARI;Pompage;Pompe / groupe motopompe;Fiche technique;PMXT-GBFI-996442B_07-23_compressed-1.pdf;FOURNISEURS NON ADHERENTS MAIS FICHE TECHNIQUE OUF/CAPRARI/caprari-fiches-techniques/serie-pmxt;application/pdf;2844410;1kWsDq5erfBjxYvDsMaL7nUOHVM7P52CF;https://drive.google.com/file/d/1kWsDq5erfBjxYvDsMaL7nUOHVM7P52CF/view?usp=drivesdk
non_adherents;CAPRARI;Pompage;Pompe / groupe motopompe;Fiche technique;SCC-GBEI-996898B_04-26_compressed.pdf;FOURNISEURS NON ADHERENTS MAIS FICHE TECHNIQUE OUF/CAPRARI/caprari-fiches-techniques/serie-scc;application/pdf;2405607;1WOtD4h-K5n44EzLkUutpQYAYPtzWbTru;https://drive.google.com/file/d/1WOtD4h-K5n44EzLkUutpQYAYPtzWbTru/view?usp=drivesdk
non_adherents;CAPRARI;Pompage;Pompe / groupe motopompe;Fiche technique;SCC-GBFI-996896B_04-26_compressed.pdf;FOURNISEURS NON ADHERENTS MAIS FICHE TECHNIQUE OUF/CAPRARI/caprari-fiches-techniques/serie-scc;application/pdf;3191937;17npxp9BYyp2lpIDBokbMF9GbcvcTXk4k;https://drive.google.com/file/d/17npxp9BYyp2lpIDBokbMF9GbcvcTXk4k/view?usp=drivesdk
non_adherents;CAPRARI;Pompage;Pompe / groupe motopompe;Fiche technique;SCC2_I-GB-F-E-D-P-GR-RO-RU_996633A_06-2025.pdf;FOURNISEURS NON ADHERENTS MAIS FICHE TECHNIQUE OUF/CAPRARI/caprari-fiches-techniques/serie-scc;application/pdf;5738745;1HBHSZ4-MQVW25WPUfSuC3JV7Lswpe3to;https://drive.google.com/file/d/1HBHSZ4-MQVW25WPUfSuC3JV7Lswpe3to/view?usp=drivesdk
non_adherents;CAPRARI;Pompage;Pompe / groupe motopompe;Brochure;flyer-SCC-EN.pdf;FOURNISEURS NON ADHERENTS MAIS FICHE TECHNIQUE OUF/CAPRARI/caprari-fiches-techniques/serie-scc;application/pdf;2146440;1Jq_IueQ-L6LxG9R8HPmD6S7qAkhL3DNi;https://drive.google.com/file/d/1Jq_IueQ-L6LxG9R8HPmD6S7qAkhL3DNi/view?usp=drivesdk
non_adherents;CAPRARI;Pompage;Pompe / groupe motopompe;Brochure;flyer-SCC-FR.pdf;FOURNISEURS NON ADHERENTS MAIS FICHE TECHNIQUE OUF/CAPRARI/caprari-fiches-techniques/serie-scc;application/pdf;2144379;1T53Oq_SqSVbvNWP3VNue7PIHn8VTUV4O;https://drive.google.com/file/d/1T53Oq_SqSVbvNWP3VNue7PIHn8VTUV4O/view?usp=drivesdk
non_adherents;CAPRARI;Pompage;Pompe / groupe motopompe;Fiche technique;STORMWATER-IGBF-996017_08-10.pdf;FOURNISEURS NON ADHERENTS MAIS FICHE TECHNIQUE OUF/CAPRARI/caprari-fiches-techniques/stormwater;application/pdf;3156468;1mR6HBF9o9jtgHaxf1pd9bFVUZkz_8h8L;https://drive.google.com/file/d/1mR6HBF9o9jtgHaxf1pd9bFVUZkz_8h8L/view?usp=drivesdk
non_adherents;CAPRARI;Pompage;Pompe / groupe motopompe;Fiche technique;PCT-EDI-996028F_06-24.pdf;FOURNISEURS NON ADHERENTS MAIS FICHE TECHNIQUE OUF/CAPRARI/caprari-fiches-techniques/vsd;application/pdf;753874;1rEeCzJw3Y4BExzXr8LsFTUw7uukZm_fr;https://drive.google.com/file/d/1rEeCzJw3Y4BExzXr8LsFTUw7uukZm_fr/view?usp=drivesdk
non_adherents;FARMFRONT;Enrouleurs;Enrouleur;Fiche technique;100IR2_2A550.pdf;FOURNISEURS NON ADHERENTS MAIS FICHE TECHNIQUE OUF/FARMFRONT/farmfront_fiches_techniques;application/pdf;18817;1lMV8jq0qqmsZbFeey8wmHSCVGoz5yrD0;https://drive.google.com/file/d/1lMV8jq0qqmsZbFeey8wmHSCVGoz5yrD0/view?usp=drivesdk
non_adherents;FARMFRONT;Enrouleurs;Enrouleur;Fiche technique;100IR2_2A600.pdf;FOURNISEURS NON ADHERENTS MAIS FICHE TECHNIQUE OUF/FARMFRONT/farmfront_fiches_techniques;application/pdf;18838;1X4GYXw6A0jKjCn29Pq1zPk4U-evj-yl8;https://drive.google.com/file/d/1X4GYXw6A0jKjCn29Pq1zPk4U-evj-yl8/view?usp=drivesdk
non_adherents;FARMFRONT;Enrouleurs;Enrouleur;Fiche technique;100VIR4340.pdf;FOURNISEURS NON ADHERENTS MAIS FICHE TECHNIQUE OUF/FARMFRONT/farmfront_fiches_techniques;application/pdf;15129;11zLBYnZz2R7XRTKZ1C0FLMO_VO6ASL7B;https://drive.google.com/file/d/11zLBYnZz2R7XRTKZ1C0FLMO_VO6ASL7B/view?usp=drivesdk
non_adherents;FARMFRONT;Enrouleurs;Enrouleur;Fiche technique;100VIR4360.pdf;FOURNISEURS NON ADHERENTS MAIS FICHE TECHNIQUE OUF/FARMFRONT/farmfront_fiches_techniques;application/pdf;19320;1FIZUDz61dapG9eJphZaZUmGzdUQ9gT3p;https://drive.google.com/file/d/1FIZUDz61dapG9eJphZaZUmGzdUQ9gT3p/view?usp=drivesdk
non_adherents;FARMFRONT;Enrouleurs;Enrouleur;Fiche technique;100VIR4390.pdf;FOURNISEURS NON ADHERENTS MAIS FICHE TECHNIQUE OUF/FARMFRONT/farmfront_fiches_techniques;application/pdf;19219;1mZNaP9qDzIzN9mcE-Aq3wcM0xrLs83na;https://drive.google.com/file/d/1mZNaP9qDzIzN9mcE-Aq3wcM0xrLs83na/view?usp=drivesdk
non_adherents;FARMFRONT;Enrouleurs;Enrouleur;Fiche technique;100VIR5450.pdf;FOURNISEURS NON ADHERENTS MAIS FICHE TECHNIQUE OUF/FARMFRONT/farmfront_fiches_techniques;application/pdf;19062;1a2T6UQnl9usuFve3umKCExqExJ5Akufu;https://drive.google.com/file/d/1a2T6UQnl9usuFve3umKCExqExJ5Akufu/view?usp=drivesdk
non_adherents;FARMFRONT;Enrouleurs;Enrouleur;Fiche technique;100VIR5500.pdf;FOURNISEURS NON ADHERENTS MAIS FICHE TECHNIQUE OUF/FARMFRONT/farmfront_fiches_techniques;application/pdf;19173;1mA-GcWfwSjCR0sdQskPJKS4myZqXtKAV;https://drive.google.com/file/d/1mA-GcWfwSjCR0sdQskPJKS4myZqXtKAV/view?usp=drivesdk
non_adherents;FARMFRONT;Enrouleurs;Enrouleur;Fiche technique;100VIR6600.pdf;FOURNISEURS NON ADHERENTS MAIS FICHE TECHNIQUE OUF/FARMFRONT/farmfront_fiches_techniques;application/pdf;18838;17lh9wQqP4wpcuclDE20VaD1toZTkTns0;https://drive.google.com/file/d/17lh9wQqP4wpcuclDE20VaD1toZTkTns0/view?usp=drivesdk
non_adherents;FARMFRONT;Enrouleurs;Enrouleur;Fiche technique;100VIR7650.pdf;FOURNISEURS NON ADHERENTS MAIS FICHE TECHNIQUE OUF/FARMFRONT/farmfront_fiches_techniques;application/pdf;19123;1Pu-pbI79Lx-4-N1KsytvVQA0yzvw87cD;https://drive.google.com/file/d/1Pu-pbI79Lx-4-N1KsytvVQA0yzvw87cD/view?usp=drivesdk
non_adherents;FARMFRONT;Enrouleurs;Enrouleur;Fiche technique;110IR2_2A500.pdf;FOURNISEURS NON ADHERENTS MAIS FICHE TECHNIQUE OUF/FARMFRONT/farmfront_fiches_techniques;application/pdf;19296;1zwrQpnFC4kXkydYZfsBpnWeRz6M2tthP;https://drive.google.com/file/d/1zwrQpnFC4kXkydYZfsBpnWeRz6M2tthP/view?usp=drivesdk
non_adherents;FARMFRONT;Enrouleurs;Enrouleur;Fiche technique;110IR2_2A530.pdf;FOURNISEURS NON ADHERENTS MAIS FICHE TECHNIQUE OUF/FARMFRONT/farmfront_fiches_techniques;application/pdf;19203;1sNKMRS4I6gWE1JIhKpZkvcW7KfGI-6Rt;https://drive.google.com/file/d/1sNKMRS4I6gWE1JIhKpZkvcW7KfGI-6Rt/view?usp=drivesdk
non_adherents;FARMFRONT;Enrouleurs;Enrouleur;Fiche technique;110IR2_2A550.pdf;FOURNISEURS NON ADHERENTS MAIS FICHE TECHNIQUE OUF/FARMFRONT/farmfront_fiches_techniques;application/pdf;19198;10Ak8i_MgrRSY4yjH86cytVhAL62aIE0G;https://drive.google.com/file/d/10Ak8i_MgrRSY4yjH86cytVhAL62aIE0G/view?usp=drivesdk
non_adherents;FARMFRONT;Enrouleurs;Enrouleur;Fiche technique;110VIR4300.pdf;FOURNISEURS NON ADHERENTS MAIS FICHE TECHNIQUE OUF/FARMFRONT/farmfront_fiches_techniques;application/pdf;19267;1JnPCeIIFP3Fy5UdsE_PV-I9aSvVYUHcF;https://drive.google.com/file/d/1JnPCeIIFP3Fy5UdsE_PV-I9aSvVYUHcF/view?usp=drivesdk
non_adherents;FARMFRONT;Enrouleurs;Enrouleur;Fiche technique;110VIR4330.pdf;FOURNISEURS NON ADHERENTS MAIS FICHE TECHNIQUE OUF/FARMFRONT/farmfront_fiches_techniques;application/pdf;19238;1ph18ZGpeocD_F7itf3RfqwZkQPo8EACf;https://drive.google.com/file/d/1ph18ZGpeocD_F7itf3RfqwZkQPo8EACf/view?usp=drivesdk
non_adherents;FARMFRONT;Enrouleurs;Enrouleur;Fiche technique;110VIR4350.pdf;FOURNISEURS NON ADHERENTS MAIS FICHE TECHNIQUE OUF/FARMFRONT/farmfront_fiches_techniques;application/pdf;19696;1vZRVMBRCje92LuArpcV0x2pXiu_3S1dq;https://drive.google.com/file/d/1vZRVMBRCje92LuArpcV0x2pXiu_3S1dq/view?usp=drivesdk
non_adherents;FARMFRONT;Enrouleurs;Enrouleur;Fiche technique;110VIR5400.pdf;FOURNISEURS NON ADHERENTS MAIS FICHE TECHNIQUE OUF/FARMFRONT/farmfront_fiches_techniques;application/pdf;19570;170WsFIKu0Q5TUoyQLcYuKfgT8U9SRWbj;https://drive.google.com/file/d/170WsFIKu0Q5TUoyQLcYuKfgT8U9SRWbj/view?usp=drivesdk
non_adherents;FARMFRONT;Enrouleurs;Enrouleur;Fiche technique;110VIR5450.pdf;FOURNISEURS NON ADHERENTS MAIS FICHE TECHNIQUE OUF/FARMFRONT/farmfront_fiches_techniques;application/pdf;19881;1sn-9sWlDPJUH7CJTrIvUV-S5i5i0qA1o;https://drive.google.com/file/d/1sn-9sWlDPJUH7CJTrIvUV-S5i5i0qA1o/view?usp=drivesdk
non_adherents;FARMFRONT;Enrouleurs;Enrouleur;Fiche technique;110VIR5470.pdf;FOURNISEURS NON ADHERENTS MAIS FICHE TECHNIQUE OUF/FARMFRONT/farmfront_fiches_techniques;application/pdf;19549;1ecKfCjfiak3cTeYxXDRdW_xIcfc0bYW0;https://drive.google.com/file/d/1ecKfCjfiak3cTeYxXDRdW_xIcfc0bYW0/view?usp=drivesdk
non_adherents;FARMFRONT;Enrouleurs;Enrouleur;Fiche technique;110VIR6500.pdf;FOURNISEURS NON ADHERENTS MAIS FICHE TECHNIQUE OUF/FARMFRONT/farmfront_fiches_techniques;application/pdf;19296;1wRS1Y9-esf-tgj2RENVFrgPAqU8cX_sj;https://drive.google.com/file/d/1wRS1Y9-esf-tgj2RENVFrgPAqU8cX_sj/view?usp=drivesdk
non_adherents;FARMFRONT;Enrouleurs;Enrouleur;Fiche technique;110VIR6550.pdf;FOURNISEURS NON ADHERENTS MAIS FICHE TECHNIQUE OUF/FARMFRONT/farmfront_fiches_techniques;application/pdf;19198;1qUBAuYB16Qb9te-TA33pFlY4nwG27PBN;https://drive.google.com/file/d/1qUBAuYB16Qb9te-TA33pFlY4nwG27PBN/view?usp=drivesdk
non_adherents;FARMFRONT;Enrouleurs;Enrouleur;Fiche technique;110VIR6570.pdf;FOURNISEURS NON ADHERENTS MAIS FICHE TECHNIQUE OUF/FARMFRONT/farmfront_fiches_techniques;application/pdf;52479;19zOzjLySbU2uXITTthrWlB2ab4buCnTk;https://drive.google.com/file/d/19zOzjLySbU2uXITTthrWlB2ab4buCnTk/view?usp=drivesdk
non_adherents;FARMFRONT;Enrouleurs;Enrouleur;Fiche technique;110VIR7600.pdf;FOURNISEURS NON ADHERENTS MAIS FICHE TECHNIQUE OUF/FARMFRONT/farmfront_fiches_techniques;application/pdf;19040;1qs1dSVp7R7nKxbIlZR8EL3zYIMlZMf__;https://drive.google.com/file/d/1qs1dSVp7R7nKxbIlZR8EL3zYIMlZMf__/view?usp=drivesdk
non_adherents;FARMFRONT;Enrouleurs;Enrouleur;Fiche technique;110VIR7_1700.pdf;FOURNISEURS NON ADHERENTS MAIS FICHE TECHNIQUE OUF/FARMFRONT/farmfront_fiches_techniques;application/pdf;19164;1ISNkfa16E_T8vPXH2Le15Bg_V1hG9v74;https://drive.google.com/file/d/1ISNkfa16E_T8vPXH2Le15Bg_V1hG9v74/view?usp=drivesdk
non_adherents;FARMFRONT;Enrouleurs;Enrouleur;Fiche technique;110VIR7_1750.pdf;FOURNISEURS NON ADHERENTS MAIS FICHE TECHNIQUE OUF/FARMFRONT/farmfront_fiches_techniques;application/pdf;14845;1X52WqLzFx80-PGKSfBYs6gSFmKwGF8Nf;https://drive.google.com/file/d/1X52WqLzFx80-PGKSfBYs6gSFmKwGF8Nf/view?usp=drivesdk
non_adherents;FARMFRONT;Enrouleurs;Enrouleur;Fiche technique;120IR2_2A440.pdf;FOURNISEURS NON ADHERENTS MAIS FICHE TECHNIQUE OUF/FARMFRONT/farmfront_fiches_techniques;application/pdf;20041;1bxtWYLEkBuH8Xr39IyNDo6oLrV_S2sA1;https://drive.google.com/file/d/1bxtWYLEkBuH8Xr39IyNDo6oLrV_S2sA1/view?usp=drivesdk
non_adherents;FARMFRONT;Enrouleurs;Enrouleur;Fiche technique;120VIR4270.pdf;FOURNISEURS NON ADHERENTS MAIS FICHE TECHNIQUE OUF/FARMFRONT/farmfront_fiches_techniques;application/pdf;19616;1uMQB6BGZ4lCa25aCrt-uNCaapXYoI5Xg;https://drive.google.com/file/d/1uMQB6BGZ4lCa25aCrt-uNCaapXYoI5Xg/view?usp=drivesdk
non_adherents;FARMFRONT;Enrouleurs;Enrouleur;Fiche technique;120VIR5400.pdf;FOURNISEURS NON ADHERENTS MAIS FICHE TECHNIQUE OUF/FARMFRONT/farmfront_fiches_techniques;application/pdf;20132;17Tq72H1Nv7g2ncCihzkZ57v9zdNRS03Q;https://drive.google.com/file/d/17Tq72H1Nv7g2ncCihzkZ57v9zdNRS03Q/view?usp=drivesdk
non_adherents;FARMFRONT;Enrouleurs;Enrouleur;Fiche technique;120VIR6460.pdf;FOURNISEURS NON ADHERENTS MAIS FICHE TECHNIQUE OUF/FARMFRONT/farmfront_fiches_techniques;application/pdf;19823;1H_1baC4q7GImdSO6LshVpneXQeWZ4Kcj;https://drive.google.com/file/d/1H_1baC4q7GImdSO6LshVpneXQeWZ4Kcj/view?usp=drivesdk
non_adherents;FARMFRONT;Enrouleurs;Enrouleur;Fiche technique;120VIR7540.pdf;FOURNISEURS NON ADHERENTS MAIS FICHE TECHNIQUE OUF/FARMFRONT/farmfront_fiches_techniques;application/pdf;19654;1f07rqLQFsw1B-iRBywIcG48bilZLJRVt;https://drive.google.com/file/d/1f07rqLQFsw1B-iRBywIcG48bilZLJRVt/view?usp=drivesdk
non_adherents;FARMFRONT;Enrouleurs;Enrouleur;Fiche technique;120VIR7_1620.pdf;FOURNISEURS NON ADHERENTS MAIS FICHE TECHNIQUE OUF/FARMFRONT/farmfront_fiches_techniques;application/pdf;51871;1Czc69JAcmpU20byYLXOA6zIWBbUvZxLT;https://drive.google.com/file/d/1Czc69JAcmpU20byYLXOA6zIWBbUvZxLT/view?usp=drivesdk
non_adherents;FARMFRONT;Enrouleurs;Enrouleur;Fiche technique;125IR2_2A400.pdf;FOURNISEURS NON ADHERENTS MAIS FICHE TECHNIQUE OUF/FARMFRONT/farmfront_fiches_techniques;application/pdf;19606;1fhNBMchP9ufd6d9X9Fygk5_BFRVONM8K;https://drive.google.com/file/d/1fhNBMchP9ufd6d9X9Fygk5_BFRVONM8K/view?usp=drivesdk
non_adherents;FARMFRONT;Enrouleurs;Enrouleur;Fiche technique;125IR2_2A420.pdf;FOURNISEURS NON ADHERENTS MAIS FICHE TECHNIQUE OUF/FARMFRONT/farmfront_fiches_techniques;application/pdf;19667;1TgkSTW1lUSUr6vcyC5DaG4lS5tTcQW_B;https://drive.google.com/file/d/1TgkSTW1lUSUr6vcyC5DaG4lS5tTcQW_B/view?usp=drivesdk
non_adherents;FARMFRONT;Enrouleurs;Enrouleur;Fiche technique;125VIR5320.pdf;FOURNISEURS NON ADHERENTS MAIS FICHE TECHNIQUE OUF/FARMFRONT/farmfront_fiches_techniques;application/pdf;20118;1FdWieqBKus7uJw80Hwn8N4gyBjBc0Yzd;https://drive.google.com/file/d/1FdWieqBKus7uJw80Hwn8N4gyBjBc0Yzd/view?usp=drivesdk
non_adherents;FARMFRONT;Enrouleurs;Enrouleur;Fiche technique;125VIR5350.pdf;FOURNISEURS NON ADHERENTS MAIS FICHE TECHNIQUE OUF/FARMFRONT/farmfront_fiches_techniques;application/pdf;19514;1HQX7rAy957Zz8pEotaHsuazBZYdU_AzB;https://drive.google.com/file/d/1HQX7rAy957Zz8pEotaHsuazBZYdU_AzB/view?usp=drivesdk
non_adherents;FARMFRONT;Enrouleurs;Enrouleur;Fiche technique;125VIR5380.pdf;FOURNISEURS NON ADHERENTS MAIS FICHE TECHNIQUE OUF/FARMFRONT/farmfront_fiches_techniques;application/pdf;19393;13HJvli8thZ1FkA2K8WldAWKq3DIAAtnX;https://drive.google.com/file/d/13HJvli8thZ1FkA2K8WldAWKq3DIAAtnX/view?usp=drivesdk
non_adherents;FARMFRONT;Enrouleurs;Enrouleur;Fiche technique;125VIR6400.pdf;FOURNISEURS NON ADHERENTS MAIS FICHE TECHNIQUE OUF/FARMFRONT/farmfront_fiches_techniques;application/pdf;19606;1QanUeztvH9pofJ6r7TZFyKkS9FkZxJ_6;https://drive.google.com/file/d/1QanUeztvH9pofJ6r7TZFyKkS9FkZxJ_6/view?usp=drivesdk
non_adherents;FARMFRONT;Enrouleurs;Enrouleur;Fiche technique;125VIR6440.pdf;FOURNISEURS NON ADHERENTS MAIS FICHE TECHNIQUE OUF/FARMFRONT/farmfront_fiches_techniques;application/pdf;19765;1q-z1ngZ0Tf2LOtUFXjlx2OcaXqY_xlYy;https://drive.google.com/file/d/1q-z1ngZ0Tf2LOtUFXjlx2OcaXqY_xlYy/view?usp=drivesdk
non_adherents;FARMFRONT;Enrouleurs;Enrouleur;Fiche technique;125VIR7450.pdf;FOURNISEURS NON ADHERENTS MAIS FICHE TECHNIQUE OUF/FARMFRONT/farmfront_fiches_techniques;application/pdf;19536;1zRuSn5RtSbpg93mfTOk2mvTIYL0xAx8e;https://drive.google.com/file/d/1zRuSn5RtSbpg93mfTOk2mvTIYL0xAx8e/view?usp=drivesdk
non_adherents;FARMFRONT;Enrouleurs;Enrouleur;Fiche technique;125VIR7500.pdf;FOURNISEURS NON ADHERENTS MAIS FICHE TECHNIQUE OUF/FARMFRONT/farmfront_fiches_techniques;application/pdf;19401;1uISW7pHe557v2zXYl-DNtkmO3_ItcoKq;https://drive.google.com/file/d/1uISW7pHe557v2zXYl-DNtkmO3_ItcoKq/view?usp=drivesdk
non_adherents;FARMFRONT;Enrouleurs;Enrouleur;Fiche technique;125VIR7_1550.pdf;FOURNISEURS NON ADHERENTS MAIS FICHE TECHNIQUE OUF/FARMFRONT/farmfront_fiches_techniques;application/pdf;19862;1gd5nliZvBIfnkyKNtWi_GKYMLwpZ8b1A;https://drive.google.com/file/d/1gd5nliZvBIfnkyKNtWi_GKYMLwpZ8b1A/view?usp=drivesdk
non_adherents;FARMFRONT;Enrouleurs;Enrouleur;Fiche technique;125VIR7_1600.pdf;FOURNISEURS NON ADHERENTS MAIS FICHE TECHNIQUE OUF/FARMFRONT/farmfront_fiches_techniques;application/pdf;19933;1Dw_b3Lt5_Zrer4hGRNFwbGdWDFwIej5M;https://drive.google.com/file/d/1Dw_b3Lt5_Zrer4hGRNFwbGdWDFwIej5M/view?usp=drivesdk
non_adherents;FARMFRONT;Enrouleurs;Enrouleur;Fiche technique;135IR2_2A350.pdf;FOURNISEURS NON ADHERENTS MAIS FICHE TECHNIQUE OUF/FARMFRONT/farmfront_fiches_techniques;application/pdf;20044;145PkGDXvsAr8RB2z-3ejl55J3o1HVMBG;https://drive.google.com/file/d/145PkGDXvsAr8RB2z-3ejl55J3o1HVMBG/view?usp=drivesdk
non_adherents;FARMFRONT;Enrouleurs;Enrouleur;Fiche technique;135IR2_2A370.pdf;FOURNISEURS NON ADHERENTS MAIS FICHE TECHNIQUE OUF/FARMFRONT/farmfront_fiches_techniques;application/pdf;19823;1nAmAcUNGDg4EBs1kUaO0nI6Df-hxDtE6;https://drive.google.com/file/d/1nAmAcUNGDg4EBs1kUaO0nI6Df-hxDtE6/view?usp=drivesdk
non_adherents;FARMFRONT;Enrouleurs;Enrouleur;Fiche technique;135VIR5300.pdf;FOURNISEURS NON ADHERENTS MAIS FICHE TECHNIQUE OUF/FARMFRONT/farmfront_fiches_techniques;application/pdf;20049;1zUoYO01P7qczkHPmJZkkTXFKWo5E3Srw;https://drive.google.com/file/d/1zUoYO01P7qczkHPmJZkkTXFKWo5E3Srw/view?usp=drivesdk
non_adherents;FARMFRONT;Enrouleurs;Enrouleur;Fiche technique;135VIR6380.pdf;FOURNISEURS NON ADHERENTS MAIS FICHE TECHNIQUE OUF/FARMFRONT/farmfront_fiches_techniques;application/pdf;19804;1inyqfx9SKik7WHRwlWBrF-sHKcYtQYWu;https://drive.google.com/file/d/1inyqfx9SKik7WHRwlWBrF-sHKcYtQYWu/view?usp=drivesdk
non_adherents;FARMFRONT;Enrouleurs;Enrouleur;Fiche technique;135VIR7400.pdf;FOURNISEURS NON ADHERENTS MAIS FICHE TECHNIQUE OUF/FARMFRONT/farmfront_fiches_techniques;application/pdf;19592;1c_Cu4t4Nzvh-s-UwnjFzZYJvuk2qahsE;https://drive.google.com/file/d/1c_Cu4t4Nzvh-s-UwnjFzZYJvuk2qahsE/view?usp=drivesdk
non_adherents;FARMFRONT;Enrouleurs;Enrouleur;Fiche technique;135VIR7_1460.pdf;FOURNISEURS NON ADHERENTS MAIS FICHE TECHNIQUE OUF/FARMFRONT/farmfront_fiches_techniques;application/pdf;52506;13iEp5fdwIbJ-r4GNW4KjTxIuSAxJAVyZ;https://drive.google.com/file/d/13iEp5fdwIbJ-r4GNW4KjTxIuSAxJAVyZ/view?usp=drivesdk
non_adherents;FARMFRONT;Enrouleurs;Enrouleur;Fiche technique;140IR2_2A300.pdf;FOURNISEURS NON ADHERENTS MAIS FICHE TECHNIQUE OUF/FARMFRONT/farmfront_fiches_techniques;application/pdf;19810;1uSu7qyQHtoq9K2RbqvDtaeeunQp0Tcyv;https://drive.google.com/file/d/1uSu7qyQHtoq9K2RbqvDtaeeunQp0Tcyv/view?usp=drivesdk
non_adherents;FARMFRONT;Enrouleurs;Enrouleur;Fiche technique;140IR2_2A350.pdf;FOURNISEURS NON ADHERENTS MAIS FICHE TECHNIQUE OUF/FARMFRONT/farmfront_fiches_techniques;application/pdf;19915;1DbshdMXPqYtBt_Z561AcfbSFEw2HrrnX;https://drive.google.com/file/d/1DbshdMXPqYtBt_Z561AcfbSFEw2HrrnX/view?usp=drivesdk
non_adherents;FARMFRONT;Enrouleurs;Enrouleur;Fiche technique;140VIR5290.pdf;FOURNISEURS NON ADHERENTS MAIS FICHE TECHNIQUE OUF/FARMFRONT/farmfront_fiches_techniques;application/pdf;20069;1iasJ9bogNH-nq-iA6iYykF9h8AHJgwuD;https://drive.google.com/file/d/1iasJ9bogNH-nq-iA6iYykF9h8AHJgwuD/view?usp=drivesdk
non_adherents;FARMFRONT;Enrouleurs;Enrouleur;Fiche technique;140VIR6350.pdf;FOURNISEURS NON ADHERENTS MAIS FICHE TECHNIQUE OUF/FARMFRONT/farmfront_fiches_techniques;application/pdf;19915;1oWqyRYLuWYI3kOpNd-QIqlxoD28mEgpw;https://drive.google.com/file/d/1oWqyRYLuWYI3kOpNd-QIqlxoD28mEgpw/view?usp=drivesdk
non_adherents;FARMFRONT;Enrouleurs;Enrouleur;Fiche technique;140VIR7380.pdf;FOURNISEURS NON ADHERENTS MAIS FICHE TECHNIQUE OUF/FARMFRONT/farmfront_fiches_techniques;application/pdf;19694;1mlZ-lPng7VDU6W0ZV4G3Q0T1M-ECOyj6;https://drive.google.com/file/d/1mlZ-lPng7VDU6W0ZV4G3Q0T1M-ECOyj6/view?usp=drivesdk
non_adherents;FARMFRONT;Enrouleurs;Enrouleur;Fiche technique;140VIR7_1450.pdf;FOURNISEURS NON ADHERENTS MAIS FICHE TECHNIQUE OUF/FARMFRONT/farmfront_fiches_techniques;application/pdf;19792;10wSgPnQGwsn8iMuxK0j9kLdL4cBHO2RN;https://drive.google.com/file/d/10wSgPnQGwsn8iMuxK0j9kLdL4cBHO2RN/view?usp=drivesdk
non_adherents;FARMFRONT;Enrouleurs;Enrouleur;Fiche technique;150VIR7300.pdf;FOURNISEURS NON ADHERENTS MAIS FICHE TECHNIQUE OUF/FARMFRONT/farmfront_fiches_techniques;application/pdf;19971;1AXZbk4IrzgAo9cNgQ6ChgF57Za58dsDJ;https://drive.google.com/file/d/1AXZbk4IrzgAo9cNgQ6ChgF57Za58dsDJ/view?usp=drivesdk
non_adherents;FARMFRONT;Enrouleurs;Enrouleur;Fiche technique;150VIR7_1350.pdf;FOURNISEURS NON ADHERENTS MAIS FICHE TECHNIQUE OUF/FARMFRONT/farmfront_fiches_techniques;application/pdf;52685;1fc39ccoiVwX7--1S1G6k4rNV2RqEEVTx;https://drive.google.com/file/d/1fc39ccoiVwX7--1S1G6k4rNV2RqEEVTx/view?usp=drivesdk
non_adherents;FARMFRONT;Enrouleurs;Enrouleur;Fiche technique;82VIR4500.pdf;FOURNISEURS NON ADHERENTS MAIS FICHE TECHNIQUE OUF/FARMFRONT/farmfront_fiches_techniques;application/pdf;19312;1wQUkIjNwlGR7dYLR8XOO6Pw2Jti0vPzO;https://drive.google.com/file/d/1wQUkIjNwlGR7dYLR8XOO6Pw2Jti0vPzO/view?usp=drivesdk
non_adherents;FARMFRONT;Enrouleurs;Enrouleur;Fiche technique;90VIR4380.pdf;FOURNISEURS NON ADHERENTS MAIS FICHE TECHNIQUE OUF/FARMFRONT/farmfront_fiches_techniques;application/pdf;18917;1yjaQ3LKgr1X7DSt_BxPxDFlhnJQJVu9F;https://drive.google.com/file/d/1yjaQ3LKgr1X7DSt_BxPxDFlhnJQJVu9F/view?usp=drivesdk
non_adherents;FARMFRONT;Enrouleurs;Enrouleur;Fiche technique;90VIR4400.pdf;FOURNISEURS NON ADHERENTS MAIS FICHE TECHNIQUE OUF/FARMFRONT/farmfront_fiches_techniques;application/pdf;19126;1dsl8_t3zq3fV1cVYV9s0IpVB_Ptp8rKx;https://drive.google.com/file/d/1dsl8_t3zq3fV1cVYV9s0IpVB_Ptp8rKx/view?usp=drivesdk
non_adherents;FARMFRONT;Enrouleurs;Enrouleur;Fiche technique;90VIR4470.pdf;FOURNISEURS NON ADHERENTS MAIS FICHE TECHNIQUE OUF/FARMFRONT/farmfront_fiches_techniques;application/pdf;19088;1m2MoX6ykPNuStsbVDstP8geYhG7OmEXc;https://drive.google.com/file/d/1m2MoX6ykPNuStsbVDstP8geYhG7OmEXc/view?usp=drivesdk
non_adherents;FARMFRONT;Enrouleurs;Enrouleur;Fiche technique;90VIR4500.pdf;FOURNISEURS NON ADHERENTS MAIS FICHE TECHNIQUE OUF/FARMFRONT/farmfront_fiches_techniques;application/pdf;19529;1VXWEI7h2JbuARrNPb8z0RcqN3HESc8tc;https://drive.google.com/file/d/1VXWEI7h2JbuARrNPb8z0RcqN3HESc8tc/view?usp=drivesdk
non_adherents;FARMFRONT;Enrouleurs;Enrouleur;Catalogue;OCMIS_Catalogo PIVOT_2018_F-E.pdf;FOURNISEURS NON ADHERENTS MAIS FICHE TECHNIQUE OUF/FARMFRONT/farmfront_fiches_techniques/2021-03;application/pdf;24792646;1Z5SV5pyBetKZ99BcBeZG_tciGaSTcFeP;https://drive.google.com/file/d/1Z5SV5pyBetKZ99BcBeZG_tciGaSTcFeP/view?usp=drivesdk
non_adherents;FARMFRONT;Enrouleurs;Enrouleur;Fiche technique;OCMIS_Digital Irrigation_0.pdf;FOURNISEURS NON ADHERENTS MAIS FICHE TECHNIQUE OUF/FARMFRONT/farmfront_fiches_techniques/2021-03;application/pdf;2522760;1xXnp8FO3GMtbERL_qsh63Rlv8wJEdKAn;https://drive.google.com/file/d/1xXnp8FO3GMtbERL_qsh63Rlv8wJEdKAn/view?usp=drivesdk
non_adherents;FARMFRONT;Enrouleurs;Enrouleur;Fiche technique;OCMIS_Rain Control5_rev003.pdf;FOURNISEURS NON ADHERENTS MAIS FICHE TECHNIQUE OUF/FARMFRONT/farmfront_fiches_techniques/2021-03;application/pdf;6498743;1YWmGtkk4LabfUXEbIn2lv8mOamWTwE2s;https://drive.google.com/file/d/1YWmGtkk4LabfUXEbIn2lv8mOamWTwE2s/view?usp=drivesdk
non_adherents;FARMFRONT;Enrouleurs;Enrouleur;Fiche technique;OCMIS_avvolgitubo 2018.pdf;FOURNISEURS NON ADHERENTS MAIS FICHE TECHNIQUE OUF/FARMFRONT/farmfront_fiches_techniques/2021-03;application/pdf;9272306;1Os1U7_1HI4MvyluZsPSWdhOgH1IkSOxZ;https://drive.google.com/file/d/1Os1U7_1HI4MvyluZsPSWdhOgH1IkSOxZ/view?usp=drivesdk
non_adherents;FARMFRONT;Hors bibliothèque;Documentation culture;Fiche technique;Ocmis_Politica della qualità_2024.pdf;FOURNISEURS NON ADHERENTS MAIS FICHE TECHNIQUE OUF/FARMFRONT/farmfront_fiches_techniques/2024-09;application/pdf;496921;16pIKWMEZ51QQatJCeLzXA60ZaQHkf2P5;https://drive.google.com/file/d/16pIKWMEZ51QQatJCeLzXA60ZaQHkf2P5/view?usp=drivesdk
non_adherents;FARMFRONT;À classer;;Fiche technique;marani_cat_Gen_2021_f-e-rus_rev001_low.pdf;FOURNISEURS NON ADHERENTS MAIS FICHE TECHNIQUE OUF/FARMFRONT/farmfront_fiches_techniques/2024-10;application/pdf;5203731;1R6nP8pYbk_AhP3b1nhGqdocRp8yc90M8;https://drive.google.com/file/d/1R6nP8pYbk_AhP3b1nhGqdocRp8yc90M8/view?usp=drivesdk
non_adherents;FARMFRONT;Enrouleurs;Enrouleur;Fiche technique;GUIDELINES  GRUPPO OCMIS.pdf;FOURNISEURS NON ADHERENTS MAIS FICHE TECHNIQUE OUF/FARMFRONT/farmfront_fiches_techniques/2024-11;application/pdf;1454563;1hGg9nkdchMHaDYtyzwk03NwsjnvIBYfe;https://drive.google.com/file/d/1hGg9nkdchMHaDYtyzwk03NwsjnvIBYfe/view?usp=drivesdk
non_adherents;FARMFRONT;À classer;;Fiche technique;Whistleblowing_Informativa_01 Settembre 2025.pdf;FOURNISEURS NON ADHERENTS MAIS FICHE TECHNIQUE OUF/FARMFRONT/farmfront_fiches_techniques/2025-09;application/pdf;217653;14CbGEUPBmMFegU7k58pz4B8Suwf_iIsL;https://drive.google.com/file/d/14CbGEUPBmMFegU7k58pz4B8Suwf_iIsL/view?usp=drivesdk
non_adherents;FARMFRONT;Enrouleurs;Enrouleur;Catalogue;Catalogo IRTEC PIVOT_F-E.pdf;FOURNISEURS NON ADHERENTS MAIS FICHE TECHNIQUE OUF/FARMFRONT/farmfront_fiches_techniques/irtec/2024-10;application/pdf;25778800;1_g7qtwusSL_w2QHYzmlmRbSY5u1HWsKn;https://drive.google.com/file/d/1_g7qtwusSL_w2QHYzmlmRbSY5u1HWsKn/view?usp=drivesdk
non_adherents;FARMFRONT;Enrouleurs;Enrouleur;Catalogue;Catalogo IRTEC_2021_F-E-R_HIGH_low.pdf;FOURNISEURS NON ADHERENTS MAIS FICHE TECHNIQUE OUF/FARMFRONT/farmfront_fiches_techniques/irtec/2024-10;application/pdf;11394321;12awMUM8K30uBqi2qcfVPvBms_eSKf5vc;https://drive.google.com/file/d/12awMUM8K30uBqi2qcfVPvBms_eSKf5vc/view?usp=drivesdk
non_adherents;FARMFRONT;Enrouleurs;Enrouleur;Catalogue;Catalogo Pompe 2014.pdf;FOURNISEURS NON ADHERENTS MAIS FICHE TECHNIQUE OUF/FARMFRONT/farmfront_fiches_techniques/irtec/2024-10;application/pdf;3044588;1dJadt6NpvfUCdbe6maoFXYTnmccLQOJa;https://drive.google.com/file/d/1dJadt6NpvfUCdbe6maoFXYTnmccLQOJa/view?usp=drivesdk
non_adherents;FARMFRONT;Enrouleurs;Enrouleur;Fiche technique;IRTEC_Ali Piovane 2016.pdf;FOURNISEURS NON ADHERENTS MAIS FICHE TECHNIQUE OUF/FARMFRONT/farmfront_fiches_techniques/irtec/2024-10;application/pdf;6944872;1MMzLVGbUnFn6Rn9Wv1N17rnkA81soEyK;https://drive.google.com/file/d/1MMzLVGbUnFn6Rn9Wv1N17rnkA81soEyK/view?usp=drivesdk
non_adherents;FARMFRONT;Enrouleurs;Enrouleur;Fiche technique;IRTEC_Digital irrigation.pdf;FOURNISEURS NON ADHERENTS MAIS FICHE TECHNIQUE OUF/FARMFRONT/farmfront_fiches_techniques/irtec/2024-10;application/pdf;2695617;1CLVKa1zgV7iDBoZ51A10fZgxhaXvqAFP;https://drive.google.com/file/d/1CLVKa1zgV7iDBoZ51A10fZgxhaXvqAFP/view?usp=drivesdk
non_adherents;FARMFRONT;Enrouleurs;Enrouleur;Fiche technique;IRTEC_Macchine rinforzate_rev003.pdf;FOURNISEURS NON ADHERENTS MAIS FICHE TECHNIQUE OUF/FARMFRONT/farmfront_fiches_techniques/irtec/2024-10;application/pdf;8670288;1He0BwE552kS9snvbuQesCz0BQsdBEJRs;https://drive.google.com/file/d/1He0BwE552kS9snvbuQesCz0BQsdBEJRs/view?usp=drivesdk
non_adherents;FARMFRONT;Enrouleurs;Enrouleur;Fiche technique;IRTEC_SMART_rev003.pdf;FOURNISEURS NON ADHERENTS MAIS FICHE TECHNIQUE OUF/FARMFRONT/farmfront_fiches_techniques/irtec/2024-10;application/pdf;5400699;1xL32UTD_iBVYrYgVyylTfFVDeJ3t6wvD;https://drive.google.com/file/d/1xL32UTD_iBVYrYgVyylTfFVDeJ3t6wvD/view?usp=drivesdk
non_adherents;FARMFRONT;Enrouleurs;Enrouleur;Fiche technique;IRTEC_avvolgitubo 2018.pdf;FOURNISEURS NON ADHERENTS MAIS FICHE TECHNIQUE OUF/FARMFRONT/farmfront_fiches_techniques/irtec/2024-10;application/pdf;6870076;1uaQFli-AznK6mV7EJRCZHxLtbTSLJw9e;https://drive.google.com/file/d/1uaQFli-AznK6mV7EJRCZHxLtbTSLJw9e/view?usp=drivesdk
non_adherents;FARMFRONT;Enrouleurs;Enrouleur;Fiche technique;110MG_SP1800.pdf;FOURNISEURS NON ADHERENTS MAIS FICHE TECHNIQUE OUF/FARMFRONT/farmfront_fiches_techniques/irtec/images;application/pdf;19306;1rNuRQxuxovdd7zYPsnQj9SPja24WDpa1;https://drive.google.com/file/d/1rNuRQxuxovdd7zYPsnQj9SPja24WDpa1/view?usp=drivesdk
non_adherents;FARMFRONT;Enrouleurs;Enrouleur;Fiche technique;110MG_SP1850.pdf;FOURNISEURS NON ADHERENTS MAIS FICHE TECHNIQUE OUF/FARMFRONT/farmfront_fiches_techniques/irtec/images;application/pdf;19213;1FbPbCdrQ2aoNo2KKzC9SeabFU_23lLR2;https://drive.google.com/file/d/1FbPbCdrQ2aoNo2KKzC9SeabFU_23lLR2/view?usp=drivesdk
non_adherents;FARMFRONT;Enrouleurs;Enrouleur;Fiche technique;125MG_SP1680.pdf;FOURNISEURS NON ADHERENTS MAIS FICHE TECHNIQUE OUF/FARMFRONT/farmfront_fiches_techniques/irtec/images;application/pdf;15987;14Y45Sdlo0c-xhnVIbEg0h19vWItArttm;https://drive.google.com/file/d/14Y45Sdlo0c-xhnVIbEg0h19vWItArttm/view?usp=drivesdk
non_adherents;FARMFRONT;Enrouleurs;Enrouleur;Fiche technique;135MG_SP1550.pdf;FOURNISEURS NON ADHERENTS MAIS FICHE TECHNIQUE OUF/FARMFRONT/farmfront_fiches_techniques/irtec/images;application/pdf;19628;1ei_FX3fpsvPv1DRQYiHJiGpFHT9H6g8P;https://drive.google.com/file/d/1ei_FX3fpsvPv1DRQYiHJiGpFHT9H6g8P/view?usp=drivesdk
non_adherents;FARMFRONT;Enrouleurs;Enrouleur;Fiche technique;135MG_SP1600.pdf;FOURNISEURS NON ADHERENTS MAIS FICHE TECHNIQUE OUF/FARMFRONT/farmfront_fiches_techniques/irtec/images;application/pdf;19637;1mvcMv3K5jwZwHS196HnzPtL4jRiJrPti;https://drive.google.com/file/d/1mvcMv3K5jwZwHS196HnzPtL4jRiJrPti/view?usp=drivesdk
non_adherents;FARMFRONT;Enrouleurs;Enrouleur;Fiche technique;140MG_SP1530.pdf;FOURNISEURS NON ADHERENTS MAIS FICHE TECHNIQUE OUF/FARMFRONT/farmfront_fiches_techniques/irtec/images;application/pdf;19723;1x2dziZazh8m81TWO0oVCad1CYnG4r_Pa;https://drive.google.com/file/d/1x2dziZazh8m81TWO0oVCad1CYnG4r_Pa/view?usp=drivesdk
non_adherents;FARMFRONT;Enrouleurs;Enrouleur;Fiche technique;150MG_SP1450.pdf;FOURNISEURS NON ADHERENTS MAIS FICHE TECHNIQUE OUF/FARMFRONT/farmfront_fiches_techniques/irtec/images;application/pdf;20053;1dOfkcgNWMkngKL0DSHIiLt6j2IRf5aHb;https://drive.google.com/file/d/1dOfkcgNWMkngKL0DSHIiLt6j2IRf5aHb/view?usp=drivesdk
non_adherents;FARMFRONT;Enrouleurs;Enrouleur;Fiche technique;150MG_SP1480.pdf;FOURNISEURS NON ADHERENTS MAIS FICHE TECHNIQUE OUF/FARMFRONT/farmfront_fiches_techniques/irtec/images;application/pdf;20327;1u46MT1_2OKcPKRqk5tCJU56Y0BRt4g1a;https://drive.google.com/file/d/1u46MT1_2OKcPKRqk5tCJU56Y0BRt4g1a/view?usp=drivesdk
non_adherents;FARMFRONT;Enrouleurs;Enrouleur;Fiche technique;150MSMSP460.pdf;FOURNISEURS NON ADHERENTS MAIS FICHE TECHNIQUE OUF/FARMFRONT/farmfront_fiches_techniques/irtec/images;application/pdf;56335;1u0Kc0lG6H8AcLE_T7VVMvrEUaRZaNt4P;https://drive.google.com/file/d/1u0Kc0lG6H8AcLE_T7VVMvrEUaRZaNt4P/view?usp=drivesdk
non_adherents;FARMFRONT;Enrouleurs;Enrouleur;Fiche technique;160MG_SP1350.pdf;FOURNISEURS NON ADHERENTS MAIS FICHE TECHNIQUE OUF/FARMFRONT/farmfront_fiches_techniques/irtec/images;application/pdf;20481;1d35w58IBJC7e00CyUmwBBnIfAJ5URzNm;https://drive.google.com/file/d/1d35w58IBJC7e00CyUmwBBnIfAJ5URzNm/view?usp=drivesdk
non_adherents;FARMFRONT;Enrouleurs;Enrouleur;Fiche technique;160MG_SP1380.pdf;FOURNISEURS NON ADHERENTS MAIS FICHE TECHNIQUE OUF/FARMFRONT/farmfront_fiches_techniques/irtec/images;application/pdf;20518;1VSGMpxg3WSTW9jrx2Z9hlXS7YHmb2ObR;https://drive.google.com/file/d/1VSGMpxg3WSTW9jrx2Z9hlXS7YHmb2ObR/view?usp=drivesdk
non_adherents;FARMFRONT;Enrouleurs;Enrouleur;Fiche technique;Ocmis-Codice-etico-2022.pdf;FOURNISEURS NON ADHERENTS MAIS FICHE TECHNIQUE OUF/FARMFRONT/farmfront_fiches_techniques/media/documents;application/pdf;211842;16P1V7s2DGza4IntdYG1xOYcVQwx-NCqC;https://drive.google.com/file/d/16P1V7s2DGza4IntdYG1xOYcVQwx-NCqC/view?usp=drivesdk
non_adherents;FARMFRONT;Enrouleurs;Enrouleur;Catalogue;ocmis_catalogo generale_2020__rev003.pdf;FOURNISEURS NON ADHERENTS MAIS FICHE TECHNIQUE OUF/FARMFRONT/farmfront_fiches_techniques/media/documents;application/pdf;34842623;1pnYZMbDHCD-pdxmUbZyn8dc98hcBlfcG;https://drive.google.com/file/d/1pnYZMbDHCD-pdxmUbZyn8dc98hcBlfcG/view?usp=drivesdk
non_adherents;FARMFRONT;Enrouleurs;Enrouleur;Fiche technique;100VIR5M450.pdf;FOURNISEURS NON ADHERENTS MAIS FICHE TECHNIQUE OUF/FARMFRONT/farmfront_fiches_techniques/product pdf;application/pdf;19062;1gI59_Mr5r9pZrEkt6qsy9Txrtzz-BmY5;https://drive.google.com/file/d/1gI59_Mr5r9pZrEkt6qsy9Txrtzz-BmY5/view?usp=drivesdk
non_adherents;FARMFRONT;Enrouleurs;Enrouleur;Fiche technique;100VIR7M650.pdf;FOURNISEURS NON ADHERENTS MAIS FICHE TECHNIQUE OUF/FARMFRONT/farmfront_fiches_techniques/product pdf;application/pdf;19123;1gSZBAu11rEF7YWTEwDmqTSBLi_sdj3sE;https://drive.google.com/file/d/1gSZBAu11rEF7YWTEwDmqTSBLi_sdj3sE/view?usp=drivesdk
non_adherents;FARMFRONT;À classer;;Fiche technique;110FV9850.pdf;FOURNISEURS NON ADHERENTS MAIS FICHE TECHNIQUE OUF/FARMFRONT/farmfront_fiches_techniques/product pdf;application/pdf;19213;1flXMEt5ikCgDxLM8Jlyhfxbc7wgbqdCh;https://drive.google.com/file/d/1flXMEt5ikCgDxLM8Jlyhfxbc7wgbqdCh/view?usp=drivesdk
non_adherents;FARMFRONT;Enrouleurs;Enrouleur;Fiche technique;110VIR5M400.pdf;FOURNISEURS NON ADHERENTS MAIS FICHE TECHNIQUE OUF/FARMFRONT/farmfront_fiches_techniques/product pdf;application/pdf;19570;1qIc-nLEgX4LHNOLAsTBH-CiD2ZjGG-m-;https://drive.google.com/file/d/1qIc-nLEgX4LHNOLAsTBH-CiD2ZjGG-m-/view?usp=drivesdk
non_adherents;FARMFRONT;Enrouleurs;Enrouleur;Fiche technique;110VIR5M450.pdf;FOURNISEURS NON ADHERENTS MAIS FICHE TECHNIQUE OUF/FARMFRONT/farmfront_fiches_techniques/product pdf;application/pdf;19881;1AIaijSwxuzoAm6phneNUvCQ0zTk77UnV;https://drive.google.com/file/d/1AIaijSwxuzoAm6phneNUvCQ0zTk77UnV/view?usp=drivesdk
non_adherents;FARMFRONT;Enrouleurs;Enrouleur;Fiche technique;110VIR5M470.pdf;FOURNISEURS NON ADHERENTS MAIS FICHE TECHNIQUE OUF/FARMFRONT/farmfront_fiches_techniques/product pdf;application/pdf;19549;16aY9QSfIN8dxEk8NqwqoGZFhBYORKHcn;https://drive.google.com/file/d/16aY9QSfIN8dxEk8NqwqoGZFhBYORKHcn/view?usp=drivesdk
non_adherents;FARMFRONT;Enrouleurs;Enrouleur;Fiche technique;110VIR6M500.pdf;FOURNISEURS NON ADHERENTS MAIS FICHE TECHNIQUE OUF/FARMFRONT/farmfront_fiches_techniques/product pdf;application/pdf;19296;1kit8ou8MPFk6GSNJQ3bkB4kZ06g2Rk9_;https://drive.google.com/file/d/1kit8ou8MPFk6GSNJQ3bkB4kZ06g2Rk9_/view?usp=drivesdk
non_adherents;FARMFRONT;Enrouleurs;Enrouleur;Fiche technique;110VIR6M550.pdf;FOURNISEURS NON ADHERENTS MAIS FICHE TECHNIQUE OUF/FARMFRONT/farmfront_fiches_techniques/product pdf;application/pdf;19198;1Xjz6q_sTKsB3wEzR6KgWxqd0r2R8DSp2;https://drive.google.com/file/d/1Xjz6q_sTKsB3wEzR6KgWxqd0r2R8DSp2/view?usp=drivesdk
non_adherents;FARMFRONT;Enrouleurs;Enrouleur;Fiche technique;110VIR6M570.pdf;FOURNISEURS NON ADHERENTS MAIS FICHE TECHNIQUE OUF/FARMFRONT/farmfront_fiches_techniques/product pdf;application/pdf;52479;1Q2T-DFaJFuq9wAK89V8dEuRC9PULxp77;https://drive.google.com/file/d/1Q2T-DFaJFuq9wAK89V8dEuRC9PULxp77/view?usp=drivesdk
non_adherents;FARMFRONT;Enrouleurs;Enrouleur;Fiche technique;110VIR7M600.pdf;FOURNISEURS NON ADHERENTS MAIS FICHE TECHNIQUE OUF/FARMFRONT/farmfront_fiches_techniques/product pdf;application/pdf;19040;1gwjXoCuVD_aXYKTCo2hspyhFDDk5nuk1;https://drive.google.com/file/d/1gwjXoCuVD_aXYKTCo2hspyhFDDk5nuk1/view?usp=drivesdk
non_adherents;FARMFRONT;Enrouleurs;Enrouleur;Fiche technique;110VIR7_1M700.pdf;FOURNISEURS NON ADHERENTS MAIS FICHE TECHNIQUE OUF/FARMFRONT/farmfront_fiches_techniques/product pdf;application/pdf;19164;1W2lSQOtt2abCf8hUVSkrLCtl1U_kdKmq;https://drive.google.com/file/d/1W2lSQOtt2abCf8hUVSkrLCtl1U_kdKmq/view?usp=drivesdk
non_adherents;FARMFRONT;Enrouleurs;Enrouleur;Fiche technique;110VIR7_1M750.pdf;FOURNISEURS NON ADHERENTS MAIS FICHE TECHNIQUE OUF/FARMFRONT/farmfront_fiches_techniques/product pdf;application/pdf;14845;1aUa6cWslURBOWhljb2nlJpBB2jLGF4CC;https://drive.google.com/file/d/1aUa6cWslURBOWhljb2nlJpBB2jLGF4CC/view?usp=drivesdk
non_adherents;FARMFRONT;Enrouleurs;Enrouleur;Fiche technique;110VIR8A730.pdf;FOURNISEURS NON ADHERENTS MAIS FICHE TECHNIQUE OUF/FARMFRONT/farmfront_fiches_techniques/product pdf;application/pdf;14831;1rqPmsLBSq2-DJV9HhD3-g3H45mhVdyTA;https://drive.google.com/file/d/1rqPmsLBSq2-DJV9HhD3-g3H45mhVdyTA/view?usp=drivesdk
non_adherents;FARMFRONT;Enrouleurs;Enrouleur;Fiche technique;110VIR8AM650.pdf;FOURNISEURS NON ADHERENTS MAIS FICHE TECHNIQUE OUF/FARMFRONT/farmfront_fiches_techniques/product pdf;application/pdf;19154;1ljoMcTKK1S7fMINEd5BLk3yotdXWVrJw;https://drive.google.com/file/d/1ljoMcTKK1S7fMINEd5BLk3yotdXWVrJw/view?usp=drivesdk
non_adherents;FARMFRONT;Enrouleurs;Enrouleur;Fiche technique;110VIR8AM670.pdf;FOURNISEURS NON ADHERENTS MAIS FICHE TECHNIQUE OUF/FARMFRONT/farmfront_fiches_techniques/product pdf;application/pdf;19246;12W5B07yBc955FWuFOqLcRNkdU_JZt0Mp;https://drive.google.com/file/d/12W5B07yBc955FWuFOqLcRNkdU_JZt0Mp/view?usp=drivesdk
non_adherents;FARMFRONT;Enrouleurs;Enrouleur;Fiche technique;110VIR8AM700.pdf;FOURNISEURS NON ADHERENTS MAIS FICHE TECHNIQUE OUF/FARMFRONT/farmfront_fiches_techniques/product pdf;application/pdf;19164;1khBjxq_scXzjqnUCc1K2YXZNWADFJ2LS;https://drive.google.com/file/d/1khBjxq_scXzjqnUCc1K2YXZNWADFJ2LS/view?usp=drivesdk
non_adherents;FARMFRONT;Enrouleurs;Enrouleur;Fiche technique;110VIR8AM730.pdf;FOURNISEURS NON ADHERENTS MAIS FICHE TECHNIQUE OUF/FARMFRONT/farmfront_fiches_techniques/product pdf;application/pdf;14831;1QzELu_JAwsZfITsufqrmd_Md6DJomM91;https://drive.google.com/file/d/1QzELu_JAwsZfITsufqrmd_Md6DJomM91/view?usp=drivesdk
non_adherents;FARMFRONT;Enrouleurs;Enrouleur;Fiche technique;110VIR8_1A810.pdf;FOURNISEURS NON ADHERENTS MAIS FICHE TECHNIQUE OUF/FARMFRONT/farmfront_fiches_techniques/product pdf;application/pdf;15187;1Z5RFQsW4YJvRRbSAZXrM7hj4eM_nrGjf;https://drive.google.com/file/d/1Z5RFQsW4YJvRRbSAZXrM7hj4eM_nrGjf/view?usp=drivesdk
non_adherents;FARMFRONT;Enrouleurs;Enrouleur;Fiche technique;110VIR8_1A850.pdf;FOURNISEURS NON ADHERENTS MAIS FICHE TECHNIQUE OUF/FARMFRONT/farmfront_fiches_techniques/product pdf;application/pdf;19213;1tWdBAOPcoEVaRH2M1dt88djQtcrT5U6g;https://drive.google.com/file/d/1tWdBAOPcoEVaRH2M1dt88djQtcrT5U6g/view?usp=drivesdk
non_adherents;FARMFRONT;Enrouleurs;Enrouleur;Fiche technique;110VIR8_1AM750.pdf;FOURNISEURS NON ADHERENTS MAIS FICHE TECHNIQUE OUF/FARMFRONT/farmfront_fiches_techniques/product pdf;application/pdf;14845;1ysoq3T_p1SHAr3PwDoDK2nnmcuDTXKrN;https://drive.google.com/file/d/1ysoq3T_p1SHAr3PwDoDK2nnmcuDTXKrN/view?usp=drivesdk
non_adherents;FARMFRONT;Enrouleurs;Enrouleur;Fiche technique;110VIR8_1AM850.pdf;FOURNISEURS NON ADHERENTS MAIS FICHE TECHNIQUE OUF/FARMFRONT/farmfront_fiches_techniques/product pdf;application/pdf;19213;1zWetkHjzxIqeiRRspTJ1urino9H9z9Xr;https://drive.google.com/file/d/1zWetkHjzxIqeiRRspTJ1urino9H9z9Xr/view?usp=drivesdk
non_adherents;FARMFRONT;Enrouleurs;Enrouleur;Fiche technique;110VIR9A800.pdf;FOURNISEURS NON ADHERENTS MAIS FICHE TECHNIQUE OUF/FARMFRONT/farmfront_fiches_techniques/product pdf;application/pdf;19306;1k3yJ7IyMb_83AgJLt33-MA_5wbIdtLw2;https://drive.google.com/file/d/1k3yJ7IyMb_83AgJLt33-MA_5wbIdtLw2/view?usp=drivesdk
non_adherents;FARMFRONT;Enrouleurs;Enrouleur;Fiche technique;110VIR9AM850.pdf;FOURNISEURS NON ADHERENTS MAIS FICHE TECHNIQUE OUF/FARMFRONT/farmfront_fiches_techniques/product pdf;application/pdf;19213;1btjvdREd2wFYa-nqjx4J1AXKmmpv-ovc;https://drive.google.com/file/d/1btjvdREd2wFYa-nqjx4J1AXKmmpv-ovc/view?usp=drivesdk
non_adherents;FARMFRONT;Enrouleurs;Enrouleur;Fiche technique;120VIR5M400.pdf;FOURNISEURS NON ADHERENTS MAIS FICHE TECHNIQUE OUF/FARMFRONT/farmfront_fiches_techniques/product pdf;application/pdf;20132;18xpeiyNqLPn9oHuLSS9NYY9-kR6VxtLR;https://drive.google.com/file/d/18xpeiyNqLPn9oHuLSS9NYY9-kR6VxtLR/view?usp=drivesdk
non_adherents;FARMFRONT;Enrouleurs;Enrouleur;Fiche technique;120VIR7M540.pdf;FOURNISEURS NON ADHERENTS MAIS FICHE TECHNIQUE OUF/FARMFRONT/farmfront_fiches_techniques/product pdf;application/pdf;19654;12sRJ49aG1YgC0HKvuFNEgnV3Bibn8rcX;https://drive.google.com/file/d/12sRJ49aG1YgC0HKvuFNEgnV3Bibn8rcX/view?usp=drivesdk
non_adherents;FARMFRONT;Enrouleurs;Enrouleur;Fiche technique;120VIR8A600.pdf;FOURNISEURS NON ADHERENTS MAIS FICHE TECHNIQUE OUF/FARMFRONT/farmfront_fiches_techniques/product pdf;application/pdf;19709;15ynCialUMi3iXDPQLAr1sskQsCR9b8ME;https://drive.google.com/file/d/15ynCialUMi3iXDPQLAr1sskQsCR9b8ME/view?usp=drivesdk
non_adherents;FARMFRONT;Enrouleurs;Enrouleur;Fiche technique;120VIR8A640.pdf;FOURNISEURS NON ADHERENTS MAIS FICHE TECHNIQUE OUF/FARMFRONT/farmfront_fiches_techniques/product pdf;application/pdf;14829;1NjPnpfqI0pvM0bi49OXQz63kUiOdjzS_;https://drive.google.com/file/d/1NjPnpfqI0pvM0bi49OXQz63kUiOdjzS_/view?usp=drivesdk
non_adherents;FARMFRONT;Enrouleurs;Enrouleur;Fiche technique;120VIR8AM640.pdf;FOURNISEURS NON ADHERENTS MAIS FICHE TECHNIQUE OUF/FARMFRONT/farmfront_fiches_techniques/product pdf;application/pdf;14829;1c89dFHwEN7KWMasDJisdvwpii-YSJtiF;https://drive.google.com/file/d/1c89dFHwEN7KWMasDJisdvwpii-YSJtiF/view?usp=drivesdk
non_adherents;FARMFRONT;Enrouleurs;Enrouleur;Fiche technique;120VIR8_1A670.pdf;FOURNISEURS NON ADHERENTS MAIS FICHE TECHNIQUE OUF/FARMFRONT/farmfront_fiches_techniques/product pdf;application/pdf;14905;1HmL2xefBsq3R0q0i6juCiw3PI5OIpRND;https://drive.google.com/file/d/1HmL2xefBsq3R0q0i6juCiw3PI5OIpRND/view?usp=drivesdk
non_adherents;FARMFRONT;Enrouleurs;Enrouleur;Fiche technique;120VIR8_1AM670.pdf;FOURNISEURS NON ADHERENTS MAIS FICHE TECHNIQUE OUF/FARMFRONT/farmfront_fiches_techniques/product pdf;application/pdf;14905;1EsAGQ_V7FlXwJaEvv1KAIhLKVeeeLmKE;https://drive.google.com/file/d/1EsAGQ_V7FlXwJaEvv1KAIhLKVeeeLmKE/view?usp=drivesdk
non_adherents;FARMFRONT;À classer;;Fiche technique;125FV10750.pdf;FOURNISEURS NON ADHERENTS MAIS FICHE TECHNIQUE OUF/FARMFRONT/farmfront_fiches_techniques/product pdf;application/pdf;19281;1bodgofFWx_qmznoaC1CVXDkCeAr81ouu;https://drive.google.com/file/d/1bodgofFWx_qmznoaC1CVXDkCeAr81ouu/view?usp=drivesdk
non_adherents;FARMFRONT;À classer;;Fiche technique;125FV10820.pdf;FOURNISEURS NON ADHERENTS MAIS FICHE TECHNIQUE OUF/FARMFRONT/farmfront_fiches_techniques/product pdf;application/pdf;19265;1K4my2aG4bK20rqqwietqluQeRrzAuQBe;https://drive.google.com/file/d/1K4my2aG4bK20rqqwietqluQeRrzAuQBe/view?usp=drivesdk
non_adherents;FARMFRONT;À classer;;Fiche technique;125FV9650.pdf;FOURNISEURS NON ADHERENTS MAIS FICHE TECHNIQUE OUF/FARMFRONT/farmfront_fiches_techniques/product pdf;application/pdf;19626;1IUk9lDFtazvaINLff9JMXBKsqi5cNJco;https://drive.google.com/file/d/1IUk9lDFtazvaINLff9JMXBKsqi5cNJco/view?usp=drivesdk
non_adherents;FARMFRONT;Enrouleurs;Enrouleur;Fiche technique;125VIR10A750.pdf;FOURNISEURS NON ADHERENTS MAIS FICHE TECHNIQUE OUF/FARMFRONT/farmfront_fiches_techniques/product pdf;application/pdf;19281;1o9QZrsSQVEgfKrFbtwlMGwQP01IeEyov;https://drive.google.com/file/d/1o9QZrsSQVEgfKrFbtwlMGwQP01IeEyov/view?usp=drivesdk
non_adherents;FARMFRONT;Enrouleurs;Enrouleur;Fiche technique;125VIR10A820.pdf;FOURNISEURS NON ADHERENTS MAIS FICHE TECHNIQUE OUF/FARMFRONT/farmfront_fiches_techniques/product pdf;application/pdf;19265;1Kb1dOEC-h1hI0iN5PcAIBD9d5ZFEuM72;https://drive.google.com/file/d/1Kb1dOEC-h1hI0iN5PcAIBD9d5ZFEuM72/view?usp=drivesdk
non_adherents;FARMFRONT;Enrouleurs;Enrouleur;Fiche technique;125VIR5M320.pdf;FOURNISEURS NON ADHERENTS MAIS FICHE TECHNIQUE OUF/FARMFRONT/farmfront_fiches_techniques/product pdf;application/pdf;20118;1isy59AMLUTFPDDnyWVvqMM7Dt4SzI1Kp;https://drive.google.com/file/d/1isy59AMLUTFPDDnyWVvqMM7Dt4SzI1Kp/view?usp=drivesdk
non_adherents;FARMFRONT;Enrouleurs;Enrouleur;Fiche technique;125VIR5M380.pdf;FOURNISEURS NON ADHERENTS MAIS FICHE TECHNIQUE OUF/FARMFRONT/farmfront_fiches_techniques/product pdf;application/pdf;19393;1BqiophOR2G8j339Vp2tInvOcDdOMJm32;https://drive.google.com/file/d/1BqiophOR2G8j339Vp2tInvOcDdOMJm32/view?usp=drivesdk
non_adherents;FARMFRONT;Enrouleurs;Enrouleur;Fiche technique;125VIR6M400.pdf;FOURNISEURS NON ADHERENTS MAIS FICHE TECHNIQUE OUF/FARMFRONT/farmfront_fiches_techniques/product pdf;application/pdf;19606;1djdSl9-ESefJnA6ZOhD-DxEaGjrl8e8g;https://drive.google.com/file/d/1djdSl9-ESefJnA6ZOhD-DxEaGjrl8e8g/view?usp=drivesdk
non_adherents;FARMFRONT;Enrouleurs;Enrouleur;Fiche technique;125VIR6M440.pdf;FOURNISEURS NON ADHERENTS MAIS FICHE TECHNIQUE OUF/FARMFRONT/farmfront_fiches_techniques/product pdf;application/pdf;19765;1oIptzTDEkli87zH9iSs9WSHLqXzxcuj6;https://drive.google.com/file/d/1oIptzTDEkli87zH9iSs9WSHLqXzxcuj6/view?usp=drivesdk
non_adherents;FARMFRONT;Enrouleurs;Enrouleur;Fiche technique;125VIR7M500.pdf;FOURNISEURS NON ADHERENTS MAIS FICHE TECHNIQUE OUF/FARMFRONT/farmfront_fiches_techniques/product pdf;application/pdf;19401;119eDwvSwRhnJYvQjKU-8vZIRdwAy_rsr;https://drive.google.com/file/d/119eDwvSwRhnJYvQjKU-8vZIRdwAy_rsr/view?usp=drivesdk
non_adherents;FARMFRONT;Enrouleurs;Enrouleur;Fiche technique;125VIR7_1M550.pdf;FOURNISEURS NON ADHERENTS MAIS FICHE TECHNIQUE OUF/FARMFRONT/farmfront_fiches_techniques/product pdf;application/pdf;19862;13hQGwGb2kkpBmG8miaoAYRKdBm1NRA1G;https://drive.google.com/file/d/13hQGwGb2kkpBmG8miaoAYRKdBm1NRA1G/view?usp=drivesdk
non_adherents;FARMFRONT;Enrouleurs;Enrouleur;Fiche technique;125VIR8A550.pdf;FOURNISEURS NON ADHERENTS MAIS FICHE TECHNIQUE OUF/FARMFRONT/farmfront_fiches_techniques/product pdf;application/pdf;19862;1JBuzTxSxD1kolklNVR2I7WHq4O9Or_ea;https://drive.google.com/file/d/1JBuzTxSxD1kolklNVR2I7WHq4O9Or_ea/view?usp=drivesdk
non_adherents;FARMFRONT;Enrouleurs;Enrouleur;Fiche technique;125VIR8A620.pdf;FOURNISEURS NON ADHERENTS MAIS FICHE TECHNIQUE OUF/FARMFRONT/farmfront_fiches_techniques/product pdf;application/pdf;15227;1CQuKa0JI1-tt9DISoOE-LPdJIENixf-k;https://drive.google.com/file/d/1CQuKa0JI1-tt9DISoOE-LPdJIENixf-k/view?usp=drivesdk
non_adherents;FARMFRONT;Enrouleurs;Enrouleur;Fiche technique;125VIR8AM550.pdf;FOURNISEURS NON ADHERENTS MAIS FICHE TECHNIQUE OUF/FARMFRONT/farmfront_fiches_techniques/product pdf;application/pdf;19862;1eEhxEmuSEE0JeTUaWE7m58CDmopXe9jT;https://drive.google.com/file/d/1eEhxEmuSEE0JeTUaWE7m58CDmopXe9jT/view?usp=drivesdk
non_adherents;FARMFRONT;Enrouleurs;Enrouleur;Fiche technique;125VIR8_1AM650.pdf;FOURNISEURS NON ADHERENTS MAIS FICHE TECHNIQUE OUF/FARMFRONT/farmfront_fiches_techniques/product pdf;application/pdf;19626;1WH3NMQaRmHjPEXF0PALtSKXX50dNHi_w;https://drive.google.com/file/d/1WH3NMQaRmHjPEXF0PALtSKXX50dNHi_w/view?usp=drivesdk
non_adherents;FARMFRONT;Enrouleurs;Enrouleur;Fiche technique;125VIR9A680.pdf;FOURNISEURS NON ADHERENTS MAIS FICHE TECHNIQUE OUF/FARMFRONT/farmfront_fiches_techniques/product pdf;application/pdf;15987;1Y0Wm1uVsFSCQE8A859_xcIEbOANgA5R_;https://drive.google.com/file/d/1Y0Wm1uVsFSCQE8A859_xcIEbOANgA5R_/view?usp=drivesdk
non_adherents;FARMFRONT;À classer;;Fiche technique;125VR5R420.pdf;FOURNISEURS NON ADHERENTS MAIS FICHE TECHNIQUE OUF/FARMFRONT/farmfront_fiches_techniques/product pdf;application/pdf;19667;1QmN2vipvkxXS1CzddE7zPj2I1FbHnHYf;https://drive.google.com/file/d/1QmN2vipvkxXS1CzddE7zPj2I1FbHnHYf/view?usp=drivesdk
non_adherents;FARMFRONT;À classer;;Fiche technique;135FV9550.pdf;FOURNISEURS NON ADHERENTS MAIS FICHE TECHNIQUE OUF/FARMFRONT/farmfront_fiches_techniques/product pdf;application/pdf;19628;1Qmynu2WeJ9Nn0L-ZkQa4fhwEOeC54_Pt;https://drive.google.com/file/d/1Qmynu2WeJ9Nn0L-ZkQa4fhwEOeC54_Pt/view?usp=drivesdk
non_adherents;FARMFRONT;Enrouleurs;Enrouleur;Fiche technique;135VIR10A650.pdf;FOURNISEURS NON ADHERENTS MAIS FICHE TECHNIQUE OUF/FARMFRONT/farmfront_fiches_techniques/product pdf;application/pdf;19610;1s4UAJSAGGONCf_nKb74i1Jo_XqJhBVpC;https://drive.google.com/file/d/1s4UAJSAGGONCf_nKb74i1Jo_XqJhBVpC/view?usp=drivesdk
non_adherents;FARMFRONT;Enrouleurs;Enrouleur;Fiche technique;135VIR10A700.pdf;FOURNISEURS NON ADHERENTS MAIS FICHE TECHNIQUE OUF/FARMFRONT/farmfront_fiches_techniques/product pdf;application/pdf;19361;1KUn1jAEkS5wgNXQlZpvmbGFEQvLlwTYu;https://drive.google.com/file/d/1KUn1jAEkS5wgNXQlZpvmbGFEQvLlwTYu/view?usp=drivesdk
non_adherents;FARMFRONT;Enrouleurs;Enrouleur;Fiche technique;135VIR10A750.pdf;FOURNISEURS NON ADHERENTS MAIS FICHE TECHNIQUE OUF/FARMFRONT/farmfront_fiches_techniques/product pdf;application/pdf;19424;1DzBrEI_6bsh_tK-B3t3XibkLKmRdJF62;https://drive.google.com/file/d/1DzBrEI_6bsh_tK-B3t3XibkLKmRdJF62/view?usp=drivesdk
non_adherents;FARMFRONT;Enrouleurs;Enrouleur;Fiche technique;135VIR10AM700.pdf;FOURNISEURS NON ADHERENTS MAIS FICHE TECHNIQUE OUF/FARMFRONT/farmfront_fiches_techniques/product pdf;application/pdf;19361;1PZYp92EcHVt3xUL8-fvMla5eFdiVkdls;https://drive.google.com/file/d/1PZYp92EcHVt3xUL8-fvMla5eFdiVkdls/view?usp=drivesdk
non_adherents;FARMFRONT;Enrouleurs;Enrouleur;Fiche technique;135VIR5M300.pdf;FOURNISEURS NON ADHERENTS MAIS FICHE TECHNIQUE OUF/FARMFRONT/farmfront_fiches_techniques/product pdf;application/pdf;20049;11ClioI3JSWRRJD9dbeBr0sHPVvdbl-iD;https://drive.google.com/file/d/11ClioI3JSWRRJD9dbeBr0sHPVvdbl-iD/view?usp=drivesdk
non_adherents;FARMFRONT;Enrouleurs;Enrouleur;Fiche technique;135VIR7M400.pdf;FOURNISEURS NON ADHERENTS MAIS FICHE TECHNIQUE OUF/FARMFRONT/farmfront_fiches_techniques/product pdf;application/pdf;19592;13keOsBRfZcQ9KQ9gbegAJe_NqQjobKxR;https://drive.google.com/file/d/13keOsBRfZcQ9KQ9gbegAJe_NqQjobKxR/view?usp=drivesdk
non_adherents;FARMFRONT;Enrouleurs;Enrouleur;Fiche technique;135VIR7_1M460.pdf;FOURNISEURS NON ADHERENTS MAIS FICHE TECHNIQUE OUF/FARMFRONT/farmfront_fiches_techniques/product pdf;application/pdf;52506;12KMxFUhnOQRm6H8Z0BMGEpqkoVsY3owD;https://drive.google.com/file/d/12KMxFUhnOQRm6H8Z0BMGEpqkoVsY3owD/view?usp=drivesdk
non_adherents;FARMFRONT;Enrouleurs;Enrouleur;Fiche technique;135VIR8AM500.pdf;FOURNISEURS NON ADHERENTS MAIS FICHE TECHNIQUE OUF/FARMFRONT/farmfront_fiches_techniques/product pdf;application/pdf;19987;1dwLTVtlFyLskRdPEc0qnCoyzMMCLOWeh;https://drive.google.com/file/d/1dwLTVtlFyLskRdPEc0qnCoyzMMCLOWeh/view?usp=drivesdk
non_adherents;FARMFRONT;Enrouleurs;Enrouleur;Fiche technique;135VIR8_1A520.pdf;FOURNISEURS NON ADHERENTS MAIS FICHE TECHNIQUE OUF/FARMFRONT/farmfront_fiches_techniques/product pdf;application/pdf;15872;1TU87Ei4pf3XQaaiDRWQPE03hSKxuzcDI;https://drive.google.com/file/d/1TU87Ei4pf3XQaaiDRWQPE03hSKxuzcDI/view?usp=drivesdk
non_adherents;FARMFRONT;Enrouleurs;Enrouleur;Fiche technique;135VIR8_1AM520.pdf;FOURNISEURS NON ADHERENTS MAIS FICHE TECHNIQUE OUF/FARMFRONT/farmfront_fiches_techniques/product pdf;application/pdf;15872;1jIxOPEfvT5cJKBpx79coPrTTFb9IJcR4;https://drive.google.com/file/d/1jIxOPEfvT5cJKBpx79coPrTTFb9IJcR4/view?usp=drivesdk
non_adherents;FARMFRONT;Enrouleurs;Enrouleur;Fiche technique;135VIR9A600.pdf;FOURNISEURS NON ADHERENTS MAIS FICHE TECHNIQUE OUF/FARMFRONT/farmfront_fiches_techniques/product pdf;application/pdf;19637;1O4He-X7WumnpAjBEnoESsi_gpsvJhbZ3;https://drive.google.com/file/d/1O4He-X7WumnpAjBEnoESsi_gpsvJhbZ3/view?usp=drivesdk
non_adherents;FARMFRONT;Enrouleurs;Enrouleur;Fiche technique;135VIR9AM550.pdf;FOURNISEURS NON ADHERENTS MAIS FICHE TECHNIQUE OUF/FARMFRONT/farmfront_fiches_techniques/product pdf;application/pdf;19628;1F0v_yIfei5kGG9L-XcqMmYNrS2JcK4CS;https://drive.google.com/file/d/1F0v_yIfei5kGG9L-XcqMmYNrS2JcK4CS/view?usp=drivesdk
non_adherents;FARMFRONT;À classer;;Fiche technique;140FV10550.pdf;FOURNISEURS NON ADHERENTS MAIS FICHE TECHNIQUE OUF/FARMFRONT/farmfront_fiches_techniques/product pdf;application/pdf;20063;1L8oebhcZXGMROGWDOeVEseEFYSY7_0jZ;https://drive.google.com/file/d/1L8oebhcZXGMROGWDOeVEseEFYSY7_0jZ/view?usp=drivesdk
non_adherents;FARMFRONT;À classer;;Fiche technique;140FV10630.pdf;FOURNISEURS NON ADHERENTS MAIS FICHE TECHNIQUE OUF/FARMFRONT/farmfront_fiches_techniques/product pdf;application/pdf;19671;1NKPPhSILwL_iMShOlvSR6p2aQOhsg6Hz;https://drive.google.com/file/d/1NKPPhSILwL_iMShOlvSR6p2aQOhsg6Hz/view?usp=drivesdk
non_adherents;FARMFRONT;À classer;;Fiche technique;140FV10720.pdf;FOURNISEURS NON ADHERENTS MAIS FICHE TECHNIQUE OUF/FARMFRONT/farmfront_fiches_techniques/product pdf;application/pdf;73531;1MVFWnTRuwYgVYnhYxb-WzCQPKxjpNjL4;https://drive.google.com/file/d/1MVFWnTRuwYgVYnhYxb-WzCQPKxjpNjL4/view?usp=drivesdk
non_adherents;FARMFRONT;Enrouleurs;Enrouleur;Fiche technique;140VIR10A550.pdf;FOURNISEURS NON ADHERENTS MAIS FICHE TECHNIQUE OUF/FARMFRONT/farmfront_fiches_techniques/product pdf;application/pdf;20063;1Y9F88k_XQQyh2lV3j7sR_frCI6-Rs12v;https://drive.google.com/file/d/1Y9F88k_XQQyh2lV3j7sR_frCI6-Rs12v/view?usp=drivesdk
non_adherents;FARMFRONT;Enrouleurs;Enrouleur;Fiche technique;140VIR10A600.pdf;FOURNISEURS NON ADHERENTS MAIS FICHE TECHNIQUE OUF/FARMFRONT/farmfront_fiches_techniques/product pdf;application/pdf;19691;1MgF16cvID-mdWc1JhUoKsnksBLEYq1DH;https://drive.google.com/file/d/1MgF16cvID-mdWc1JhUoKsnksBLEYq1DH/view?usp=drivesdk
non_adherents;FARMFRONT;Enrouleurs;Enrouleur;Fiche technique;140VIR10A720.pdf;FOURNISEURS NON ADHERENTS MAIS FICHE TECHNIQUE OUF/FARMFRONT/farmfront_fiches_techniques/product pdf;application/pdf;73531;14CgwOodLdx5p1e6ZajmVMcCy08OZkcD0;https://drive.google.com/file/d/14CgwOodLdx5p1e6ZajmVMcCy08OZkcD0/view?usp=drivesdk
non_adherents;FARMFRONT;Enrouleurs;Enrouleur;Fiche technique;140VIR10AM550.pdf;FOURNISEURS NON ADHERENTS MAIS FICHE TECHNIQUE OUF/FARMFRONT/farmfront_fiches_techniques/product pdf;application/pdf;20063;1JGfb4vQzC8A6a6yDiQ5ZrdAOFlVFEGsf;https://drive.google.com/file/d/1JGfb4vQzC8A6a6yDiQ5ZrdAOFlVFEGsf/view?usp=drivesdk
non_adherents;FARMFRONT;Enrouleurs;Enrouleur;Fiche technique;140VIR10AM600.pdf;FOURNISEURS NON ADHERENTS MAIS FICHE TECHNIQUE OUF/FARMFRONT/farmfront_fiches_techniques/product pdf;application/pdf;19691;1B8v7aRzslz9nBjJ-B5kM27N3DD10jaGs;https://drive.google.com/file/d/1B8v7aRzslz9nBjJ-B5kM27N3DD10jaGs/view?usp=drivesdk
non_adherents;FARMFRONT;Enrouleurs;Enrouleur;Fiche technique;140VIR10AM630.pdf;FOURNISEURS NON ADHERENTS MAIS FICHE TECHNIQUE OUF/FARMFRONT/farmfront_fiches_techniques/product pdf;application/pdf;19671;1c4KAgjt5XAl-n8aff7rAivPFiPdLBrJx;https://drive.google.com/file/d/1c4KAgjt5XAl-n8aff7rAivPFiPdLBrJx/view?usp=drivesdk
non_adherents;FARMFRONT;Enrouleurs;Enrouleur;Fiche technique;140VIR6M350.pdf;FOURNISEURS NON ADHERENTS MAIS FICHE TECHNIQUE OUF/FARMFRONT/farmfront_fiches_techniques/product pdf;application/pdf;19915;1RJUo8fdG02A-es0B5_ehzKqDsTl3vQwz;https://drive.google.com/file/d/1RJUo8fdG02A-es0B5_ehzKqDsTl3vQwz/view?usp=drivesdk
non_adherents;FARMFRONT;Enrouleurs;Enrouleur;Fiche technique;140VIR7M380.pdf;FOURNISEURS NON ADHERENTS MAIS FICHE TECHNIQUE OUF/FARMFRONT/farmfront_fiches_techniques/product pdf;application/pdf;19694;1HSK1uBHDaUPWy3ZOcQWNV7lueQYOdQO_;https://drive.google.com/file/d/1HSK1uBHDaUPWy3ZOcQWNV7lueQYOdQO_/view?usp=drivesdk
non_adherents;FARMFRONT;Enrouleurs;Enrouleur;Fiche technique;140VIR8A450.pdf;FOURNISEURS NON ADHERENTS MAIS FICHE TECHNIQUE OUF/FARMFRONT/farmfront_fiches_techniques/product pdf;application/pdf;19792;1ElMpBIlF1FCTeyArnbiQoVspG9dF8iYO;https://drive.google.com/file/d/1ElMpBIlF1FCTeyArnbiQoVspG9dF8iYO/view?usp=drivesdk
non_adherents;FARMFRONT;Enrouleurs;Enrouleur;Fiche technique;140VIR8A470.pdf;FOURNISEURS NON ADHERENTS MAIS FICHE TECHNIQUE OUF/FARMFRONT/farmfront_fiches_techniques/product pdf;application/pdf;20293;1B4ZoKA3v5DPtv5asLrFN66TooTXVMR-4;https://drive.google.com/file/d/1B4ZoKA3v5DPtv5asLrFN66TooTXVMR-4/view?usp=drivesdk
non_adherents;FARMFRONT;Enrouleurs;Enrouleur;Fiche technique;140VIR8AM450.pdf;FOURNISEURS NON ADHERENTS MAIS FICHE TECHNIQUE OUF/FARMFRONT/farmfront_fiches_techniques/product pdf;application/pdf;19792;1rb6E2TPHZG2eTbXoAOVuUcz-EJ06HoNH;https://drive.google.com/file/d/1rb6E2TPHZG2eTbXoAOVuUcz-EJ06HoNH/view?usp=drivesdk
non_adherents;FARMFRONT;Enrouleurs;Enrouleur;Fiche technique;140VIR8_1AM500.pdf;FOURNISEURS NON ADHERENTS MAIS FICHE TECHNIQUE OUF/FARMFRONT/farmfront_fiches_techniques/product pdf;application/pdf;20179;1zBzhYLOgbH-4fvTFwqa_zAgvaWo2z3C_;https://drive.google.com/file/d/1zBzhYLOgbH-4fvTFwqa_zAgvaWo2z3C_/view?usp=drivesdk
non_adherents;FARMFRONT;Enrouleurs;Enrouleur;Fiche technique;140VIR9A530.pdf;FOURNISEURS NON ADHERENTS MAIS FICHE TECHNIQUE OUF/FARMFRONT/farmfront_fiches_techniques/product pdf;application/pdf;19723;1e0jRJyrnF5SvAujj3oTB1UFmdynUu24O;https://drive.google.com/file/d/1e0jRJyrnF5SvAujj3oTB1UFmdynUu24O/view?usp=drivesdk
non_adherents;FARMFRONT;Enrouleurs;Enrouleur;Fiche technique;150VIR10A500.pdf;FOURNISEURS NON ADHERENTS MAIS FICHE TECHNIQUE OUF/FARMFRONT/farmfront_fiches_techniques/product pdf;application/pdf;20228;1GC-yABJ08Iidmd44J6KXinNIUZqO6kMw;https://drive.google.com/file/d/1GC-yABJ08Iidmd44J6KXinNIUZqO6kMw/view?usp=drivesdk
non_adherents;FARMFRONT;Enrouleurs;Enrouleur;Fiche technique;150VIR10A550.pdf;FOURNISEURS NON ADHERENTS MAIS FICHE TECHNIQUE OUF/FARMFRONT/farmfront_fiches_techniques/product pdf;application/pdf;20584;1OnynTiWCtucbnJJjN3yLFhEqQQRCY_xR;https://drive.google.com/file/d/1OnynTiWCtucbnJJjN3yLFhEqQQRCY_xR/view?usp=drivesdk
non_adherents;FARMFRONT;Enrouleurs;Enrouleur;Fiche technique;150VIR10A600.pdf;FOURNISEURS NON ADHERENTS MAIS FICHE TECHNIQUE OUF/FARMFRONT/farmfront_fiches_techniques/product pdf;application/pdf;20432;15cddCdAq6QLKaSgbXMRWUQDpwcFO-mxL;https://drive.google.com/file/d/15cddCdAq6QLKaSgbXMRWUQDpwcFO-mxL/view?usp=drivesdk
non_adherents;FARMFRONT;Enrouleurs;Enrouleur;Fiche technique;150VIR10AM500.pdf;FOURNISEURS NON ADHERENTS MAIS FICHE TECHNIQUE OUF/FARMFRONT/farmfront_fiches_techniques/product pdf;application/pdf;20228;1nr9K15-cjBmfdM5mBy7tqs7jVr5x1Re9;https://drive.google.com/file/d/1nr9K15-cjBmfdM5mBy7tqs7jVr5x1Re9/view?usp=drivesdk
non_adherents;FARMFRONT;Enrouleurs;Enrouleur;Fiche technique;150VIR10AM550.pdf;FOURNISEURS NON ADHERENTS MAIS FICHE TECHNIQUE OUF/FARMFRONT/farmfront_fiches_techniques/product pdf;application/pdf;20584;1QVpQKXNvAnkmStCQfAapcx9Uu9gW_ZmJ;https://drive.google.com/file/d/1QVpQKXNvAnkmStCQfAapcx9Uu9gW_ZmJ/view?usp=drivesdk
non_adherents;FARMFRONT;Enrouleurs;Enrouleur;Fiche technique;150VIR7M300.pdf;FOURNISEURS NON ADHERENTS MAIS FICHE TECHNIQUE OUF/FARMFRONT/farmfront_fiches_techniques/product pdf;application/pdf;19971;1ag3HyM1a-EekP21P3-eONwFuRDguO6k8;https://drive.google.com/file/d/1ag3HyM1a-EekP21P3-eONwFuRDguO6k8/view?usp=drivesdk
non_adherents;FARMFRONT;Enrouleurs;Enrouleur;Fiche technique;150VIR7_1M350.pdf;FOURNISEURS NON ADHERENTS MAIS FICHE TECHNIQUE OUF/FARMFRONT/farmfront_fiches_techniques/product pdf;application/pdf;52685;1JaeKRr4JAuf4zU99gWF5byqlGExAVjLH;https://drive.google.com/file/d/1JaeKRr4JAuf4zU99gWF5byqlGExAVjLH/view?usp=drivesdk
non_adherents;FARMFRONT;Enrouleurs;Enrouleur;Fiche technique;150VIR9A450.pdf;FOURNISEURS NON ADHERENTS MAIS FICHE TECHNIQUE OUF/FARMFRONT/farmfront_fiches_techniques/product pdf;application/pdf;20053;1qiNA1KnC6eXlptLVGObBPZaFXZZHsrIV;https://drive.google.com/file/d/1qiNA1KnC6eXlptLVGObBPZaFXZZHsrIV/view?usp=drivesdk
non_adherents;FARMFRONT;Enrouleurs;Enrouleur;Fiche technique;150VIR9A480.pdf;FOURNISEURS NON ADHERENTS MAIS FICHE TECHNIQUE OUF/FARMFRONT/farmfront_fiches_techniques/product pdf;application/pdf;20327;1KHRJVtujGrk2gJrn89kbYMuOoqYRO9Xu;https://drive.google.com/file/d/1KHRJVtujGrk2gJrn89kbYMuOoqYRO9Xu/view?usp=drivesdk
non_adherents;FARMFRONT;Enrouleurs;Enrouleur;Fiche technique;150VIR9AM450.pdf;FOURNISEURS NON ADHERENTS MAIS FICHE TECHNIQUE OUF/FARMFRONT/farmfront_fiches_techniques/product pdf;application/pdf;20053;15YW5JRthyoCqJwXXJTRS2xxBMbs3HK9O;https://drive.google.com/file/d/15YW5JRthyoCqJwXXJTRS2xxBMbs3HK9O/view?usp=drivesdk
non_adherents;FARMFRONT;Enrouleurs;Enrouleur;Fiche technique;150VIR9AM480.pdf;FOURNISEURS NON ADHERENTS MAIS FICHE TECHNIQUE OUF/FARMFRONT/farmfront_fiches_techniques/product pdf;application/pdf;20327;1HdjPMS-HHvSvpRAFYIo7pF0QRMKZXuBs;https://drive.google.com/file/d/1HdjPMS-HHvSvpRAFYIo7pF0QRMKZXuBs/view?usp=drivesdk
non_adherents;FARMFRONT;Enrouleurs;Enrouleur;Fiche technique;160VIR10A400.pdf;FOURNISEURS NON ADHERENTS MAIS FICHE TECHNIQUE OUF/FARMFRONT/farmfront_fiches_techniques/product pdf;application/pdf;20503;1a_803eWeZy0M0N3dKIakWU6fzJn9iJk6;https://drive.google.com/file/d/1a_803eWeZy0M0N3dKIakWU6fzJn9iJk6/view?usp=drivesdk
non_adherents;FARMFRONT;Enrouleurs;Enrouleur;Fiche technique;160VIR10A450.pdf;FOURNISEURS NON ADHERENTS MAIS FICHE TECHNIQUE OUF/FARMFRONT/farmfront_fiches_techniques/product pdf;application/pdf;20491;1ufUgRmHHbZBEmNyBrdNsVZcb5TKZTT61;https://drive.google.com/file/d/1ufUgRmHHbZBEmNyBrdNsVZcb5TKZTT61/view?usp=drivesdk
non_adherents;FARMFRONT;Enrouleurs;Enrouleur;Fiche technique;160VIR10A480.pdf;FOURNISEURS NON ADHERENTS MAIS FICHE TECHNIQUE OUF/FARMFRONT/farmfront_fiches_techniques/product pdf;application/pdf;20558;1Go-5qu7PGxr9X85h7Gpe1sOxWktJXjGh;https://drive.google.com/file/d/1Go-5qu7PGxr9X85h7Gpe1sOxWktJXjGh/view?usp=drivesdk
non_adherents;FARMFRONT;Enrouleurs;Enrouleur;Fiche technique;160VIR10AM450.pdf;FOURNISEURS NON ADHERENTS MAIS FICHE TECHNIQUE OUF/FARMFRONT/farmfront_fiches_techniques/product pdf;application/pdf;20491;1JnK9BZ6Yn0M5WCQX8M2lw2Y8j0kg9S_E;https://drive.google.com/file/d/1JnK9BZ6Yn0M5WCQX8M2lw2Y8j0kg9S_E/view?usp=drivesdk
non_adherents;FARMFRONT;Enrouleurs;Enrouleur;Fiche technique;160VIR10AM480.pdf;FOURNISEURS NON ADHERENTS MAIS FICHE TECHNIQUE OUF/FARMFRONT/farmfront_fiches_techniques/product pdf;application/pdf;20558;1ygDx7QdUr67PYRC1TVZMBOgRqqBreFco;https://drive.google.com/file/d/1ygDx7QdUr67PYRC1TVZMBOgRqqBreFco/view?usp=drivesdk
non_adherents;FARMFRONT;Enrouleurs;Enrouleur;Fiche technique;160VIR9A380.pdf;FOURNISEURS NON ADHERENTS MAIS FICHE TECHNIQUE OUF/FARMFRONT/farmfront_fiches_techniques/product pdf;application/pdf;20518;1fGK6UjZw0edwZxcpTqnSf51qm2MEa9DV;https://drive.google.com/file/d/1fGK6UjZw0edwZxcpTqnSf51qm2MEa9DV/view?usp=drivesdk
non_adherents;FARMFRONT;Enrouleurs;Enrouleur;Fiche technique;160VIR9AM350.pdf;FOURNISEURS NON ADHERENTS MAIS FICHE TECHNIQUE OUF/FARMFRONT/farmfront_fiches_techniques/product pdf;application/pdf;20481;1CeAWJAnY0B1G0x9DeovHQg9cH41RbXQk;https://drive.google.com/file/d/1CeAWJAnY0B1G0x9DeovHQg9cH41RbXQk/view?usp=drivesdk
non_adherents;FARMFRONT;Enrouleurs;Enrouleur;Fiche technique;160VIR9AM380.pdf;FOURNISEURS NON ADHERENTS MAIS FICHE TECHNIQUE OUF/FARMFRONT/farmfront_fiches_techniques/product pdf;application/pdf;20518;1-1sfSfKnqIjTCX3aB1xaI-lUpEe_DJ0l;https://drive.google.com/file/d/1-1sfSfKnqIjTCX3aB1xaI-lUpEe_DJ0l/view?usp=drivesdk
non_adherents;FARMFRONT;À classer;;Fiche technique;40MR130.pdf;FOURNISEURS NON ADHERENTS MAIS FICHE TECHNIQUE OUF/FARMFRONT/farmfront_fiches_techniques/product pdf;application/pdf;14202;1WL245aslUcYaaqfPwG9Cvplqh9Xn0UQO;https://drive.google.com/file/d/1WL245aslUcYaaqfPwG9Cvplqh9Xn0UQO/view?usp=drivesdk
non_adherents;FARMFRONT;À classer;;Fiche technique;43MR120.pdf;FOURNISEURS NON ADHERENTS MAIS FICHE TECHNIQUE OUF/FARMFRONT/farmfront_fiches_techniques/product pdf;application/pdf;14221;1Loj8SwESArJPo8pM9mRqJY15cWM5IX9O;https://drive.google.com/file/d/1Loj8SwESArJPo8pM9mRqJY15cWM5IX9O/view?usp=drivesdk
non_adherents;FARMFRONT;Pivots et rampes;Rampe frontale;Fiche technique;ALA 26.pdf;FOURNISEURS NON ADHERENTS MAIS FICHE TECHNIQUE OUF/FARMFRONT/farmfront_fiches_techniques/product pdf;application/pdf;22860;18kapi4d3y2_jOD9Y2fJUauugyyECUGDC;https://drive.google.com/file/d/18kapi4d3y2_jOD9Y2fJUauugyyECUGDC/view?usp=drivesdk
non_adherents;FARMFRONT;Pivots et rampes;Rampe frontale;Fiche technique;ALA 38.pdf;FOURNISEURS NON ADHERENTS MAIS FICHE TECHNIQUE OUF/FARMFRONT/farmfront_fiches_techniques/product pdf;application/pdf;22859;1w3C_CyWNlb7x01nTqt_CKt5k8RKkxN6F;https://drive.google.com/file/d/1w3C_CyWNlb7x01nTqt_CKt5k8RKkxN6F/view?usp=drivesdk
non_adherents;FARMFRONT;Pivots et rampes;Rampe frontale;Fiche technique;ALA 44.pdf;FOURNISEURS NON ADHERENTS MAIS FICHE TECHNIQUE OUF/FARMFRONT/farmfront_fiches_techniques/product pdf;application/pdf;22860;1MbgNxFsRNaKAZc3lPLS_t5cPilDEdSw5;https://drive.google.com/file/d/1MbgNxFsRNaKAZc3lPLS_t5cPilDEdSw5/view?usp=drivesdk
non_adherents;FARMFRONT;Pompage;Pompe / groupe motopompe;Fiche technique;MTP AUTOADESCANTI I GB D F E R.pdf;FOURNISEURS NON ADHERENTS MAIS FICHE TECHNIQUE OUF/FARMFRONT/farmfront_fiches_techniques/scova/2024-10;application/pdf;7800965;1R4ykRd6wVmtevnKrEgbSTdeaZJd79jhm;https://drive.google.com/file/d/1R4ykRd6wVmtevnKrEgbSTdeaZJd79jhm/view?usp=drivesdk
non_adherents;IRRIFRANCE;Enrouleurs;Enrouleur;Fiche technique;1021-100-450-SR-150.pdf;FOURNISEURS NON ADHERENTS MAIS FICHE TECHNIQUE OUF/IRRIFRANCE/Fiches-Techniques-Irrifrance;application/pdf;33755;18ZCqaLnxDULRtUellBwgRfwKA28f_jaK;https://drive.google.com/file/d/18ZCqaLnxDULRtUellBwgRfwKA28f_jaK/view?usp=drivesdk
non_adherents;IRRIFRANCE;Enrouleurs;Enrouleur;Fiche technique;1021-90-500-SR-150.pdf;FOURNISEURS NON ADHERENTS MAIS FICHE TECHNIQUE OUF/IRRIFRANCE/Fiches-Techniques-Irrifrance;application/pdf;67495;17Mu37Qog5jSPTgZJm_Du_jBpbVv35h_N;https://drive.google.com/file/d/17Mu37Qog5jSPTgZJm_Du_jBpbVv35h_N/view?usp=drivesdk
non_adherents;IRRIFRANCE;Enrouleurs;Enrouleur;Fiche technique;1040-VPS-1040-VPS-Bis.pdf;FOURNISEURS NON ADHERENTS MAIS FICHE TECHNIQUE OUF/IRRIFRANCE/Fiches-Techniques-Irrifrance;application/pdf;211517;1DBCNxmG3fE8xJhNVr2rlw87Vg-hrH3yX;https://drive.google.com/file/d/1DBCNxmG3fE8xJhNVr2rlw87Vg-hrH3yX/view?usp=drivesdk
non_adherents;IRRIFRANCE;Enrouleurs;Enrouleur;Fiche technique;1050-VPS-1055-VPS.pdf;FOURNISEURS NON ADHERENTS MAIS FICHE TECHNIQUE OUF/IRRIFRANCE/Fiches-Techniques-Irrifrance;application/pdf;210662;1ad5zM7YwUTykUD9jZYMwqHoFtLYpz-8b;https://drive.google.com/file/d/1ad5zM7YwUTykUD9jZYMwqHoFtLYpz-8b/view?usp=drivesdk
non_adherents;IRRIFRANCE;Enrouleurs;Enrouleur;Fiche technique;3070-NOUVELLE-SERIE-3000.pdf;FOURNISEURS NON ADHERENTS MAIS FICHE TECHNIQUE OUF/IRRIFRANCE/Fiches-Techniques-Irrifrance;application/pdf;3551568;1dbpxE0KriRjATDpd741yAT4uXM9E26Tg;https://drive.google.com/file/d/1dbpxE0KriRjATDpd741yAT4uXM9E26Tg/view?usp=drivesdk
non_adherents;IRRIFRANCE;Enrouleurs;Enrouleur;Catalogue;CATALOGUE-ENROULEURS-IRRIFRANCE-08-23-FR.pdf;FOURNISEURS NON ADHERENTS MAIS FICHE TECHNIQUE OUF/IRRIFRANCE/Fiches-Techniques-Irrifrance;application/pdf;3347415;18j7nHB0vHo-7ysQftnBXPsCtZQYXeoKa;https://drive.google.com/file/d/18j7nHB0vHo-7ysQftnBXPsCtZQYXeoKa/view?usp=drivesdk
non_adherents;IRRIFRANCE;Enrouleurs;Enrouleur;Catalogue;CATALOGUE-PIVOTS-IRRIFRANCE-08-23-FR.pdf;FOURNISEURS NON ADHERENTS MAIS FICHE TECHNIQUE OUF/IRRIFRANCE/Fiches-Techniques-Irrifrance;application/pdf;1884731;1k3uZFdK65d6V6PS_aUYk3Ljr5U4zw7eX;https://drive.google.com/file/d/1k3uZFdK65d6V6PS_aUYk3Ljr5U4zw7eX/view?usp=drivesdk
non_adherents;IRRIFRANCE;Enrouleurs;Enrouleur;Fiche technique;Carte-Electronique1.pdf;FOURNISEURS NON ADHERENTS MAIS FICHE TECHNIQUE OUF/IRRIFRANCE/Fiches-Techniques-Irrifrance;application/pdf;7807901;1OtIj0MLfCwqcyzSje68nrqSUO0MutNSM;https://drive.google.com/file/d/1OtIj0MLfCwqcyzSje68nrqSUO0MutNSM/view?usp=drivesdk
non_adherents;IRRIFRANCE;Enrouleurs;Enrouleur;Catalogue;Catalogue-Enrouleur-Russia.pdf;FOURNISEURS NON ADHERENTS MAIS FICHE TECHNIQUE OUF/IRRIFRANCE/Fiches-Techniques-Irrifrance;application/pdf;7060923;1vo_UC40VMw0Kc9rCay_6a4efX_C14UbM;https://drive.google.com/file/d/1vo_UC40VMw0Kc9rCay_6a4efX_C14UbM/view?usp=drivesdk
non_adherents;IRRIFRANCE;Enrouleurs;Enrouleur;Catalogue;Catalogue-Enrouleur-Spain.pdf;FOURNISEURS NON ADHERENTS MAIS FICHE TECHNIQUE OUF/IRRIFRANCE/Fiches-Techniques-Irrifrance;application/pdf;6845244;1zco8MlTBydFd1agyAUk4rVBv2AxdViWz;https://drive.google.com/file/d/1zco8MlTBydFd1agyAUk4rVBv2AxdViWz/view?usp=drivesdk
non_adherents;IRRIFRANCE;Enrouleurs;Enrouleur;Catalogue;Catalogue-Irrifrance-FR.pdf;FOURNISEURS NON ADHERENTS MAIS FICHE TECHNIQUE OUF/IRRIFRANCE/Fiches-Techniques-Irrifrance;application/pdf;5264050;17HyVitlr8e3uErUzEVkWBWm722WSc1py;https://drive.google.com/file/d/17HyVitlr8e3uErUzEVkWBWm722WSc1py/view?usp=drivesdk
non_adherents;IRRIFRANCE;Enrouleurs;Enrouleur;Catalogue;Catalogue-Irrifrance-Germany.pdf;FOURNISEURS NON ADHERENTS MAIS FICHE TECHNIQUE OUF/IRRIFRANCE/Fiches-Techniques-Irrifrance;application/pdf;7810927;1hlbD-M6swIwTLNjOvboCixP2NSXFIkN3;https://drive.google.com/file/d/1hlbD-M6swIwTLNjOvboCixP2NSXFIkN3/view?usp=drivesdk
non_adherents;IRRIFRANCE;Enrouleurs;Enrouleur;Catalogue;Catalogue-Irrifrance-UK.pdf;FOURNISEURS NON ADHERENTS MAIS FICHE TECHNIQUE OUF/IRRIFRANCE/Fiches-Techniques-Irrifrance;application/pdf;5874581;1my5lTD1NvCqUsBaQOz53qbDP1PdOoEfR;https://drive.google.com/file/d/1my5lTD1NvCqUsBaQOz53qbDP1PdOoEfR/view?usp=drivesdk
non_adherents;IRRIFRANCE;Enrouleurs;Enrouleur;Fiche technique;Couverture-Intégrale.pdf;FOURNISEURS NON ADHERENTS MAIS FICHE TECHNIQUE OUF/IRRIFRANCE/Fiches-Techniques-Irrifrance;application/pdf;8292887;1lpScXKU4oZvDULsPJRvQUvOtlQUk8dj7;https://drive.google.com/file/d/1lpScXKU4oZvDULsPJRvQUvOtlQUk8dj7/view?usp=drivesdk
non_adherents;IRRIFRANCE;Enrouleurs;Enrouleur;Fiche technique;Dripli.pdf;FOURNISEURS NON ADHERENTS MAIS FICHE TECHNIQUE OUF/IRRIFRANCE/Fiches-Techniques-Irrifrance;application/pdf;8121850;11I-eUyX9BYGCpAAIFZIPcUIt4GuGRVGk;https://drive.google.com/file/d/11I-eUyX9BYGCpAAIFZIPcUIt4GuGRVGk/view?usp=drivesdk
non_adherents;IRRIFRANCE;Enrouleurs;Enrouleur;Fiche technique;Enrouleur-1005-1010.pdf;FOURNISEURS NON ADHERENTS MAIS FICHE TECHNIQUE OUF/IRRIFRANCE/Fiches-Techniques-Irrifrance;application/pdf;3573415;1FssJQ1sQYOzCvjrZuQ8KkGRgtFNZtdm2;https://drive.google.com/file/d/1FssJQ1sQYOzCvjrZuQ8KkGRgtFNZtdm2/view?usp=drivesdk
non_adherents;IRRIFRANCE;Enrouleurs;Enrouleur;Fiche technique;Enrouleur-1015-1020.pdf;FOURNISEURS NON ADHERENTS MAIS FICHE TECHNIQUE OUF/IRRIFRANCE/Fiches-Techniques-Irrifrance;application/pdf;3755319;1Ojm_yJD7-tmJ3YRpNFfAeAzHpQWIvwFk;https://drive.google.com/file/d/1Ojm_yJD7-tmJ3YRpNFfAeAzHpQWIvwFk/view?usp=drivesdk
non_adherents;IRRIFRANCE;Enrouleurs;Enrouleur;Fiche technique;Enrouleur-1027-1032-1037-boggie.pdf;FOURNISEURS NON ADHERENTS MAIS FICHE TECHNIQUE OUF/IRRIFRANCE/Fiches-Techniques-Irrifrance;application/pdf;5128444;1GlFPrbjpDRoyJqH7xKjfMGCsXBM39Jen;https://drive.google.com/file/d/1GlFPrbjpDRoyJqH7xKjfMGCsXBM39Jen/view?usp=drivesdk
non_adherents;IRRIFRANCE;Enrouleurs;Enrouleur;Fiche technique;Enrouleur-1027-1032-1037-simple-essieu.pdf;FOURNISEURS NON ADHERENTS MAIS FICHE TECHNIQUE OUF/IRRIFRANCE/Fiches-Techniques-Irrifrance;application/pdf;3634723;1IWOFx7qE8pPtBX0AN4Vg7pxZ47vMTelA;https://drive.google.com/file/d/1IWOFx7qE8pPtBX0AN4Vg7pxZ47vMTelA/view?usp=drivesdk
non_adherents;IRRIFRANCE;Enrouleurs;Enrouleur;Fiche technique;Enrouleur-1045-1055.pdf;FOURNISEURS NON ADHERENTS MAIS FICHE TECHNIQUE OUF/IRRIFRANCE/Fiches-Techniques-Irrifrance;application/pdf;4664979;1fhvPKRMsP-k5zGmGAxt4zc_da_hmy0Zh;https://drive.google.com/file/d/1fhvPKRMsP-k5zGmGAxt4zc_da_hmy0Zh/view?usp=drivesdk
non_adherents;IRRIFRANCE;Enrouleurs;Enrouleur;Fiche technique;Enrouleur-1050-VPS-1055-VPS.pdf;FOURNISEURS NON ADHERENTS MAIS FICHE TECHNIQUE OUF/IRRIFRANCE/Fiches-Techniques-Irrifrance;application/pdf;4833199;1mFeQ9PrzJSxfH2jGahEwj_MNrz_05cAt;https://drive.google.com/file/d/1mFeQ9PrzJSxfH2jGahEwj_MNrz_05cAt/view?usp=drivesdk
non_adherents;IRRIFRANCE;Enrouleurs;Enrouleur;Fiche technique;Enrouleur-Micro-44-50.pdf;FOURNISEURS NON ADHERENTS MAIS FICHE TECHNIQUE OUF/IRRIFRANCE/Fiches-Techniques-Irrifrance;application/pdf;7664202;1EvtynCbyI3eVvzzz4ThpSMwzQmlJ3GDO;https://drive.google.com/file/d/1EvtynCbyI3eVvzzz4ThpSMwzQmlJ3GDO/view?usp=drivesdk
non_adherents;IRRIFRANCE;Enrouleurs;Enrouleur;Fiche technique;Enrouleur-Mini-63-70.pdf;FOURNISEURS NON ADHERENTS MAIS FICHE TECHNIQUE OUF/IRRIFRANCE/Fiches-Techniques-Irrifrance;application/pdf;4966996;1U_oKI1_gKTutfniGFvW8q1baZ5jh5EZR;https://drive.google.com/file/d/1U_oKI1_gKTutfniGFvW8q1baZ5jh5EZR/view?usp=drivesdk
non_adherents;IRRIFRANCE;Enrouleurs;Enrouleur;Fiche technique;Enrouleur-Série-2000.pdf;FOURNISEURS NON ADHERENTS MAIS FICHE TECHNIQUE OUF/IRRIFRANCE/Fiches-Techniques-Irrifrance;application/pdf;7139170;1OvITaWZwgD62XtWuZOdtoQeYcbUX8LME;https://drive.google.com/file/d/1OvITaWZwgD62XtWuZOdtoQeYcbUX8LME/view?usp=drivesdk
non_adherents;IRRIFRANCE;Enrouleurs;Enrouleur;Fiche technique;Enrouleurs_1040-VPS-1040-VPS-Bis.pdf;FOURNISEURS NON ADHERENTS MAIS FICHE TECHNIQUE OUF/IRRIFRANCE/Fiches-Techniques-Irrifrance;application/pdf;7005761;1t12PyAupT2ceHxBjSrJgkd1RAenPM8z4;https://drive.google.com/file/d/1t12PyAupT2ceHxBjSrJgkd1RAenPM8z4/view?usp=drivesdk
non_adherents;IRRIFRANCE;Enrouleurs;Enrouleur;Fiche technique;Fiche-Homologation.pdf;FOURNISEURS NON ADHERENTS MAIS FICHE TECHNIQUE OUF/IRRIFRANCE/Fiches-Techniques-Irrifrance;application/pdf;2357619;1ABTD_3OdzhAjlfcEjuqT2liI_jBFVP_A;https://drive.google.com/file/d/1ABTD_3OdzhAjlfcEjuqT2liI_jBFVP_A/view?usp=drivesdk
non_adherents;IRRIFRANCE;Enrouleurs;Enrouleur;Fiche technique;Fiche-produit-1021.pdf;FOURNISEURS NON ADHERENTS MAIS FICHE TECHNIQUE OUF/IRRIFRANCE/Fiches-Techniques-Irrifrance;application/pdf;65006;1u73F-d-JTC9pHeh37llSrIZ_uPyHRPIc;https://drive.google.com/file/d/1u73F-d-JTC9pHeh37llSrIZ_uPyHRPIc/view?usp=drivesdk
non_adherents;IRRIFRANCE;Enrouleurs;Enrouleur;Fiche technique;GAMME-1005-1010.pdf;FOURNISEURS NON ADHERENTS MAIS FICHE TECHNIQUE OUF/IRRIFRANCE/Fiches-Techniques-Irrifrance;application/pdf;179079;1bQNxPaq6sfUL0kwBVHiSNCvsMakJTt9F;https://drive.google.com/file/d/1bQNxPaq6sfUL0kwBVHiSNCvsMakJTt9F/view?usp=drivesdk
non_adherents;IRRIFRANCE;Enrouleurs;Enrouleur;Fiche technique;GAMME-1027-1032-1037-compressé-2.pdf;FOURNISEURS NON ADHERENTS MAIS FICHE TECHNIQUE OUF/IRRIFRANCE/Fiches-Techniques-Irrifrance;application/pdf;198289;1kZ448GWBUHXSw7Txi8B7PsN_Ny7NV_hm;https://drive.google.com/file/d/1kZ448GWBUHXSw7Txi8B7PsN_Ny7NV_hm/view?usp=drivesdk
non_adherents;IRRIFRANCE;Enrouleurs;Enrouleur;Fiche technique;GAMME-OPTIMA.pdf;FOURNISEURS NON ADHERENTS MAIS FICHE TECHNIQUE OUF/IRRIFRANCE/Fiches-Techniques-Irrifrance;application/pdf;189088;1-u9A5ttThMIleaF9Q3DWMqhtHwRGU9c7;https://drive.google.com/file/d/1-u9A5ttThMIleaF9Q3DWMqhtHwRGU9c7/view?usp=drivesdk
non_adherents;IRRIFRANCE;Enrouleurs;Enrouleur;Fiche technique;Gamme-1015-1020.pdf;FOURNISEURS NON ADHERENTS MAIS FICHE TECHNIQUE OUF/IRRIFRANCE/Fiches-Techniques-Irrifrance;application/pdf;188364;1Y2wdWOQUyzvJ4tH6nmkUagxwXeEdi_MW;https://drive.google.com/file/d/1Y2wdWOQUyzvJ4tH6nmkUagxwXeEdi_MW/view?usp=drivesdk
non_adherents;IRRIFRANCE;Enrouleurs;Enrouleur;Fiche technique;Gamme-optima_2.pdf;FOURNISEURS NON ADHERENTS MAIS FICHE TECHNIQUE OUF/IRRIFRANCE/Fiches-Techniques-Irrifrance;application/pdf;3421198;1bbs1GwHIUC7Mvk2cxLJYW6DcYXiDHaFg;https://drive.google.com/file/d/1bbs1GwHIUC7Mvk2cxLJYW6DcYXiDHaFg/view?usp=drivesdk
non_adherents;IRRIFRANCE;Enrouleurs;Enrouleur;Fiche technique;IRRIFRANCE_Pivot-Systems_ENG2025.pdf;FOURNISEURS NON ADHERENTS MAIS FICHE TECHNIQUE OUF/IRRIFRANCE/Fiches-Techniques-Irrifrance;application/pdf;1882407;1vPsd2dlTKKgYP9D_9UF17zxe0jywRE2h;https://drive.google.com/file/d/1vPsd2dlTKKgYP9D_9UF17zxe0jywRE2h/view?usp=drivesdk
non_adherents;IRRIFRANCE;Enrouleurs;Enrouleur;Fiche technique;IRRIFRANCE_Reel-Machines_ENG2025.pdf;FOURNISEURS NON ADHERENTS MAIS FICHE TECHNIQUE OUF/IRRIFRANCE/Fiches-Techniques-Irrifrance;application/pdf;3343981;1YSzj0K89u8jzaZbjCswCbfdlxq87RGUa;https://drive.google.com/file/d/1YSzj0K89u8jzaZbjCswCbfdlxq87RGUa/view?usp=drivesdk
non_adherents;IRRIFRANCE;Enrouleurs;Enrouleur;Fiche technique;Micro-44-50_ES-1.pdf;FOURNISEURS NON ADHERENTS MAIS FICHE TECHNIQUE OUF/IRRIFRANCE/Fiches-Techniques-Irrifrance;application/pdf;5433086;1qHPsZiKmYv-B0AuVvFrXrkPGldK-SMmE;https://drive.google.com/file/d/1qHPsZiKmYv-B0AuVvFrXrkPGldK-SMmE/view?usp=drivesdk
non_adherents;IRRIFRANCE;Enrouleurs;Enrouleur;Fiche technique;OPTIMA-1027-1032-1037-Boggie.pdf;FOURNISEURS NON ADHERENTS MAIS FICHE TECHNIQUE OUF/IRRIFRANCE/Fiches-Techniques-Irrifrance;application/pdf;204749;1HQ2n714-DnDP7cahaZH21_ofUq3bHpva;https://drive.google.com/file/d/1HQ2n714-DnDP7cahaZH21_ofUq3bHpva/view?usp=drivesdk
non_adherents;IRRIFRANCE;Enrouleurs;Enrouleur;Fiche technique;OPTIMA-1045-1055-boggie.pdf;FOURNISEURS NON ADHERENTS MAIS FICHE TECHNIQUE OUF/IRRIFRANCE/Fiches-Techniques-Irrifrance;application/pdf;213126;1Yvnd_omNjC0z9uHT4qQu0JXLvoYaC1Hl;https://drive.google.com/file/d/1Yvnd_omNjC0z9uHT4qQu0JXLvoYaC1Hl/view?usp=drivesdk
non_adherents;IRRIFRANCE;Enrouleurs;Enrouleur;Fiche technique;PIVOTS-Armoires-de-controle.pdf;FOURNISEURS NON ADHERENTS MAIS FICHE TECHNIQUE OUF/IRRIFRANCE/Fiches-Techniques-Irrifrance;application/pdf;81493;1-BekwwPaJyjDLAyqKZmr94J8AIvQ0Vkh;https://drive.google.com/file/d/1-BekwwPaJyjDLAyqKZmr94J8AIvQ0Vkh/view?usp=drivesdk
non_adherents;IRRIFRANCE;Enrouleurs;Enrouleur;Fiche technique;PIVOTS-DEPLACABLES.pdf;FOURNISEURS NON ADHERENTS MAIS FICHE TECHNIQUE OUF/IRRIFRANCE/Fiches-Techniques-Irrifrance;application/pdf;83844;1XxYDQPgHFXW8ZSgUvbxU946UxNc6WiiW;https://drive.google.com/file/d/1XxYDQPgHFXW8ZSgUvbxU946UxNc6WiiW/view?usp=drivesdk
non_adherents;IRRIFRANCE;Enrouleurs;Enrouleur;Fiche technique;PIVOTS-Lunite-centrale.pdf;FOURNISEURS NON ADHERENTS MAIS FICHE TECHNIQUE OUF/IRRIFRANCE/Fiches-Techniques-Irrifrance;application/pdf;180573;1XVy6cfUkC6wIXgkwf1WG82H20xnm8ya0;https://drive.google.com/file/d/1XVy6cfUkC6wIXgkwf1WG82H20xnm8ya0/view?usp=drivesdk
non_adherents;IRRIFRANCE;Enrouleurs;Enrouleur;Fiche technique;PIVOTS-VXP-equipements.pdf;FOURNISEURS NON ADHERENTS MAIS FICHE TECHNIQUE OUF/IRRIFRANCE/Fiches-Techniques-Irrifrance;application/pdf;226205;1z75IoiG0HD50k378I7DpmcYoa3VBm7-l;https://drive.google.com/file/d/1z75IoiG0HD50k378I7DpmcYoa3VBm7-l/view?usp=drivesdk
non_adherents;IRRIFRANCE;Enrouleurs;Enrouleur;Fiche technique;Pivot-Solaire-HRE-PRINT.pdf;FOURNISEURS NON ADHERENTS MAIS FICHE TECHNIQUE OUF/IRRIFRANCE/Fiches-Techniques-Irrifrance;application/pdf;788393;1NUmcx_3Pr_q7PwMCUY43UenT1UM6fwPl;https://drive.google.com/file/d/1NUmcx_3Pr_q7PwMCUY43UenT1UM6fwPl/view?usp=drivesdk
non_adherents;IRRIFRANCE;Enrouleurs;Enrouleur;Fiche technique;Pivot-solaire.pdf;FOURNISEURS NON ADHERENTS MAIS FICHE TECHNIQUE OUF/IRRIFRANCE/Fiches-Techniques-Irrifrance;application/pdf;218009;1dDbPBrO7IhaHQIm19WpmsP1ZzO3IANPY;https://drive.google.com/file/d/1dDbPBrO7IhaHQIm19WpmsP1ZzO3IANPY/view?usp=drivesdk
non_adherents;IRRIFRANCE;Enrouleurs;Enrouleur;Fiche technique;Pivot_IMS.pdf;FOURNISEURS NON ADHERENTS MAIS FICHE TECHNIQUE OUF/IRRIFRANCE/Fiches-Techniques-Irrifrance;application/pdf;225053;1k03ZHQ4yrObngD-duAXogdPjUuUWSueO;https://drive.google.com/file/d/1k03ZHQ4yrObngD-duAXogdPjUuUWSueO/view?usp=drivesdk
non_adherents;IRRIFRANCE;Enrouleurs;Enrouleur;Fiche technique;Pivot_Structure-VXP.pdf;FOURNISEURS NON ADHERENTS MAIS FICHE TECHNIQUE OUF/IRRIFRANCE/Fiches-Techniques-Irrifrance;application/pdf;2425353;1rAACp9PdlfLlYOhkZ1YFEfXRxxPTxjv1;https://drive.google.com/file/d/1rAACp9PdlfLlYOhkZ1YFEfXRxxPTxjv1/view?usp=drivesdk
non_adherents;IRRIFRANCE;Enrouleurs;Enrouleur;Fiche technique;Pivot_Unité-Centrale.pdf;FOURNISEURS NON ADHERENTS MAIS FICHE TECHNIQUE OUF/IRRIFRANCE/Fiches-Techniques-Irrifrance;application/pdf;1448922;1NPuBPZ9FrpJ8EC6jjgNQTOY2tYVVq27C;https://drive.google.com/file/d/1NPuBPZ9FrpJ8EC6jjgNQTOY2tYVVq27C/view?usp=drivesdk
non_adherents;IRRIFRANCE;Enrouleurs;Enrouleur;Fiche technique;The-control-panel.pdf;FOURNISEURS NON ADHERENTS MAIS FICHE TECHNIQUE OUF/IRRIFRANCE/Fiches-Techniques-Irrifrance;application/pdf;158735;1-J2P1hRSw5ORBfBMS36EZNqP8y-CG2Sn;https://drive.google.com/file/d/1-J2P1hRSw5ORBfBMS36EZNqP8y-CG2Sn/view?usp=drivesdk
non_adherents;IRRIFRANCE;Enrouleurs;Enrouleur;Fiche technique;armoire_fiche.pdf;FOURNISEURS NON ADHERENTS MAIS FICHE TECHNIQUE OUF/IRRIFRANCE/Fiches-Techniques-Irrifrance;application/pdf;53171005;1_sNEgEhKzKEZFBpHAnM_hWcvz4J5bJb1;https://drive.google.com/file/d/1_sNEgEhKzKEZFBpHAnM_hWcvz4J5bJb1/view?usp=drivesdk
non_adherents;IRRIFRANCE;Enrouleurs;Enrouleur;Fiche technique;conduite.pdf;FOURNISEURS NON ADHERENTS MAIS FICHE TECHNIQUE OUF/IRRIFRANCE/Fiches-Techniques-Irrifrance;application/pdf;912336;16oEeoZOgZBSbC7EjhAO1JBH2LLW5BIDH;https://drive.google.com/file/d/16oEeoZOgZBSbC7EjhAO1JBH2LLW5BIDH/view?usp=drivesdk
non_adherents;IRRIFRANCE;Enrouleurs;Enrouleur;Fiche technique;electronic_control.pdf;FOURNISEURS NON ADHERENTS MAIS FICHE TECHNIQUE OUF/IRRIFRANCE/Fiches-Techniques-Irrifrance;application/pdf;13493839;1qevj4rXMlQLG3mOjMkOvW6e3ey8DTlNM;https://drive.google.com/file/d/1qevj4rXMlQLG3mOjMkOvW6e3ey8DTlNM/view?usp=drivesdk
non_adherents;IRRIFRANCE;Enrouleurs;Enrouleur;Fiche technique;gamme-traineaux.pdf;FOURNISEURS NON ADHERENTS MAIS FICHE TECHNIQUE OUF/IRRIFRANCE/Fiches-Techniques-Irrifrance;application/pdf;1745526;1Eow6hNnOV8Z5PkQ77Mqn5ljtYYtsMuO2;https://drive.google.com/file/d/1Eow6hNnOV8Z5PkQ77Mqn5ljtYYtsMuO2/view?usp=drivesdk
non_adherents;IRRIFRANCE;Enrouleurs;Enrouleur;Fiche technique;serie3000.pdf;FOURNISEURS NON ADHERENTS MAIS FICHE TECHNIQUE OUF/IRRIFRANCE/Fiches-Techniques-Irrifrance;application/pdf;3552196;1T8I86iz6sAI8zJRadTVgLCl7F4qz_TlX;https://drive.google.com/file/d/1T8I86iz6sAI8zJRadTVgLCl7F4qz_TlX/view?usp=drivesdk
non_adherents;IRRIFRANCE;Enrouleurs;Enrouleur;Fiche technique;solar_pivot.pdf;FOURNISEURS NON ADHERENTS MAIS FICHE TECHNIQUE OUF/IRRIFRANCE/Fiches-Techniques-Irrifrance;application/pdf;29228583;1m7OqnbUkvFgutnTFbe2PO6VkKcRyBflw;https://drive.google.com/file/d/1m7OqnbUkvFgutnTFbe2PO6VkKcRyBflw/view?usp=drivesdk
non_adherents;Komet_fiches_techniques;Hors bibliothèque;Index / extraction;Fiche technique;00_INDEX.csv;FOURNISEURS NON ADHERENTS MAIS FICHE TECHNIQUE OUF/Komet_fiches_techniques;text/csv;17728;1DM5Q522clJxH_cZpkVj6AtJT1PHaFdzJ;https://drive.google.com/file/d/1DM5Q522clJxH_cZpkVj6AtJT1PHaFdzJ/view?usp=drivesdk
non_adherents;Komet_fiches_techniques;Pivots et rampes;Pivot / rampe;Brochure;brochure-komet-kpr-x-a4-rif-502.pdf;FOURNISEURS NON ADHERENTS MAIS FICHE TECHNIQUE OUF/Komet_fiches_techniques/01_Brochures;application/pdf;186453;13Lpmtj3sX_ani4eAJFbgfsxwZQkcrjCF;https://drive.google.com/file/d/13Lpmtj3sX_ani4eAJFbgfsxwZQkcrjCF/view?usp=drivesdk
non_adherents;Komet_fiches_techniques;Pivots et rampes;Pivot / rampe;Brochure;brochure-komet-kps-lepa-a4-rif-510.pdf;FOURNISEURS NON ADHERENTS MAIS FICHE TECHNIQUE OUF/Komet_fiches_techniques/01_Brochures;application/pdf;269980;1zpeJLdekwmWJ8rnazt-wtxKoUvx253mx;https://drive.google.com/file/d/1zpeJLdekwmWJ8rnazt-wtxKoUvx253mx/view?usp=drivesdk
non_adherents;Komet_fiches_techniques;Pivots et rampes;Pivot / rampe;Brochure;brochure-komet-kps_lesa_a4-rif-512.pdf;FOURNISEURS NON ADHERENTS MAIS FICHE TECHNIQUE OUF/Komet_fiches_techniques/01_Brochures;application/pdf;338354;1vcC2E0LargCwKY09xhOCexdBzfc9IiK1;https://drive.google.com/file/d/1vcC2E0LargCwKY09xhOCexdBzfc9IiK1/view?usp=drivesdk
non_adherents;Komet_fiches_techniques;Pivots et rampes;Pivot / rampe;Brochure;brochure-komet-kpt-a4-rif-504.pdf;FOURNISEURS NON ADHERENTS MAIS FICHE TECHNIQUE OUF/Komet_fiches_techniques/01_Brochures;application/pdf;290935;14wFEQUdz9J1OeiNFGvzoqqBUwlKDLPFE;https://drive.google.com/file/d/14wFEQUdz9J1OeiNFGvzoqqBUwlKDLPFE/view?usp=drivesdk
non_adherents;Komet_fiches_techniques;Pivots et rampes;Pivot / rampe;Brochure;brochure-komet-kpt-pc180-a4-rif-506.pdf;FOURNISEURS NON ADHERENTS MAIS FICHE TECHNIQUE OUF/Komet_fiches_techniques/01_Brochures;application/pdf;248109;1bu-EX7VSCD6oeorGTWA-RqcmzY_HrLnX;https://drive.google.com/file/d/1bu-EX7VSCD6oeorGTWA-RqcmzY_HrLnX/view?usp=drivesdk
non_adherents;Komet_fiches_techniques;Pivots et rampes;Pivot / rampe;Brochure;brochure-komet-kpt-pc180-a4-ru-rif-527.pdf;FOURNISEURS NON ADHERENTS MAIS FICHE TECHNIQUE OUF/Komet_fiches_techniques/01_Brochures;application/pdf;261934;1ysd5oXZu0M0_lrQCFYX4eICNHy7XbJNL;https://drive.google.com/file/d/1ysd5oXZu0M0_lrQCFYX4eICNHy7XbJNL/view?usp=drivesdk
non_adherents;Komet_fiches_techniques;Pivots et rampes;Pivot / rampe;Brochure;brochure-komet-kpt-peak-a4-rif-508.pdf;FOURNISEURS NON ADHERENTS MAIS FICHE TECHNIQUE OUF/Komet_fiches_techniques/01_Brochures;application/pdf;182978;1um1JvAbACh_l6k26lkjlLGXhuBUZYTWd;https://drive.google.com/file/d/1um1JvAbACh_l6k26lkjlLGXhuBUZYTWd/view?usp=drivesdk
non_adherents;Komet_fiches_techniques;Pivots et rampes;Pivot / rampe;Brochure;brochure-komet-kpw-wave-a4-ru-rif-593.pdf;FOURNISEURS NON ADHERENTS MAIS FICHE TECHNIQUE OUF/Komet_fiches_techniques/01_Brochures;application/pdf;350408;1JcuMY41BKjI8ybo3yGImVHpn6X-stNDe;https://drive.google.com/file/d/1JcuMY41BKjI8ybo3yGImVHpn6X-stNDe/view?usp=drivesdk
non_adherents;Komet_fiches_techniques;Aspersion;Asperseur;Brochure;brochure-komet-sprinkler-163-162-a4-rif-516.pdf;FOURNISEURS NON ADHERENTS MAIS FICHE TECHNIQUE OUF/Komet_fiches_techniques/01_Brochures;application/pdf;339175;1SCVh1VDTZWkoBrmU9BDU3Sd8_rcnewNp;https://drive.google.com/file/d/1SCVh1VDTZWkoBrmU9BDU3Sd8_rcnewNp/view?usp=drivesdk
non_adherents;Komet_fiches_techniques;Aspersion;Canon;Brochure;brochure-komet-trigon-112-a4-rif-618.pdf;FOURNISEURS NON ADHERENTS MAIS FICHE TECHNIQUE OUF/Komet_fiches_techniques/01_Brochures;application/pdf;2803655;1vu0P8Pxou2cAr7cbeKhkLZhpAf2aKPN-;https://drive.google.com/file/d/1vu0P8Pxou2cAr7cbeKhkLZhpAf2aKPN-/view?usp=drivesdk
non_adherents;Komet_fiches_techniques;Aspersion;Canon;Brochure;brochure-komet-twin-101-ultra-a4-rif-620.pdf;FOURNISEURS NON ADHERENTS MAIS FICHE TECHNIQUE OUF/Komet_fiches_techniques/01_Brochures;application/pdf;3989370;1qQPVykMN1-Z91wEIf0SkUPlIvAZChbYQ;https://drive.google.com/file/d/1qQPVykMN1-Z91wEIf0SkUPlIvAZChbYQ/view?usp=drivesdk
non_adherents;Komet_fiches_techniques;Aspersion;Canon;Brochure;brochure-komet-twin-ap-ultra-a4-rif-524.pdf;FOURNISEURS NON ADHERENTS MAIS FICHE TECHNIQUE OUF/Komet_fiches_techniques/01_Brochures;application/pdf;191356;1whoqziTVRdpjIsV5zKyJUs9MJip10HKj;https://drive.google.com/file/d/1whoqziTVRdpjIsV5zKyJUs9MJip10HKj/view?usp=drivesdk
non_adherents;Komet_fiches_techniques;Électricité et régulation;Variateur de fréquence;Brochure;brochure-komet-twin-inverter-a4-rif-583.pdf;FOURNISEURS NON ADHERENTS MAIS FICHE TECHNIQUE OUF/Komet_fiches_techniques/01_Brochures;application/pdf;177969;1zm9EkOZ0093pNwpqGHjeMCdhIwKdZcjN;https://drive.google.com/file/d/1zm9EkOZ0093pNwpqGHjeMCdhIwKdZcjN/view?usp=drivesdk
non_adherents;Komet_fiches_techniques;Électricité et régulation;Variateur de fréquence;Brochure;brochure-komet-twin-inverter-it-rif-584.pdf;FOURNISEURS NON ADHERENTS MAIS FICHE TECHNIQUE OUF/Komet_fiches_techniques/01_Brochures;application/pdf;177849;1S9oA7ykS1bg_V8sMBo1Km_ub1WTNYJRj;https://drive.google.com/file/d/1S9oA7ykS1bg_V8sMBo1Km_ub1WTNYJRj/view?usp=drivesdk
non_adherents;Komet_fiches_techniques;Aspersion;Canon;Brochure;brochure-komet-twin-max-a4-rif-622.pdf;FOURNISEURS NON ADHERENTS MAIS FICHE TECHNIQUE OUF/Komet_fiches_techniques/01_Brochures;application/pdf;4269004;1aD7vK0FSTIc43RpvjYwX0MlHmwYTi9lw;https://drive.google.com/file/d/1aD7vK0FSTIc43RpvjYwX0MlHmwYTi9lw/view?usp=drivesdk
non_adherents;Komet_fiches_techniques;Pivots et rampes;Pivot / rampe;Catalogue;catalog-komet-pivot-5-features-english-rif-332.pdf;FOURNISEURS NON ADHERENTS MAIS FICHE TECHNIQUE OUF/Komet_fiches_techniques/02_Caracteristiques;application/pdf;1034667;1-d7zZY5Ybf_vb-tGflZeQgR9GaXmJZ6T;https://drive.google.com/file/d/1-d7zZY5Ybf_vb-tGflZeQgR9GaXmJZ6T/view?usp=drivesdk
non_adherents;Komet_fiches_techniques;Aspersion;Canon;Catalogue;catalog-komet-twin-5-features-english-rif-561.pdf;FOURNISEURS NON ADHERENTS MAIS FICHE TECHNIQUE OUF/Komet_fiches_techniques/02_Caracteristiques;application/pdf;1342404;14tUeryqAG5t1-WFlNH6UDdnPLP9dCvbs;https://drive.google.com/file/d/14tUeryqAG5t1-WFlNH6UDdnPLP9dCvbs/view?usp=drivesdk
non_adherents;Komet_fiches_techniques;Pivots et rampes;Pivot / rampe;Catalogue;catalog-komet-pivot-products-en_es-a4-rif-597.pdf;FOURNISEURS NON ADHERENTS MAIS FICHE TECHNIQUE OUF/Komet_fiches_techniques/03_Catalogues;application/pdf;6975795;1aUEXdnVCpGBmdEnyWm-AnKZ0-OlpX8ju;https://drive.google.com/file/d/1aUEXdnVCpGBmdEnyWm-AnKZ0-OlpX8ju/view?usp=drivesdk
non_adherents;Komet_fiches_techniques;Aspersion;Asperseur;Catalogue;catalog-komet-sprinklers_en_de_a4-rif-381.pdf;FOURNISEURS NON ADHERENTS MAIS FICHE TECHNIQUE OUF/Komet_fiches_techniques/03_Catalogues;application/pdf;2233369;1HtqjG9dKozHP7N1HRIFd-Wff_CueRokA;https://drive.google.com/file/d/1HtqjG9dKozHP7N1HRIFd-Wff_CueRokA/view?usp=drivesdk
non_adherents;Komet_fiches_techniques;Aspersion;Canon;Catalogue;catalog-komet-trigon-en_es_a4-rif-075.pdf;FOURNISEURS NON ADHERENTS MAIS FICHE TECHNIQUE OUF/Komet_fiches_techniques/03_Catalogues;application/pdf;1628137;1zbzvCuB6wsV3Gb9KAgfiPpgu_ttmTekg;https://drive.google.com/file/d/1zbzvCuB6wsV3Gb9KAgfiPpgu_ttmTekg/view?usp=drivesdk
non_adherents;Komet_fiches_techniques;Aspersion;Canon;Catalogue;catalog-komet-twin-ultra-dust-control-en_es_a4-rif-615.pdf;FOURNISEURS NON ADHERENTS MAIS FICHE TECHNIQUE OUF/Komet_fiches_techniques/03_Catalogues;application/pdf;61313706;1Pc4gHbCOVSHD8ZvO0WffBo10IewSQvai;https://drive.google.com/file/d/1Pc4gHbCOVSHD8ZvO0WffBo10IewSQvai/view?usp=drivesdk
non_adherents;Komet_fiches_techniques;Aspersion;Canon;Catalogue;catalog-komet-twin-ultra-en_es-a4-rif-610.pdf;FOURNISEURS NON ADHERENTS MAIS FICHE TECHNIQUE OUF/Komet_fiches_techniques/03_Catalogues;application/pdf;89315210;10Mrl_9SOmQfnUcucvJOkeE4zHgJtWuMm;https://drive.google.com/file/d/10Mrl_9SOmQfnUcucvJOkeE4zHgJtWuMm/view?usp=drivesdk
non_adherents;Komet_fiches_techniques;À classer;;Manuel / notice;technical-manual-komet-precision-wave-a4-rif-485.pdf;FOURNISEURS NON ADHERENTS MAIS FICHE TECHNIQUE OUF/Komet_fiches_techniques/04_Manuels_techniques;application/pdf;2850099;1GI8mrW3Ev_v-M1CzugKm2sB29VS6_KDo;https://drive.google.com/file/d/1GI8mrW3Ev_v-M1CzugKm2sB29VS6_KDo/view?usp=drivesdk
non_adherents;Komet_fiches_techniques;Aspersion;Asperseur;Manuel / notice;technical-manual-komet-sprinklers-a4-rif-485.pdf;FOURNISEURS NON ADHERENTS MAIS FICHE TECHNIQUE OUF/Komet_fiches_techniques/04_Manuels_techniques;application/pdf;7441020;1DXQAFa7G237wRNSPXB7rIN2nmppw2Dti;https://drive.google.com/file/d/1DXQAFa7G237wRNSPXB7rIN2nmppw2Dti/view?usp=drivesdk
non_adherents;Komet_fiches_techniques;Aspersion;Canon;Manuel / notice;technical-manual-komet-trigon-a4-rif-485.pdf;FOURNISEURS NON ADHERENTS MAIS FICHE TECHNIQUE OUF/Komet_fiches_techniques/04_Manuels_techniques;application/pdf;24004823;1xcWd9mmpw9XlARKRfPAcaa1yZ8FFx2wy;https://drive.google.com/file/d/1xcWd9mmpw9XlARKRfPAcaa1yZ8FFx2wy/view?usp=drivesdk
non_adherents;Komet_fiches_techniques;Aspersion;Canon;Manuel / notice;technical-manual-komet-twin-max-a4-rif-485.pdf;FOURNISEURS NON ADHERENTS MAIS FICHE TECHNIQUE OUF/Komet_fiches_techniques/04_Manuels_techniques;application/pdf;16939721;16YbOrIx1GiRacLUetlSjJJL71T11d6Td;https://drive.google.com/file/d/16YbOrIx1GiRacLUetlSjJJL71T11d6Td/view?usp=drivesdk
non_adherents;Komet_fiches_techniques;Aspersion;Canon;Manuel / notice;technical-manual-komet-twin-ultra-a4-rif-485.pdf;FOURNISEURS NON ADHERENTS MAIS FICHE TECHNIQUE OUF/Komet_fiches_techniques/04_Manuels_techniques;application/pdf;60851161;1ylhDLvswZQEiUm2YbMU7XZskp4mu6bjQ;https://drive.google.com/file/d/1ylhDLvswZQEiUm2YbMU7XZskp4mu6bjQ/view?usp=drivesdk
non_adherents;Komet_fiches_techniques;Aspersion;Canon;Manuel / notice;technical-manual-trigon-new-base-installation-a4-rif-83.pdf;FOURNISEURS NON ADHERENTS MAIS FICHE TECHNIQUE OUF/Komet_fiches_techniques/04_Manuels_techniques;application/pdf;1572587;1mVpP6SbVPTQcsQNOBNp5nm9kj-89xcVW;https://drive.google.com/file/d/1mVpP6SbVPTQcsQNOBNp5nm9kj-89xcVW/view?usp=drivesdk
non_adherents;Komet_fiches_techniques;Aspersion;Canon;Manuel / notice;technical-manual-twin-202-ultra-nozzle-48-3-mm-1-9-a4-rif-489.pdf;FOURNISEURS NON ADHERENTS MAIS FICHE TECHNIQUE OUF/Komet_fiches_techniques/04_Manuels_techniques;application/pdf;202272;1hSqk6gm-6Y0ZcdJbRuLicu5QYXCPOGFr;https://drive.google.com/file/d/1hSqk6gm-6Y0ZcdJbRuLicu5QYXCPOGFr/view?usp=drivesdk
non_adherents;Komet_fiches_techniques;Aspersion;Canon;Manuel / notice;technical-manual-twin-max-new-base-installation-a4-rif-226.pdf;FOURNISEURS NON ADHERENTS MAIS FICHE TECHNIQUE OUF/Komet_fiches_techniques/04_Manuels_techniques;application/pdf;170597;1qPqUvzu0mxC-fm0iLrOGaWXuZTGCuW6f;https://drive.google.com/file/d/1qPqUvzu0mxC-fm0iLrOGaWXuZTGCuW6f/view?usp=drivesdk
non_adherents;Komet_fiches_techniques;Électricité et régulation;Variateur de fréquence;Manuel / notice;operating-instruction-komet-inverter-rif-227.pdf;FOURNISEURS NON ADHERENTS MAIS FICHE TECHNIQUE OUF/Komet_fiches_techniques/05_Modes_emploi;application/pdf;5707994;1Nbz8xqHwnT9VRfv37GvEkJLVTDliWb2j;https://drive.google.com/file/d/1Nbz8xqHwnT9VRfv37GvEkJLVTDliWb2j/view?usp=drivesdk
non_adherents;Komet_fiches_techniques;À classer;;Manuel / notice;operating-instruction-komet-vari-angle-continuous-adjustment-rif-311.pdf;FOURNISEURS NON ADHERENTS MAIS FICHE TECHNIQUE OUF/Komet_fiches_techniques/05_Modes_emploi;application/pdf;1396024;1LhlFt63gpHKPoRK7hRXCW-cRqAUVxk2Z;https://drive.google.com/file/d/1LhlFt63gpHKPoRK7hRXCW-cRqAUVxk2Z/view?usp=drivesdk
non_adherents;Komet_fiches_techniques;Pivots et rampes;Pivot / rampe;Manuel / notice;operating-instruction-kpt-pc180-rif-306.pdf;FOURNISEURS NON ADHERENTS MAIS FICHE TECHNIQUE OUF/Komet_fiches_techniques/05_Modes_emploi;application/pdf;2474714;1A3ZQdzX1ZutuSgb28tz6LB3BoR5v9i-p;https://drive.google.com/file/d/1A3ZQdzX1ZutuSgb28tz6LB3BoR5v9i-p/view?usp=drivesdk
non_adherents;Komet_fiches_techniques;Pivots et rampes;Pivot / rampe;Manuel / notice;operating-instruction-kpt-peak-rif-570.pdf;FOURNISEURS NON ADHERENTS MAIS FICHE TECHNIQUE OUF/Komet_fiches_techniques/05_Modes_emploi;application/pdf;2504282;1zSpElykA4vcH2hMNpe3xRuUZy92LP_YU;https://drive.google.com/file/d/1zSpElykA4vcH2hMNpe3xRuUZy92LP_YU/view?usp=drivesdk
non_adherents;Komet_fiches_techniques;Pivots et rampes;Pivot / rampe;Manuel / notice;operating-instruction-kpt-rif-569.pdf;FOURNISEURS NON ADHERENTS MAIS FICHE TECHNIQUE OUF/Komet_fiches_techniques/05_Modes_emploi;application/pdf;2874643;1qhM15wAOnGdtarmLI9_sNtoyJYCBclPn;https://drive.google.com/file/d/1qhM15wAOnGdtarmLI9_sNtoyJYCBclPn/view?usp=drivesdk
non_adherents;Komet_fiches_techniques;Pivots et rampes;Pivot / rampe;Manuel / notice;operating-instruction-kpw-rif-469.pdf;FOURNISEURS NON ADHERENTS MAIS FICHE TECHNIQUE OUF/Komet_fiches_techniques/05_Modes_emploi;application/pdf;1003841;1LSPS7BAqwgjKp7YKhb0CV3Zv7qPaK2bS;https://drive.google.com/file/d/1LSPS7BAqwgjKp7YKhb0CV3Zv7qPaK2bS/view?usp=drivesdk
non_adherents;Komet_fiches_techniques;Aspersion;Canon;Manuel / notice;operating-instructions-komet-trigon.pdf;FOURNISEURS NON ADHERENTS MAIS FICHE TECHNIQUE OUF/Komet_fiches_techniques/05_Modes_emploi;application/pdf;614685;12WPS3Q48AUfTjn4XTj_lU5HSfZuD9wto;https://drive.google.com/file/d/12WPS3Q48AUfTjn4XTj_lU5HSfZuD9wto/view?usp=drivesdk
non_adherents;Komet_fiches_techniques;Aspersion;Canon;Manuel / notice;operating-instructions-komet-twin-max.pdf;FOURNISEURS NON ADHERENTS MAIS FICHE TECHNIQUE OUF/Komet_fiches_techniques/05_Modes_emploi;application/pdf;1640178;1YP7qqhO7Y_lcdlVCtRbdYY4nWan8DAFN;https://drive.google.com/file/d/1YP7qqhO7Y_lcdlVCtRbdYY4nWan8DAFN/view?usp=drivesdk
non_adherents;Komet_fiches_techniques;Aspersion;Canon;Manuel / notice;operating-instructions-komet-twin.pdf;FOURNISEURS NON ADHERENTS MAIS FICHE TECHNIQUE OUF/Komet_fiches_techniques/05_Modes_emploi;application/pdf;1410055;1OW3X2jg2FSbam5_L2YzGZUiQZh0ArvS6;https://drive.google.com/file/d/1OW3X2jg2FSbam5_L2YzGZUiQZh0ArvS6/view?usp=drivesdk
non_adherents;Komet_fiches_techniques;Pivots et rampes;Pivot / rampe;Manuel / notice;operating-instructions-kpr-x-rif-325.pdf;FOURNISEURS NON ADHERENTS MAIS FICHE TECHNIQUE OUF/Komet_fiches_techniques/05_Modes_emploi;application/pdf;69931;1RrEUviaTX5MBOpLuKN-rkXvcBnO0JKms;https://drive.google.com/file/d/1RrEUviaTX5MBOpLuKN-rkXvcBnO0JKms/view?usp=drivesdk
non_adherents;Komet_fiches_techniques;Pivots et rampes;Pivot / rampe;Manuel / notice;operating-instructions-kps-rif-255.pdf;FOURNISEURS NON ADHERENTS MAIS FICHE TECHNIQUE OUF/Komet_fiches_techniques/05_Modes_emploi;application/pdf;3028505;1LJR7R8hZydjQcDhrjiyzXmYgzKmGhUot;https://drive.google.com/file/d/1LJR7R8hZydjQcDhrjiyzXmYgzKmGhUot/view?usp=drivesdk
non_adherents;Komet_fiches_techniques;Aspersion;Canon;Services;service-komet-trigon-105-112-a4-rif-485.pdf;FOURNISEURS NON ADHERENTS MAIS FICHE TECHNIQUE OUF/Komet_fiches_techniques/06_Services;application/pdf;9812105;1gK-rPhjrS6zsF6vQXuQXMb9pT0vduqk9;https://drive.google.com/file/d/1gK-rPhjrS6zsF6vQXuQXMb9pT0vduqk9/view?usp=drivesdk
non_adherents;Komet_fiches_techniques;Aspersion;Canon;Services;service-komet-twin-101-140-ultra-ap101-ap140-ultra-a4-rif-485.pdf;FOURNISEURS NON ADHERENTS MAIS FICHE TECHNIQUE OUF/Komet_fiches_techniques/06_Services;application/pdf;8005611;1IuEVpUbGvWRr921rlAU2dQ8q5i8dD6g8;https://drive.google.com/file/d/1IuEVpUbGvWRr921rlAU2dQ8q5i8dD6g8/view?usp=drivesdk
non_adherents;Komet_fiches_techniques;Aspersion;Canon;Services;service-komet-twin-160-202-ultra-ap160-ap202-ultra-a4-rif-485.pdf;FOURNISEURS NON ADHERENTS MAIS FICHE TECHNIQUE OUF/Komet_fiches_techniques/06_Services;application/pdf;5630739;1t8AnwLPhqPSnATxD8Ff6gg_O7tLhEI2m;https://drive.google.com/file/d/1t8AnwLPhqPSnATxD8Ff6gg_O7tLhEI2m/view?usp=drivesdk
non_adherents;Komet_fiches_techniques;Aspersion;Canon;Services;service-komet-twin-max-a4-rif-485.pdf;FOURNISEURS NON ADHERENTS MAIS FICHE TECHNIQUE OUF/Komet_fiches_techniques/06_Services;application/pdf;5141375;1jzPXTRJIxO2e3xZ875bH2ROjx8WUtx3f;https://drive.google.com/file/d/1jzPXTRJIxO2e3xZ875bH2ROjx8WUtx3f/view?usp=drivesdk
non_adherents;Komet_fiches_techniques;Aspersion;Asperseur;Pièces détachées;spare-parts-komet-162-a4-rif-485.pdf;FOURNISEURS NON ADHERENTS MAIS FICHE TECHNIQUE OUF/Komet_fiches_techniques/07_Pieces_rechange;application/pdf;1057456;17QCmc0KAKEJIPE8zoV5chDrw_bbPZ68S;https://drive.google.com/file/d/17QCmc0KAKEJIPE8zoV5chDrw_bbPZ68S/view?usp=drivesdk
non_adherents;Komet_fiches_techniques;Aspersion;Asperseur;Pièces détachées;spare-parts-komet-163-a4-rif-485.pdf;FOURNISEURS NON ADHERENTS MAIS FICHE TECHNIQUE OUF/Komet_fiches_techniques/07_Pieces_rechange;application/pdf;1218589;1sB0FeWcLUMG4ZBRni1ENIsFbrZoVEo1Z;https://drive.google.com/file/d/1sB0FeWcLUMG4ZBRni1ENIsFbrZoVEo1Z/view?usp=drivesdk
non_adherents;Komet_fiches_techniques;Aspersion;Asperseur;Pièces détachées;spare-parts-komet-f41-f41-2-a4-rif-485.pdf;FOURNISEURS NON ADHERENTS MAIS FICHE TECHNIQUE OUF/Komet_fiches_techniques/07_Pieces_rechange;application/pdf;1332391;1wu3vxidVUkZnsE8kYbaUf8xG18qA0Bo2;https://drive.google.com/file/d/1wu3vxidVUkZnsE8kYbaUf8xG18qA0Bo2/view?usp=drivesdk
non_adherents;Komet_fiches_techniques;Électricité et régulation;Variateur de fréquence;Pièces détachées;spare-parts-komet-inverter-a4-rif-485.pdf;FOURNISEURS NON ADHERENTS MAIS FICHE TECHNIQUE OUF/Komet_fiches_techniques/07_Pieces_rechange;application/pdf;251051;1e5Qk1yE8Bqsuf2NYK_CTb-6v0-FjM54x;https://drive.google.com/file/d/1e5Qk1yE8Bqsuf2NYK_CTb-6v0-FjM54x/view?usp=drivesdk
non_adherents;Komet_fiches_techniques;À classer;;Pièces détachées;spare-parts-komet-precision-wave-head-down-a4-rif-485.pdf;FOURNISEURS NON ADHERENTS MAIS FICHE TECHNIQUE OUF/Komet_fiches_techniques/07_Pieces_rechange;application/pdf;1382986;1GXNH6iqAMlTh23cpPi0oIsBpGJUkldME;https://drive.google.com/file/d/1GXNH6iqAMlTh23cpPi0oIsBpGJUkldME/view?usp=drivesdk
non_adherents;Komet_fiches_techniques;À classer;;Pièces détachées;spare-parts-komet-precision-wave-head-up-a4-rif-485.pdf;FOURNISEURS NON ADHERENTS MAIS FICHE TECHNIQUE OUF/Komet_fiches_techniques/07_Pieces_rechange;application/pdf;1393704;1v291InfbBArY9xA4XIMxLCFiete7LlCn;https://drive.google.com/file/d/1v291InfbBArY9xA4XIMxLCFiete7LlCn/view?usp=drivesdk
non_adherents;Komet_fiches_techniques;Aspersion;Canon;Pièces détachées;spare-parts-komet-trigon-105-a4-rif-485.pdf;FOURNISEURS NON ADHERENTS MAIS FICHE TECHNIQUE OUF/Komet_fiches_techniques/07_Pieces_rechange;application/pdf;3154339;1hppuB8SWbhvIMzT3Al2DseWOj43ttbjX;https://drive.google.com/file/d/1hppuB8SWbhvIMzT3Al2DseWOj43ttbjX/view?usp=drivesdk
non_adherents;Komet_fiches_techniques;Aspersion;Canon;Pièces détachées;spare-parts-komet-trigon-112-a4-rif-485.pdf;FOURNISEURS NON ADHERENTS MAIS FICHE TECHNIQUE OUF/Komet_fiches_techniques/07_Pieces_rechange;application/pdf;2732565;1PtctnNZK7Kz-jMe6f4HefWMAd5Ipfv36;https://drive.google.com/file/d/1PtctnNZK7Kz-jMe6f4HefWMAd5Ipfv36/view?usp=drivesdk
non_adherents;Komet_fiches_techniques;Aspersion;Canon;Pièces détachées;spare-parts-komet-twin-101-ultra-a4-rif-485.pdf;FOURNISEURS NON ADHERENTS MAIS FICHE TECHNIQUE OUF/Komet_fiches_techniques/07_Pieces_rechange;application/pdf;4084603;1JeDdcoOZt8CZKfsd8y6csI6ZDmzNpFqX;https://drive.google.com/file/d/1JeDdcoOZt8CZKfsd8y6csI6ZDmzNpFqX/view?usp=drivesdk
non_adherents;Komet_fiches_techniques;Électricité et régulation;Variateur de fréquence;Pièces détachées;spare-parts-komet-twin-140-inverter-a4-rif-485.pdf;FOURNISEURS NON ADHERENTS MAIS FICHE TECHNIQUE OUF/Komet_fiches_techniques/07_Pieces_rechange;application/pdf;3710707;1Ot9dEMly0YxuOK2IIqsc7DcNuXPyI6s3;https://drive.google.com/file/d/1Ot9dEMly0YxuOK2IIqsc7DcNuXPyI6s3/view?usp=drivesdk
non_adherents;Komet_fiches_techniques;Aspersion;Canon;Pièces détachées;spare-parts-komet-twin-140-ultra-a4-rif-485.pdf;FOURNISEURS NON ADHERENTS MAIS FICHE TECHNIQUE OUF/Komet_fiches_techniques/07_Pieces_rechange;application/pdf;4078088;1b-mtkZ0i18OJBr5eIqSU8YMegdZgJ6qM;https://drive.google.com/file/d/1b-mtkZ0i18OJBr5eIqSU8YMegdZgJ6qM/view?usp=drivesdk
non_adherents;Komet_fiches_techniques;Électricité et régulation;Variateur de fréquence;Pièces détachées;spare-parts-komet-twin-160-inverter-a4-rif-485.pdf;FOURNISEURS NON ADHERENTS MAIS FICHE TECHNIQUE OUF/Komet_fiches_techniques/07_Pieces_rechange;application/pdf;3618171;1zRho5vWEXsiHm3TWoTF5Xf5IAaQMEeQ9;https://drive.google.com/file/d/1zRho5vWEXsiHm3TWoTF5Xf5IAaQMEeQ9/view?usp=drivesdk
non_adherents;Komet_fiches_techniques;Aspersion;Canon;Pièces détachées;spare-parts-komet-twin-160-ultra-a4-rif-485.pdf;FOURNISEURS NON ADHERENTS MAIS FICHE TECHNIQUE OUF/Komet_fiches_techniques/07_Pieces_rechange;application/pdf;4150801;1x53ClL6FJwBvSyLvnMaQ0NzQ2NXvO4K5;https://drive.google.com/file/d/1x53ClL6FJwBvSyLvnMaQ0NzQ2NXvO4K5/view?usp=drivesdk
non_adherents;Komet_fiches_techniques;Électricité et régulation;Variateur de fréquence;Pièces détachées;spare-parts-komet-twin-202-inverter-a4-rif-485.pdf;FOURNISEURS NON ADHERENTS MAIS FICHE TECHNIQUE OUF/Komet_fiches_techniques/07_Pieces_rechange;application/pdf;3544734;1MUztFR0jQl3DEIx2RKxXMNddxKp5oKeN;https://drive.google.com/file/d/1MUztFR0jQl3DEIx2RKxXMNddxKp5oKeN/view?usp=drivesdk
non_adherents;Komet_fiches_techniques;Aspersion;Canon;Pièces détachées;spare-parts-komet-twin-202-ultra-a4-rif-485.pdf;FOURNISEURS NON ADHERENTS MAIS FICHE TECHNIQUE OUF/Komet_fiches_techniques/07_Pieces_rechange;application/pdf;4203073;1Mtq9Ou-b-M3BelahIty8cy8g0Pfq7waW;https://drive.google.com/file/d/1Mtq9Ou-b-M3BelahIty8cy8g0Pfq7waW/view?usp=drivesdk
non_adherents;Komet_fiches_techniques;Aspersion;Canon;Pièces détachées;spare-parts-komet-twin-ap140-ultra-a4-rif-485.pdf;FOURNISEURS NON ADHERENTS MAIS FICHE TECHNIQUE OUF/Komet_fiches_techniques/07_Pieces_rechange;application/pdf;4181712;1xAikvRnRZ4kAAvX8D5yxN4804cNKzZuZ;https://drive.google.com/file/d/1xAikvRnRZ4kAAvX8D5yxN4804cNKzZuZ/view?usp=drivesdk
non_adherents;Komet_fiches_techniques;Aspersion;Canon;Pièces détachées;spare-parts-komet-twin-ap160-ultra-a4-rif-485.pdf;FOURNISEURS NON ADHERENTS MAIS FICHE TECHNIQUE OUF/Komet_fiches_techniques/07_Pieces_rechange;application/pdf;4194982;1WF0p-5RtnpkftIIv5d8fi1EzVPFvsQ5y;https://drive.google.com/file/d/1WF0p-5RtnpkftIIv5d8fi1EzVPFvsQ5y/view?usp=drivesdk
non_adherents;Komet_fiches_techniques;Aspersion;Canon;Pièces détachées;spare-parts-komet-twin-ap202-ultra-a4-rif-485.pdf;FOURNISEURS NON ADHERENTS MAIS FICHE TECHNIQUE OUF/Komet_fiches_techniques/07_Pieces_rechange;application/pdf;4226253;1WC_MRfyHE8cAUfpfkgixMhBzZ2aE1EAi;https://drive.google.com/file/d/1WC_MRfyHE8cAUfpfkgixMhBzZ2aE1EAi/view?usp=drivesdk
non_adherents;Komet_fiches_techniques;Aspersion;Canon;Pièces détachées;spare-parts-komet-twin-max-a4-rif-485.pdf;FOURNISEURS NON ADHERENTS MAIS FICHE TECHNIQUE OUF/Komet_fiches_techniques/07_Pieces_rechange;application/pdf;3559040;174_Bsq-m11-hj9sA5_j6we-J1NzGCBuN;https://drive.google.com/file/d/174_Bsq-m11-hj9sA5_j6we-J1NzGCBuN/view?usp=drivesdk
non_adherents;LEGRAND;Électricité et régulation;Appareillage / armoire;Fiche technique;006430212.pdf;FOURNISEURS NON ADHERENTS MAIS FICHE TECHNIQUE OUF/LEGRAND;application/pdf;1282165;1RAirlxH9jgHFa9S1ef49fIbkTZERGQMZ;https://drive.google.com/file/d/1RAirlxH9jgHFa9S1ef49fIbkTZERGQMZ/view?usp=drivesdk
non_adherents;LEGRAND;Électricité et régulation;Appareillage / armoire;Fiche technique;0064304-07.pdf;FOURNISEURS NON ADHERENTS MAIS FICHE TECHNIQUE OUF/LEGRAND;application/pdf;74675;1RLxRyyUaowG8uVj-0GCIZuEBXl6Pa_n1;https://drive.google.com/file/d/1RLxRyyUaowG8uVj-0GCIZuEBXl6Pa_n1/view?usp=drivesdk
non_adherents;LEGRAND;Électricité et régulation;Appareillage / armoire;Fiche technique;0064H81-03.pdf;FOURNISEURS NON ADHERENTS MAIS FICHE TECHNIQUE OUF/LEGRAND;application/pdf;55734;16V8ACaMueGaAc8Ypj1wfXqPLBk5T0Pli;https://drive.google.com/file/d/16V8ACaMueGaAc8Ypj1wfXqPLBk5T0Pli/view?usp=drivesdk
non_adherents;LEGRAND;Électricité et régulation;Appareillage / armoire;Fiche technique;80021LB.pdf;FOURNISEURS NON ADHERENTS MAIS FICHE TECHNIQUE OUF/LEGRAND;application/pdf;1044764;18rwMFRx6_fVN7A3YsOtalTEUBrFkXL9E;https://drive.google.com/file/d/18rwMFRx6_fVN7A3YsOtalTEUBrFkXL9E/view?usp=drivesdk
non_adherents;LEGRAND;Électricité et régulation;Appareillage / armoire;Fiche technique;80037LA-00.pdf;FOURNISEURS NON ADHERENTS MAIS FICHE TECHNIQUE OUF/LEGRAND;application/pdf;598411;1z9uP9ufpElZPuQcHjz5DmI6-rfCkgax5;https://drive.google.com/file/d/1z9uP9ufpElZPuQcHjz5DmI6-rfCkgax5/view?usp=drivesdk
non_adherents;LEGRAND;Électricité et régulation;Appareillage / armoire;Fiche technique;F00086FR-07.pdf;FOURNISEURS NON ADHERENTS MAIS FICHE TECHNIQUE OUF/LEGRAND;application/pdf;546077;1oaWSUJUl9G3FlhC0SkPXdvMog5Nfgo2y;https://drive.google.com/file/d/1oaWSUJUl9G3FlhC0SkPXdvMog5Nfgo2y/view?usp=drivesdk
non_adherents;LEGRAND;Électricité et régulation;Appareillage / armoire;Fiche technique;F00097FR-06.pdf;FOURNISEURS NON ADHERENTS MAIS FICHE TECHNIQUE OUF/LEGRAND;application/pdf;605465;1BFjlHuEa_4UAOpmcmNoo1PCsqRdKEjCH;https://drive.google.com/file/d/1BFjlHuEa_4UAOpmcmNoo1PCsqRdKEjCH/view?usp=drivesdk
non_adherents;LEGRAND;Électricité et régulation;Appareillage / armoire;Fiche technique;F00122FR-09.pdf;FOURNISEURS NON ADHERENTS MAIS FICHE TECHNIQUE OUF/LEGRAND;application/pdf;1179677;1m8LZiJy3hZj64QeYWKSA-WQQdyMxIPUG;https://drive.google.com/file/d/1m8LZiJy3hZj64QeYWKSA-WQQdyMxIPUG/view?usp=drivesdk
non_adherents;LEGRAND;Électricité et régulation;Appareillage / armoire;Fiche technique;F00130FR-07.pdf;FOURNISEURS NON ADHERENTS MAIS FICHE TECHNIQUE OUF/LEGRAND;application/pdf;1496041;1NdzVH4G4O2RnvzIpnGEg7bBJ0eFwXF3B;https://drive.google.com/file/d/1NdzVH4G4O2RnvzIpnGEg7bBJ0eFwXF3B/view?usp=drivesdk
non_adherents;LEGRAND;Électricité et régulation;Appareillage / armoire;Fiche technique;F00138FR-04.pdf;FOURNISEURS NON ADHERENTS MAIS FICHE TECHNIQUE OUF/LEGRAND;application/pdf;1441392;1MYLprDAknP6ltCHQvFwGCRgfqdN-DLgu;https://drive.google.com/file/d/1MYLprDAknP6ltCHQvFwGCRgfqdN-DLgu/view?usp=drivesdk
non_adherents;LEGRAND;Électricité et régulation;Appareillage / armoire;Fiche technique;F00140FR-05.pdf;FOURNISEURS NON ADHERENTS MAIS FICHE TECHNIQUE OUF/LEGRAND;application/pdf;1339606;1AG5p3F87q917k6YI25YtbAnCpBJxxenL;https://drive.google.com/file/d/1AG5p3F87q917k6YI25YtbAnCpBJxxenL/view?usp=drivesdk
non_adherents;LEGRAND;Électricité et régulation;Appareillage / armoire;Fiche technique;F00142FR-02.pdf;FOURNISEURS NON ADHERENTS MAIS FICHE TECHNIQUE OUF/LEGRAND;application/pdf;1387852;10ZOOuD4pIfM2hQ6iVkp19aohBjFRGPf5;https://drive.google.com/file/d/10ZOOuD4pIfM2hQ6iVkp19aohBjFRGPf5/view?usp=drivesdk
non_adherents;LEGRAND;Électricité et régulation;Appareillage / armoire;Fiche technique;F00262FR-02.pdf;FOURNISEURS NON ADHERENTS MAIS FICHE TECHNIQUE OUF/LEGRAND;application/pdf;380288;19lVgyTfl3aLao_dLpXmHek-EuEAWYkNi;https://drive.google.com/file/d/19lVgyTfl3aLao_dLpXmHek-EuEAWYkNi/view?usp=drivesdk
non_adherents;LEGRAND;Électricité et régulation;Appareillage / armoire;Fiche technique;F00282FR-06.pdf;FOURNISEURS NON ADHERENTS MAIS FICHE TECHNIQUE OUF/LEGRAND;application/pdf;1750467;1qHeliry-quZxF8t1YtVXvraGB_39yJDu;https://drive.google.com/file/d/1qHeliry-quZxF8t1YtVXvraGB_39yJDu/view?usp=drivesdk
non_adherents;LEGRAND;Électricité et régulation;Appareillage / armoire;Fiche technique;F00390FR-05.pdf;FOURNISEURS NON ADHERENTS MAIS FICHE TECHNIQUE OUF/LEGRAND;application/pdf;595867;1iVcA_jbaYdPiFVV2LdDuWY6wjnwreg2J;https://drive.google.com/file/d/1iVcA_jbaYdPiFVV2LdDuWY6wjnwreg2J/view?usp=drivesdk
non_adherents;LEGRAND;Électricité et régulation;Appareillage / armoire;Fiche technique;F00697FR_05.pdf;FOURNISEURS NON ADHERENTS MAIS FICHE TECHNIQUE OUF/LEGRAND;application/pdf;595008;1PDT0AmKCoEgvvYfhd2j_S_4ddSX22pFu;https://drive.google.com/file/d/1PDT0AmKCoEgvvYfhd2j_S_4ddSX22pFu/view?usp=drivesdk
non_adherents;LEGRAND;Électricité et régulation;Appareillage / armoire;Fiche technique;F00757FR-03.pdf;FOURNISEURS NON ADHERENTS MAIS FICHE TECHNIQUE OUF/LEGRAND;application/pdf;176906;16L-xCoWdQDddlw-G9v0jXvQhvSDHQeMF;https://drive.google.com/file/d/16L-xCoWdQDddlw-G9v0jXvQhvSDHQeMF/view?usp=drivesdk
non_adherents;LEGRAND;Électricité et régulation;Appareillage / armoire;Fiche technique;F00993FR-05.pdf;FOURNISEURS NON ADHERENTS MAIS FICHE TECHNIQUE OUF/LEGRAND;application/pdf;1003877;1-DhKc-vdbRtEhRzyD33oU7jzDM64c11N;https://drive.google.com/file/d/1-DhKc-vdbRtEhRzyD33oU7jzDM64c11N/view?usp=drivesdk
non_adherents;LEGRAND;Électricité et régulation;Appareillage / armoire;Fiche technique;F00994FR-04.pdf;FOURNISEURS NON ADHERENTS MAIS FICHE TECHNIQUE OUF/LEGRAND;application/pdf;1456115;1PrOwHXuJwjrSkaB7prJrrrENBuoJYIQt;https://drive.google.com/file/d/1PrOwHXuJwjrSkaB7prJrrrENBuoJYIQt/view?usp=drivesdk
non_adherents;LEGRAND;Électricité et régulation;Appareillage / armoire;Fiche technique;F01041FR-07.pdf;FOURNISEURS NON ADHERENTS MAIS FICHE TECHNIQUE OUF/LEGRAND;application/pdf;2298383;1Fd_7tReErOWbQSLdKpOYCiIamiY6IyJb;https://drive.google.com/file/d/1Fd_7tReErOWbQSLdKpOYCiIamiY6IyJb/view?usp=drivesdk
non_adherents;LEGRAND;Électricité et régulation;Appareillage / armoire;Fiche technique;F01291FR-04.pdf;FOURNISEURS NON ADHERENTS MAIS FICHE TECHNIQUE OUF/LEGRAND;application/pdf;1225008;13xh9Ti0tuH1HdfCw_wy9kwr4oBp7X7YG;https://drive.google.com/file/d/13xh9Ti0tuH1HdfCw_wy9kwr4oBp7X7YG/view?usp=drivesdk
non_adherents;LEGRAND;Électricité et régulation;Appareillage / armoire;Fiche technique;F01317FR-01.pdf;FOURNISEURS NON ADHERENTS MAIS FICHE TECHNIQUE OUF/LEGRAND;application/pdf;392124;1RYNuaSnj52oeAfpob16YVE6BtL07XNXV;https://drive.google.com/file/d/1RYNuaSnj52oeAfpob16YVE6BtL07XNXV/view?usp=drivesdk
non_adherents;LEGRAND;Électricité et régulation;Appareillage / armoire;Fiche technique;F01325FR-06.pdf;FOURNISEURS NON ADHERENTS MAIS FICHE TECHNIQUE OUF/LEGRAND;application/pdf;339193;1IzDhXiTS1EDGhDMdOstwQpKGYL7QiBYJ;https://drive.google.com/file/d/1IzDhXiTS1EDGhDMdOstwQpKGYL7QiBYJ/view?usp=drivesdk
non_adherents;LEGRAND;Électricité et régulation;Appareillage / armoire;Fiche technique;F01360FR_09.pdf;FOURNISEURS NON ADHERENTS MAIS FICHE TECHNIQUE OUF/LEGRAND;application/pdf;5017871;1ws3wRKJca12s91_PVyBydozUd-H3hAyc;https://drive.google.com/file/d/1ws3wRKJca12s91_PVyBydozUd-H3hAyc/view?usp=drivesdk
non_adherents;LEGRAND;Électricité et régulation;Appareillage / armoire;Fiche technique;F01361FR_08.pdf;FOURNISEURS NON ADHERENTS MAIS FICHE TECHNIQUE OUF/LEGRAND;application/pdf;6029260;1c9pzGet9plB3lae3XzI3D2Hc7J0XlJ4x;https://drive.google.com/file/d/1c9pzGet9plB3lae3XzI3D2Hc7J0XlJ4x/view?usp=drivesdk
non_adherents;LEGRAND;Électricité et régulation;Appareillage / armoire;Fiche technique;F01364FR_09.pdf;FOURNISEURS NON ADHERENTS MAIS FICHE TECHNIQUE OUF/LEGRAND;application/pdf;2729468;1kYl7ZsbGhot3hwLvsYPFrBaDic2073Sq;https://drive.google.com/file/d/1kYl7ZsbGhot3hwLvsYPFrBaDic2073Sq/view?usp=drivesdk
non_adherents;LEGRAND;Électricité et régulation;Appareillage / armoire;Fiche technique;F01365FR_06.pdf;FOURNISEURS NON ADHERENTS MAIS FICHE TECHNIQUE OUF/LEGRAND;application/pdf;2987687;1dkMVnRBKyBOMaakn7Eq0OSxcaixFHIdR;https://drive.google.com/file/d/1dkMVnRBKyBOMaakn7Eq0OSxcaixFHIdR/view?usp=drivesdk
non_adherents;LEGRAND;Électricité et régulation;Appareillage / armoire;Fiche technique;F01811FR-02.pdf;FOURNISEURS NON ADHERENTS MAIS FICHE TECHNIQUE OUF/LEGRAND;application/pdf;3669071;1IQhRFvTyrrmlYHtd9_RDIVYhm7dQNA2H;https://drive.google.com/file/d/1IQhRFvTyrrmlYHtd9_RDIVYhm7dQNA2H/view?usp=drivesdk
non_adherents;LEGRAND;Électricité et régulation;Appareillage / armoire;Fiche technique;F01958FR_06.pdf;FOURNISEURS NON ADHERENTS MAIS FICHE TECHNIQUE OUF/LEGRAND;application/pdf;4672698;1Kt0U7UXgU1J4olc3d6Fp6se-tCbgRq4g;https://drive.google.com/file/d/1Kt0U7UXgU1J4olc3d6Fp6se-tCbgRq4g/view?usp=drivesdk
non_adherents;LEGRAND;Électricité et régulation;Appareillage / armoire;Fiche technique;F02385FR-02.pdf;FOURNISEURS NON ADHERENTS MAIS FICHE TECHNIQUE OUF/LEGRAND;application/pdf;3807972;1QmXuLKR_sJMoc76O6rfJzXfaD6Ys9SsS;https://drive.google.com/file/d/1QmXuLKR_sJMoc76O6rfJzXfaD6Ys9SsS/view?usp=drivesdk
non_adherents;LEGRAND;Électricité et régulation;Appareillage / armoire;Fiche technique;F02937FR-01.pdf;FOURNISEURS NON ADHERENTS MAIS FICHE TECHNIQUE OUF/LEGRAND;application/pdf;143329;1OMdin4UwuYpvx7NEnPta6DzWoUOdgim3;https://drive.google.com/file/d/1OMdin4UwuYpvx7NEnPta6DzWoUOdgim3/view?usp=drivesdk
non_adherents;LEGRAND;Électricité et régulation;Appareillage / armoire;Fiche technique;F03037FR-08.pdf;FOURNISEURS NON ADHERENTS MAIS FICHE TECHNIQUE OUF/LEGRAND;application/pdf;2973422;1shVaxeZPH3zxwxSCuWBpPXwTA7NEvgpU;https://drive.google.com/file/d/1shVaxeZPH3zxwxSCuWBpPXwTA7NEvgpU/view?usp=drivesdk
non_adherents;LEGRAND;Électricité et régulation;Appareillage / armoire;Fiche technique;F03322FR-00.pdf;FOURNISEURS NON ADHERENTS MAIS FICHE TECHNIQUE OUF/LEGRAND;application/pdf;131927;1I6pjTePXjhTNXKklO7JjNn3IOcV0JWX_;https://drive.google.com/file/d/1I6pjTePXjhTNXKklO7JjNn3IOcV0JWX_/view?usp=drivesdk
non_adherents;LEGRAND;Électricité et régulation;Appareillage / armoire;Fiche technique;F03595FR-01.pdf;FOURNISEURS NON ADHERENTS MAIS FICHE TECHNIQUE OUF/LEGRAND;application/pdf;1107757;1dTVCY5AIEojbtyUxJ4RZndvlI7I8opdu;https://drive.google.com/file/d/1dTVCY5AIEojbtyUxJ4RZndvlI7I8opdu/view?usp=drivesdk
non_adherents;LEGRAND;Électricité et régulation;Appareillage / armoire;Fiche technique;F04058FR_04.pdf;FOURNISEURS NON ADHERENTS MAIS FICHE TECHNIQUE OUF/LEGRAND;application/pdf;3547910;1zm2zH-OYgIRwHM73rnNP2lDa2hnagjxo;https://drive.google.com/file/d/1zm2zH-OYgIRwHM73rnNP2lDa2hnagjxo/view?usp=drivesdk
non_adherents;LEGRAND;Électricité et régulation;Appareillage / armoire;Fiche technique;F04448FR-01.pdf;FOURNISEURS NON ADHERENTS MAIS FICHE TECHNIQUE OUF/LEGRAND;application/pdf;1064402;15njvLDyLffwcafQ-uyKxvvVc_hkEjM4Y;https://drive.google.com/file/d/15njvLDyLffwcafQ-uyKxvvVc_hkEjM4Y/view?usp=drivesdk
non_adherents;LEGRAND;Électricité et régulation;Appareillage / armoire;Fiche technique;F9026DFR.pdf;FOURNISEURS NON ADHERENTS MAIS FICHE TECHNIQUE OUF/LEGRAND;application/pdf;224016;1Th1DFYlCYY-5aH90BZY9hcrw0cbfdSjW;https://drive.google.com/file/d/1Th1DFYlCYY-5aH90BZY9hcrw0cbfdSjW/view?usp=drivesdk
non_adherents;LEGRAND;Électricité et régulation;Appareillage / armoire;Fiche technique;FA047CFR_04.pdf;FOURNISEURS NON ADHERENTS MAIS FICHE TECHNIQUE OUF/LEGRAND;application/pdf;401197;1zvlslG0zVH43TzFoQ_FfzBCCqbpse6FL;https://drive.google.com/file/d/1zvlslG0zVH43TzFoQ_FfzBCCqbpse6FL/view?usp=drivesdk
non_adherents;LEGRAND;Électricité et régulation;Appareillage / armoire;Fiche technique;FT250_ELE_DIFF_FRv2.pdf;FOURNISEURS NON ADHERENTS MAIS FICHE TECHNIQUE OUF/LEGRAND;application/pdf;731892;1KbmntfWGaj56Etxt8gNe5yDbAKyWo2Iu;https://drive.google.com/file/d/1KbmntfWGaj56Etxt8gNe5yDbAKyWo2Iu/view?usp=drivesdk
non_adherents;LEGRAND;Électricité et régulation;Appareillage / armoire;Fiche technique;FT_250_AB_DIFF_FRv1.pdf;FOURNISEURS NON ADHERENTS MAIS FICHE TECHNIQUE OUF/LEGRAND;application/pdf;928764;1aBqLAoJCoooXWULo9I2ckt2Mtb01Q1Kh;https://drive.google.com/file/d/1aBqLAoJCoooXWULo9I2ckt2Mtb01Q1Kh/view?usp=drivesdk
non_adherents;LEGRAND;Électricité et régulation;Appareillage / armoire;Fiche technique;FT_250_ELE_-_FRv2.pdf;FOURNISEURS NON ADHERENTS MAIS FICHE TECHNIQUE OUF/LEGRAND;application/pdf;664289;1REEOG9x5r6uCs6eCW6nkVM5NQbimX5kg;https://drive.google.com/file/d/1REEOG9x5r6uCs6eCW6nkVM5NQbimX5kg/view?usp=drivesdk
non_adherents;LEGRAND;Électricité et régulation;Appareillage / armoire;Fiche technique;LE02783AA_2.pdf;FOURNISEURS NON ADHERENTS MAIS FICHE TECHNIQUE OUF/LEGRAND;application/pdf;1162445;1kD6WZ8ywuYqjZ0izegy1QPOgvekV5W_R;https://drive.google.com/file/d/1kD6WZ8ywuYqjZ0izegy1QPOgvekV5W_R/view?usp=drivesdk
non_adherents;LEGRAND;Électricité et régulation;Appareillage / armoire;Fiche technique;LE02784AA-03.pdf;FOURNISEURS NON ADHERENTS MAIS FICHE TECHNIQUE OUF/LEGRAND;application/pdf;770077;1Pps_E85NcSNkPQq8Ptb3XF7doPMDxWl0;https://drive.google.com/file/d/1Pps_E85NcSNkPQq8Ptb3XF7doPMDxWl0/view?usp=drivesdk
non_adherents;LEGRAND;Électricité et régulation;Appareillage / armoire;Fiche technique;LE04940AB.pdf;FOURNISEURS NON ADHERENTS MAIS FICHE TECHNIQUE OUF/LEGRAND;application/pdf;1979129;1bklKYTKIQ7fY01C2Y022_c2riSaRCXCn;https://drive.google.com/file/d/1bklKYTKIQ7fY01C2Y022_c2riSaRCXCn/view?usp=drivesdk
non_adherents;LEGRAND;Électricité et régulation;Appareillage / armoire;Fiche technique;LE05093AA_03.pdf;FOURNISEURS NON ADHERENTS MAIS FICHE TECHNIQUE OUF/LEGRAND;application/pdf;1038443;19xU67jwUH-ffMHQeGIR_n-KUytXfICzM;https://drive.google.com/file/d/19xU67jwUH-ffMHQeGIR_n-KUytXfICzM/view?usp=drivesdk
non_adherents;LEGRAND;Électricité et régulation;Appareillage / armoire;Fiche technique;LE06754AC.pdf;FOURNISEURS NON ADHERENTS MAIS FICHE TECHNIQUE OUF/LEGRAND;application/pdf;1131501;1jPn0q_ZM4fWKtDPomZOoYr2Vh0TBx7jO;https://drive.google.com/file/d/1jPn0q_ZM4fWKtDPomZOoYr2Vh0TBx7jO/view?usp=drivesdk
non_adherents;LEGRAND;Électricité et régulation;Appareillage / armoire;Fiche technique;LE06797AA_01.pdf;FOURNISEURS NON ADHERENTS MAIS FICHE TECHNIQUE OUF/LEGRAND;application/pdf;239943;1dQ2K7eE8ZCdbUlN8p0Xe7EY23RCUIKxK;https://drive.google.com/file/d/1dQ2K7eE8ZCdbUlN8p0Xe7EY23RCUIKxK/view?usp=drivesdk
non_adherents;LEGRAND;Électricité et régulation;Appareillage / armoire;Fiche technique;LE07103AD.pdf;FOURNISEURS NON ADHERENTS MAIS FICHE TECHNIQUE OUF/LEGRAND;application/pdf;1119383;1T5GcFo4ZertkubwsNq6SlrzI05OzpNm1;https://drive.google.com/file/d/1T5GcFo4ZertkubwsNq6SlrzI05OzpNm1/view?usp=drivesdk
non_adherents;LEGRAND;Électricité et régulation;Appareillage / armoire;Fiche technique;LE07119AD.pdf;FOURNISEURS NON ADHERENTS MAIS FICHE TECHNIQUE OUF/LEGRAND;application/pdf;2392797;1iH--EDiBJ2oBz47QHJ9i1c9h0p1pCyKv;https://drive.google.com/file/d/1iH--EDiBJ2oBz47QHJ9i1c9h0p1pCyKv/view?usp=drivesdk
non_adherents;LEGRAND;Électricité et régulation;Appareillage / armoire;Fiche technique;LE07158AC.pdf;FOURNISEURS NON ADHERENTS MAIS FICHE TECHNIQUE OUF/LEGRAND;application/pdf;1180324;1oeIV9dcRSB0_l6-veXiHozyWnoNByhMw;https://drive.google.com/file/d/1oeIV9dcRSB0_l6-veXiHozyWnoNByhMw/view?usp=drivesdk
non_adherents;LEGRAND;Électricité et régulation;Appareillage / armoire;Fiche technique;S000092510FR-04.pdf;FOURNISEURS NON ADHERENTS MAIS FICHE TECHNIQUE OUF/LEGRAND;application/pdf;795203;1H9L9EkORdyVbJGJpPTowz0eMkAjWjYfM;https://drive.google.com/file/d/1H9L9EkORdyVbJGJpPTowz0eMkAjWjYfM/view?usp=drivesdk
non_adherents;LEGRAND;Électricité et régulation;Appareillage / armoire;Fiche technique;Y4274F.pdf;FOURNISEURS NON ADHERENTS MAIS FICHE TECHNIQUE OUF/LEGRAND;application/pdf;2100518;1XWoaoFvAFadHG6JLbfHF4j5UqSyqbIb4;https://drive.google.com/file/d/1XWoaoFvAFadHG6JLbfHF4j5UqSyqbIb4/view?usp=drivesdk
non_adherents;LEGRAND;Électricité et régulation;Appareillage / armoire;Fiche technique;cm222600_0084.pdf;FOURNISEURS NON ADHERENTS MAIS FICHE TECHNIQUE OUF/LEGRAND;application/pdf;478946;1Yha77lDYI1jUJlUtZVK8eFceUtb2M2hM;https://drive.google.com/file/d/1Yha77lDYI1jUJlUtZVK8eFceUtb2M2hM/view?usp=drivesdk
non_adherents;LEGRAND;Électricité et régulation;Appareillage / armoire;Fiche technique;cm222600_0116.pdf;FOURNISEURS NON ADHERENTS MAIS FICHE TECHNIQUE OUF/LEGRAND;application/pdf;88685;1lz1flPwpE5cZuIkHDZuQgTBEkJ-Zv5Fp;https://drive.google.com/file/d/1lz1flPwpE5cZuIkHDZuQgTBEkJ-Zv5Fp/view?usp=drivesdk
non_adherents;LEGRAND;Électricité et régulation;Appareillage / armoire;Fiche technique;cm222600_0120-0121ab.pdf;FOURNISEURS NON ADHERENTS MAIS FICHE TECHNIQUE OUF/LEGRAND;application/pdf;708205;1RgteeFVFKe7rqIJ2XLWEsfqtktgHTA1x;https://drive.google.com/file/d/1RgteeFVFKe7rqIJ2XLWEsfqtktgHTA1x/view?usp=drivesdk
non_adherents;LEGRAND;Électricité et régulation;Appareillage / armoire;Fiche technique;cm222600_0138.pdf;FOURNISEURS NON ADHERENTS MAIS FICHE TECHNIQUE OUF/LEGRAND;application/pdf;69238;1zuuOtBczbV0EZ7a9T4IbZaUIYsTUh2K9;https://drive.google.com/file/d/1zuuOtBczbV0EZ7a9T4IbZaUIYsTUh2K9/view?usp=drivesdk
non_adherents;LEGRAND;Électricité et régulation;Appareillage / armoire;Fiche technique;cm222600_0142.pdf;FOURNISEURS NON ADHERENTS MAIS FICHE TECHNIQUE OUF/LEGRAND;application/pdf;77502;1HvDp-VrY66IRZh9yNcn4bQszwfOQETq9;https://drive.google.com/file/d/1HvDp-VrY66IRZh9yNcn4bQszwfOQETq9/view?usp=drivesdk
non_adherents;LEGRAND;Électricité et régulation;Appareillage / armoire;Fiche technique;cm222600_0270.pdf;FOURNISEURS NON ADHERENTS MAIS FICHE TECHNIQUE OUF/LEGRAND;application/pdf;46125;1yHcwEEoWYG4nhOMrfPpmd8htbz7yRHMs;https://drive.google.com/file/d/1yHcwEEoWYG4nhOMrfPpmd8htbz7yRHMs/view?usp=drivesdk
non_adherents;LEGRAND;Électricité et régulation;Appareillage / armoire;Fiche technique;cm222600_0285-0286a.pdf;FOURNISEURS NON ADHERENTS MAIS FICHE TECHNIQUE OUF/LEGRAND;application/pdf;354773;1jY_MVsP2IPuRQvIqauNo1sRzx6xdxll5;https://drive.google.com/file/d/1jY_MVsP2IPuRQvIqauNo1sRzx6xdxll5/view?usp=drivesdk
non_adherents;LEGRAND;Électricité et régulation;Appareillage / armoire;Fiche technique;cm222600_0285-0286b.pdf;FOURNISEURS NON ADHERENTS MAIS FICHE TECHNIQUE OUF/LEGRAND;application/pdf;83649;1JNhX9THZQpSFrVLLanTsqFUkSwbQgZaF;https://drive.google.com/file/d/1JNhX9THZQpSFrVLLanTsqFUkSwbQgZaF/view?usp=drivesdk
non_adherents;LEGRAND;Électricité et régulation;Appareillage / armoire;Fiche technique;cm222600_0285-0286c.pdf;FOURNISEURS NON ADHERENTS MAIS FICHE TECHNIQUE OUF/LEGRAND;application/pdf;57300;1fD4o2jvPZJOEuR4aF-aLRu0m-Ih3xecb;https://drive.google.com/file/d/1fD4o2jvPZJOEuR4aF-aLRu0m-Ih3xecb/view?usp=drivesdk
non_adherents;LEGRAND;Électricité et régulation;Appareillage / armoire;Fiche technique;cm222600_0351.pdf;FOURNISEURS NON ADHERENTS MAIS FICHE TECHNIQUE OUF/LEGRAND;application/pdf;807851;1ovc-s84Jd_F_xIUPYHHtAU_QB3Z8Ce9m;https://drive.google.com/file/d/1ovc-s84Jd_F_xIUPYHHtAU_QB3Z8Ce9m/view?usp=drivesdk
non_adherents;LEGRAND;Électricité et régulation;Appareillage / armoire;Fiche technique;cm222600_0375.pdf;FOURNISEURS NON ADHERENTS MAIS FICHE TECHNIQUE OUF/LEGRAND;application/pdf;219508;1ffYTheVOjkMihLtik-MlpsZsCk_U1s8K;https://drive.google.com/file/d/1ffYTheVOjkMihLtik-MlpsZsCk_U1s8K/view?usp=drivesdk
non_adherents;LEGRAND;Électricité et régulation;Appareillage / armoire;Fiche technique;cm222600_0387a0389a.pdf;FOURNISEURS NON ADHERENTS MAIS FICHE TECHNIQUE OUF/LEGRAND;application/pdf;238427;1WK82e7j40Z0TDCR_wm3QT-LuTeCIb9bZ;https://drive.google.com/file/d/1WK82e7j40Z0TDCR_wm3QT-LuTeCIb9bZ/view?usp=drivesdk
non_adherents;LEGRAND;Électricité et régulation;Appareillage / armoire;Fiche technique;cm222600_0390-0400a.pdf;FOURNISEURS NON ADHERENTS MAIS FICHE TECHNIQUE OUF/LEGRAND;application/pdf;109621;1147xCqoumt7PVpGD8ItZTR4H6Ie_AACt;https://drive.google.com/file/d/1147xCqoumt7PVpGD8ItZTR4H6Ie_AACt/view?usp=drivesdk
non_adherents;LEGRAND;Électricité et régulation;Appareillage / armoire;Fiche technique;cm222600_0395a0397a.pdf;FOURNISEURS NON ADHERENTS MAIS FICHE TECHNIQUE OUF/LEGRAND;application/pdf;148715;1ss1spGklZ6uB5hMHvjz3_idWNjbDpL65;https://drive.google.com/file/d/1ss1spGklZ6uB5hMHvjz3_idWNjbDpL65/view?usp=drivesdk
non_adherents;LEGRAND;Électricité et régulation;Appareillage / armoire;Fiche technique;cm222600_0402.pdf;FOURNISEURS NON ADHERENTS MAIS FICHE TECHNIQUE OUF/LEGRAND;application/pdf;86543;1lyl8_3ezZ3jDo7a_5ZJrgQ2EeHJlmeeG;https://drive.google.com/file/d/1lyl8_3ezZ3jDo7a_5ZJrgQ2EeHJlmeeG/view?usp=drivesdk
non_adherents;LEGRAND;Électricité et régulation;Appareillage / armoire;Fiche technique;cm222600_0468.pdf;FOURNISEURS NON ADHERENTS MAIS FICHE TECHNIQUE OUF/LEGRAND;application/pdf;409354;1bz6Vz9mnWcwKNpadDdvo5Ok5Dd_ldK2l;https://drive.google.com/file/d/1bz6Vz9mnWcwKNpadDdvo5Ok5Dd_ldK2l/view?usp=drivesdk
non_adherents;LEGRAND;Électricité et régulation;Appareillage / armoire;Fiche technique;cm222600_0483.pdf;FOURNISEURS NON ADHERENTS MAIS FICHE TECHNIQUE OUF/LEGRAND;application/pdf;494248;1_PXp7FPza1d6bVPJGPg_ljd9cIrVkMKn;https://drive.google.com/file/d/1_PXp7FPza1d6bVPJGPg_ljd9cIrVkMKn/view?usp=drivesdk
non_adherents;LEGRAND;Électricité et régulation;Appareillage / armoire;Fiche technique;cm222600_0509.pdf;FOURNISEURS NON ADHERENTS MAIS FICHE TECHNIQUE OUF/LEGRAND;application/pdf;2285709;1H5zKFbGf-wUbjv0zf0fXi1bANtskjHN8;https://drive.google.com/file/d/1H5zKFbGf-wUbjv0zf0fXi1bANtskjHN8/view?usp=drivesdk
non_adherents;LEGRAND;Électricité et régulation;Appareillage / armoire;Fiche technique;cm222600_0511.pdf;FOURNISEURS NON ADHERENTS MAIS FICHE TECHNIQUE OUF/LEGRAND;application/pdf;1962335;1P9b8Gi367KnXVo6wQzbmY1KNq63RhzGo;https://drive.google.com/file/d/1P9b8Gi367KnXVo6wQzbmY1KNq63RhzGo/view?usp=drivesdk
non_adherents;LEGRAND;Électricité et régulation;Appareillage / armoire;Fiche technique;cm222600_0520.pdf;FOURNISEURS NON ADHERENTS MAIS FICHE TECHNIQUE OUF/LEGRAND;application/pdf;411472;1xgWG1QRVrglWhDcAR-RW63THUSA-Rk_Y;https://drive.google.com/file/d/1xgWG1QRVrglWhDcAR-RW63THUSA-Rk_Y/view?usp=drivesdk
non_adherents;LEGRAND;Électricité et régulation;Appareillage / armoire;Fiche technique;cm222600_0528a0532-0536a0543a.pdf;FOURNISEURS NON ADHERENTS MAIS FICHE TECHNIQUE OUF/LEGRAND;application/pdf;173632;19d7oSWBaIaEVIS4blf_ybSWK-OvXsjG2;https://drive.google.com/file/d/19d7oSWBaIaEVIS4blf_ybSWK-OvXsjG2/view?usp=drivesdk
non_adherents;LEGRAND;Électricité et régulation;Appareillage / armoire;Fiche technique;f00185fr_06.pdf;FOURNISEURS NON ADHERENTS MAIS FICHE TECHNIQUE OUF/LEGRAND;application/pdf;310361;1x1NMWuawQRbqYu8cUdAMBnuxmd-UAtTw;https://drive.google.com/file/d/1x1NMWuawQRbqYu8cUdAMBnuxmd-UAtTw/view?usp=drivesdk
non_adherents;LEGRAND;Électricité et régulation;Appareillage / armoire;Fiche technique;f9008ffr.pdf;FOURNISEURS NON ADHERENTS MAIS FICHE TECHNIQUE OUF/LEGRAND;application/pdf;65311;1gowL7wXYFmfJ0BnHvgmp9QyKr_P__XG3;https://drive.google.com/file/d/1gowL7wXYFmfJ0BnHvgmp9QyKr_P__XG3/view?usp=drivesdk
non_adherents;NETAFIM;Aspersion;Asperseur;Fiche technique;coolnet-pro.pdf;FOURNISEURS NON ADHERENTS MAIS FICHE TECHNIQUE OUF/NETAFIM/netafim-asperseurs-micro-asperseurs;application/pdf;155197;1phd58fJWKbMQhuuALA2hpcRIxsvHf1g8;https://drive.google.com/file/d/1phd58fJWKbMQhuuALA2hpcRIxsvHf1g8/view?usp=drivesdk
non_adherents;NETAFIM;Aspersion;Asperseur;Fiche technique;dispositifs-meganet.pdf;FOURNISEURS NON ADHERENTS MAIS FICHE TECHNIQUE OUF/NETAFIM/netafim-asperseurs-micro-asperseurs;application/pdf;6341738;16rmnYdJp40NslHLpOftBVfbdBhkD3KoV;https://drive.google.com/file/d/16rmnYdJp40NslHLpOftBVfbdBhkD3KoV/view?usp=drivesdk
non_adherents;NETAFIM;Aspersion;Asperseur;Fiche technique;dnet-6550.pdf;FOURNISEURS NON ADHERENTS MAIS FICHE TECHNIQUE OUF/NETAFIM/netafim-asperseurs-micro-asperseurs;application/pdf;321641;1cCSzZ9J3ERZ0d8c8cU11nrc0N3nRSa0Z;https://drive.google.com/file/d/1cCSzZ9J3ERZ0d8c8cU11nrc0N3nRSa0Z/view?usp=drivesdk
non_adherents;NETAFIM;Aspersion;Asperseur;Fiche technique;dnet-8550-aa.pdf;FOURNISEURS NON ADHERENTS MAIS FICHE TECHNIQUE OUF/NETAFIM/netafim-asperseurs-micro-asperseurs;application/pdf;862637;1F6V4Ik75RdBXLlVGEuSS7755J68nS22m;https://drive.google.com/file/d/1F6V4Ik75RdBXLlVGEuSS7755J68nS22m/view?usp=drivesdk
non_adherents;NETAFIM;Aspersion;Asperseur;Fiche technique;dnet-8550.pdf;FOURNISEURS NON ADHERENTS MAIS FICHE TECHNIQUE OUF/NETAFIM/netafim-asperseurs-micro-asperseurs;application/pdf;1635036;1BSDx0ZOMxqV2vGa9fvY0RN5UlIp0eN2O;https://drive.google.com/file/d/1BSDx0ZOMxqV2vGa9fvY0RN5UlIp0eN2O/view?usp=drivesdk
non_adherents;NETAFIM;Aspersion;Asperseur;Fiche technique;dnet-9575-aa.pdf;FOURNISEURS NON ADHERENTS MAIS FICHE TECHNIQUE OUF/NETAFIM/netafim-asperseurs-micro-asperseurs;application/pdf;332970;198076d7njnMrnxCYMPN_zi4vS_aJrpqC;https://drive.google.com/file/d/198076d7njnMrnxCYMPN_zi4vS_aJrpqC/view?usp=drivesdk
non_adherents;NETAFIM;Aspersion;Asperseur;Fiche technique;dnet-9575.pdf;FOURNISEURS NON ADHERENTS MAIS FICHE TECHNIQUE OUF/NETAFIM/netafim-asperseurs-micro-asperseurs;application/pdf;799524;1S9rgliTsuA-pBMvqFK4KxepYvTxLIpFx;https://drive.google.com/file/d/1S9rgliTsuA-pBMvqFK4KxepYvTxLIpFx/view?usp=drivesdk
non_adherents;NETAFIM;Aspersion;Asperseur;Fiche technique;gyronet-jet.pdf;FOURNISEURS NON ADHERENTS MAIS FICHE TECHNIQUE OUF/NETAFIM/netafim-asperseurs-micro-asperseurs;application/pdf;859832;1ezdeJ0p00l0vnOwK3uCjtwFu0rxFI9WX;https://drive.google.com/file/d/1ezdeJ0p00l0vnOwK3uCjtwFu0rxFI9WX/view?usp=drivesdk
non_adherents;NETAFIM;Aspersion;Asperseur;Fiche technique;gyronet-lr-lrd.pdf;FOURNISEURS NON ADHERENTS MAIS FICHE TECHNIQUE OUF/NETAFIM/netafim-asperseurs-micro-asperseurs;application/pdf;712096;1W5VfqKwZx4IPRgZUunl2YSqRcQmw4WEV;https://drive.google.com/file/d/1W5VfqKwZx4IPRgZUunl2YSqRcQmw4WEV/view?usp=drivesdk
non_adherents;NETAFIM;Aspersion;Asperseur;Fiche technique;gyronet-mr-mrd.pdf;FOURNISEURS NON ADHERENTS MAIS FICHE TECHNIQUE OUF/NETAFIM/netafim-asperseurs-micro-asperseurs;application/pdf;688342;1Fwu8ae6jMjwynh75FmwJfVHX2MW6N7OW;https://drive.google.com/file/d/1Fwu8ae6jMjwynh75FmwJfVHX2MW6N7OW/view?usp=drivesdk
non_adherents;NETAFIM;Aspersion;Asperseur;Fiche technique;gyronet-sr-srd.pdf;FOURNISEURS NON ADHERENTS MAIS FICHE TECHNIQUE OUF/NETAFIM/netafim-asperseurs-micro-asperseurs;application/pdf;808267;1p3YXQzEdb-jH2xF6Y4wzDQml0x8BpNL8;https://drive.google.com/file/d/1p3YXQzEdb-jH2xF6Y4wzDQml0x8BpNL8/view?usp=drivesdk
non_adherents;NETAFIM;Aspersion;Asperseur;Fiche technique;gyronet-turbo.pdf;FOURNISEURS NON ADHERENTS MAIS FICHE TECHNIQUE OUF/NETAFIM/netafim-asperseurs-micro-asperseurs;application/pdf;976481;12wTLl3eEKGpC7iUeBNtoP0HCuEAtmocT;https://drive.google.com/file/d/12wTLl3eEKGpC7iUeBNtoP0HCuEAtmocT/view?usp=drivesdk
non_adherents;NETAFIM;Aspersion;Asperseur;Fiche technique;gyronet-ud.pdf;FOURNISEURS NON ADHERENTS MAIS FICHE TECHNIQUE OUF/NETAFIM/netafim-asperseurs-micro-asperseurs;application/pdf;778347;1op7fGHCHSXWEdXgAyMPZR52gBZ54rpXz;https://drive.google.com/file/d/1op7fGHCHSXWEdXgAyMPZR52gBZ54rpXz/view?usp=drivesdk
non_adherents;NETAFIM;Aspersion;Asperseur;Fiche technique;meganet-15d.pdf;FOURNISEURS NON ADHERENTS MAIS FICHE TECHNIQUE OUF/NETAFIM/netafim-asperseurs-micro-asperseurs;application/pdf;868867;1vSEfEqMEcvPu2wmW0TPYaeLQciw_qRdD;https://drive.google.com/file/d/1vSEfEqMEcvPu2wmW0TPYaeLQciw_qRdD/view?usp=drivesdk
non_adherents;NETAFIM;Aspersion;Asperseur;Fiche technique;meganet-24d.pdf;FOURNISEURS NON ADHERENTS MAIS FICHE TECHNIQUE OUF/NETAFIM/netafim-asperseurs-micro-asperseurs;application/pdf;3875698;1SphqPyxe-b5IYipNAz7SSBLmlhRtDgkn;https://drive.google.com/file/d/1SphqPyxe-b5IYipNAz7SSBLmlhRtDgkn/view?usp=drivesdk
non_adherents;NETAFIM;Aspersion;Asperseur;Fiche technique;pulsar-coolnet-pro.pdf;FOURNISEURS NON ADHERENTS MAIS FICHE TECHNIQUE OUF/NETAFIM/netafim-asperseurs-micro-asperseurs;application/pdf;693550;13qoWP-Lx7lJn3HOn8XVEc-MqKjghbIy3;https://drive.google.com/file/d/13qoWP-Lx7lJn3HOn8XVEc-MqKjghbIy3/view?usp=drivesdk
non_adherents;NETAFIM;Aspersion;Asperseur;Fiche technique;pulsar-gyronet.pdf;FOURNISEURS NON ADHERENTS MAIS FICHE TECHNIQUE OUF/NETAFIM/netafim-asperseurs-micro-asperseurs;application/pdf;847077;1LPap-QY_HeZ-uGsZEgrdA3Pkbym8lHPD;https://drive.google.com/file/d/1LPap-QY_HeZ-uGsZEgrdA3Pkbym8lHPD/view?usp=drivesdk
non_adherents;NETAFIM;Aspersion;Asperseur;Fiche technique;pulsar-mistnet.pdf;FOURNISEURS NON ADHERENTS MAIS FICHE TECHNIQUE OUF/NETAFIM/netafim-asperseurs-micro-asperseurs;application/pdf;723576;1twcCZg-v5NjooLRX-8KbFsS_tkNlLmu4;https://drive.google.com/file/d/1twcCZg-v5NjooLRX-8KbFsS_tkNlLmu4/view?usp=drivesdk
non_adherents;NETAFIM;Aspersion;Asperseur;Fiche technique;pulsar-stripnet.pdf;FOURNISEURS NON ADHERENTS MAIS FICHE TECHNIQUE OUF/NETAFIM/netafim-asperseurs-micro-asperseurs;application/pdf;732713;1NPOLekZvHpKmukPagZf8UtZUFp63mv2Z;https://drive.google.com/file/d/1NPOLekZvHpKmukPagZf8UtZUFp63mv2Z/view?usp=drivesdk
non_adherents;NETAFIM;Aspersion;Asperseur;Fiche technique;pulsar-vibronet.pdf;FOURNISEURS NON ADHERENTS MAIS FICHE TECHNIQUE OUF/NETAFIM/netafim-asperseurs-micro-asperseurs;application/pdf;692595;1ANdzZTY5kUba841XKtNPWfkbDto5qV0w;https://drive.google.com/file/d/1ANdzZTY5kUba841XKtNPWfkbDto5qV0w/view?usp=drivesdk
non_adherents;NETAFIM;Aspersion;Asperseur;Fiche technique;spinnet-sd.pdf;FOURNISEURS NON ADHERENTS MAIS FICHE TECHNIQUE OUF/NETAFIM/netafim-asperseurs-micro-asperseurs;application/pdf;786623;1clBxGMU48bZ_cCYPWiGPbtJauXeIeC2r;https://drive.google.com/file/d/1clBxGMU48bZ_cCYPWiGPbtJauXeIeC2r/view?usp=drivesdk
non_adherents;NETAFIM;Aspersion;Asperseur;Fiche technique;spinnet.pdf;FOURNISEURS NON ADHERENTS MAIS FICHE TECHNIQUE OUF/NETAFIM/netafim-asperseurs-micro-asperseurs;application/pdf;763780;1lvkUF3JDFJ4GdPkXPvhWuZuH1UG5BDOy;https://drive.google.com/file/d/1lvkUF3JDFJ4GdPkXPvhWuZuH1UG5BDOy/view?usp=drivesdk
non_adherents;NETAFIM;Aspersion;Asperseur;Fiche technique;supernet-gs.pdf;FOURNISEURS NON ADHERENTS MAIS FICHE TECHNIQUE OUF/NETAFIM/netafim-asperseurs-micro-asperseurs;application/pdf;691776;1NCmUYLqbs_lUeHxlvbM1qVUDdXyORggv;https://drive.google.com/file/d/1NCmUYLqbs_lUeHxlvbM1qVUDdXyORggv/view?usp=drivesdk
non_adherents;NETAFIM;Aspersion;Asperseur;Fiche technique;supernet-jet.pdf;FOURNISEURS NON ADHERENTS MAIS FICHE TECHNIQUE OUF/NETAFIM/netafim-asperseurs-micro-asperseurs;application/pdf;920044;1LuqORQmv_v8cu7XRY7nwUaD1PYf2I3gn;https://drive.google.com/file/d/1LuqORQmv_v8cu7XRY7nwUaD1PYf2I3gn/view?usp=drivesdk
non_adherents;NETAFIM;Aspersion;Asperseur;Fiche technique;supernet-lr-lrd.pdf;FOURNISEURS NON ADHERENTS MAIS FICHE TECHNIQUE OUF/NETAFIM/netafim-asperseurs-micro-asperseurs;application/pdf;813137;1w91qrWVAxEOtHfbg5E30EUOq60y3OS5J;https://drive.google.com/file/d/1w91qrWVAxEOtHfbg5E30EUOq60y3OS5J/view?usp=drivesdk
non_adherents;NETAFIM;Aspersion;Asperseur;Fiche technique;supernet-mr-mrd.pdf;FOURNISEURS NON ADHERENTS MAIS FICHE TECHNIQUE OUF/NETAFIM/netafim-asperseurs-micro-asperseurs;application/pdf;680065;187bykd6_1rJ7Xi0-UiWwnRHYpx5zmQ5m;https://drive.google.com/file/d/187bykd6_1rJ7Xi0-UiWwnRHYpx5zmQ5m/view?usp=drivesdk
non_adherents;NETAFIM;Aspersion;Asperseur;Fiche technique;supernet-sr-srd.pdf;FOURNISEURS NON ADHERENTS MAIS FICHE TECHNIQUE OUF/NETAFIM/netafim-asperseurs-micro-asperseurs;application/pdf;787271;1t4bctU0bgOT-9dylnukg3APgZ1EGHO7W;https://drive.google.com/file/d/1t4bctU0bgOT-9dylnukg3APgZ1EGHO7W/view?usp=drivesdk
non_adherents;NETAFIM;Aspersion;Asperseur;Fiche technique;supernet-ssr.pdf;FOURNISEURS NON ADHERENTS MAIS FICHE TECHNIQUE OUF/NETAFIM/netafim-asperseurs-micro-asperseurs;application/pdf;710510;1KM24Y2MACyxDfDVpdDssQPtINp4Gn0AG;https://drive.google.com/file/d/1KM24Y2MACyxDfDVpdDssQPtINp4Gn0AG/view?usp=drivesdk
non_adherents;NETAFIM;Aspersion;Asperseur;Fiche technique;supernet-ud.pdf;FOURNISEURS NON ADHERENTS MAIS FICHE TECHNIQUE OUF/NETAFIM/netafim-asperseurs-micro-asperseurs;application/pdf;783967;1DBCc68_Iilsh9X7HukxVzwCFqC6ZhUFL;https://drive.google.com/file/d/1DBCc68_Iilsh9X7HukxVzwCFqC6ZhUFL/view?usp=drivesdk
non_adherents;NETAFIM;Tuyaux et raccords (réseau);Mesure;Fiche technique;compteurs-multijet-woltman.pdf;FOURNISEURS NON ADHERENTS MAIS FICHE TECHNIQUE OUF/NETAFIM/netafim-compteurs-d-eau;application/pdf;461304;1tZNT7ghUbq_XdBThDVRdUYD9_jdleGmL;https://drive.google.com/file/d/1tZNT7ghUbq_XdBThDVRdUYD9_jdleGmL/view?usp=drivesdk
non_adherents;NETAFIM;Tuyaux et raccords (réseau);Mesure;Fiche technique;compteurs-tangentiels.pdf;FOURNISEURS NON ADHERENTS MAIS FICHE TECHNIQUE OUF/NETAFIM/netafim-compteurs-d-eau;application/pdf;235863;1MPji1LJ0hwnyHP3e9ilcX-pzwUsDtwQM;https://drive.google.com/file/d/1MPji1LJ0hwnyHP3e9ilcX-pzwUsDtwQM/view?usp=drivesdk
non_adherents;NETAFIM;Tuyaux et raccords (réseau);Mesure;Fiche technique;compteurs-ultrason.pdf;FOURNISEURS NON ADHERENTS MAIS FICHE TECHNIQUE OUF/NETAFIM/netafim-compteurs-d-eau;application/pdf;382160;1ZCjo_ThfgmPbfvVeFdH3Y3kkWvNJO5ZR;https://drive.google.com/file/d/1ZCjo_ThfgmPbfvVeFdH3Y3kkWvNJO5ZR/view?usp=drivesdk
non_adherents;NETAFIM;Traitement de l’eau / fertigation;Injection / dosage / traitement;Manuel / notice;ec-ph-4g---manuel-installation.pdf;FOURNISEURS NON ADHERENTS MAIS FICHE TECHNIQUE OUF/NETAFIM/netafim-fertirrigation;application/pdf;5190170;1eeBOmrjebrOXu3_yRgVCfKtiwJSVKwRj;https://drive.google.com/file/d/1eeBOmrjebrOXu3_yRgVCfKtiwJSVKwRj/view?usp=drivesdk
non_adherents;NETAFIM;Traitement de l’eau / fertigation;Injection / dosage / traitement;Manuel / notice;fertikit-3g---manuel-installation.pdf;FOURNISEURS NON ADHERENTS MAIS FICHE TECHNIQUE OUF/NETAFIM/netafim-fertirrigation;application/pdf;4502898;1a4q-KkujsVPBLfBlEs_X9CxarZgmcLJ1;https://drive.google.com/file/d/1a4q-KkujsVPBLfBlEs_X9CxarZgmcLJ1/view?usp=drivesdk
non_adherents;NETAFIM;Traitement de l’eau / fertigation;Injection / dosage / traitement;Manuel / notice;fertikit-3g---tableau-de-commande---manuel-utilisateur.pdf;FOURNISEURS NON ADHERENTS MAIS FICHE TECHNIQUE OUF/NETAFIM/netafim-fertirrigation;application/pdf;1404344;1mZcZrmlD3GO13SKRqYqZYR8zoIsUvIYW;https://drive.google.com/file/d/1mZcZrmlD3GO13SKRqYqZYR8zoIsUvIYW/view?usp=drivesdk
non_adherents;NETAFIM;Traitement de l’eau / fertigation;Injection / dosage / traitement;Fiche technique;fertikit-3g-checklist-conditions-hydrauliques.pdf;FOURNISEURS NON ADHERENTS MAIS FICHE TECHNIQUE OUF/NETAFIM/netafim-fertirrigation;application/pdf;49087;1zGV4wkusI4Ww4nn1jPzi25nlts3MK51M;https://drive.google.com/file/d/1zGV4wkusI4Ww4nn1jPzi25nlts3MK51M/view?usp=drivesdk
non_adherents;NETAFIM;Traitement de l’eau / fertigation;Injection / dosage / traitement;Fiche technique;fertikit-3g-pb.pdf;FOURNISEURS NON ADHERENTS MAIS FICHE TECHNIQUE OUF/NETAFIM/netafim-fertirrigation;application/pdf;3256723;1XtzU_wmldp84dedafHMaLqo4RrDiivXM;https://drive.google.com/file/d/1XtzU_wmldp84dedafHMaLqo4RrDiivXM/view?usp=drivesdk
non_adherents;NETAFIM;Traitement de l’eau / fertigation;Injection / dosage / traitement;Fiche technique;fertikit-3g-pd.pdf;FOURNISEURS NON ADHERENTS MAIS FICHE TECHNIQUE OUF/NETAFIM/netafim-fertirrigation;application/pdf;3201260;1D4BNYn_a9vMXtMAHNsIx0iDK8I3pUNfI;https://drive.google.com/file/d/1D4BNYn_a9vMXtMAHNsIx0iDK8I3pUNfI/view?usp=drivesdk
non_adherents;NETAFIM;Traitement de l’eau / fertigation;Injection / dosage / traitement;Fiche technique;fertikit-3g-pl-inline-fr.pdf;FOURNISEURS NON ADHERENTS MAIS FICHE TECHNIQUE OUF/NETAFIM/netafim-fertirrigation;application/pdf;257214;1ijXE5JFiFrL_UVSNrbIofDOhfQxvJVbt;https://drive.google.com/file/d/1ijXE5JFiFrL_UVSNrbIofDOhfQxvJVbt/view?usp=drivesdk
non_adherents;NETAFIM;Traitement de l’eau / fertigation;Injection / dosage / traitement;Fiche technique;fertikit-3g-pl.pdf;FOURNISEURS NON ADHERENTS MAIS FICHE TECHNIQUE OUF/NETAFIM/netafim-fertirrigation;application/pdf;3257903;1QdtsbgC94ACDdBR093s0p-gXOZaOUTX8;https://drive.google.com/file/d/1QdtsbgC94ACDdBR093s0p-gXOZaOUTX8/view?usp=drivesdk
non_adherents;NETAFIM;Traitement de l’eau / fertigation;Injection / dosage / traitement;Fiche technique;fertikit-5g-il-gs-fr.pdf;FOURNISEURS NON ADHERENTS MAIS FICHE TECHNIQUE OUF/NETAFIM/netafim-fertirrigation;application/pdf;1273731;1H50h3gztbV_yndhXYHtl2RWKB8JVo-x1;https://drive.google.com/file/d/1H50h3gztbV_yndhXYHtl2RWKB8JVo-x1/view?usp=drivesdk
non_adherents;NETAFIM;Traitement de l’eau / fertigation;Injection / dosage / traitement;Fiche technique;fertikit-5g-pl-gs-fr.pdf;FOURNISEURS NON ADHERENTS MAIS FICHE TECHNIQUE OUF/NETAFIM/netafim-fertirrigation;application/pdf;1429829;1pExAGonuzGPFa1O-UVV-f_p47m9OAOVh;https://drive.google.com/file/d/1pExAGonuzGPFa1O-UVV-f_p47m9OAOVh/view?usp=drivesdk
non_adherents;NETAFIM;Traitement de l’eau / fertigation;Injection / dosage / traitement;Fiche technique;fertikit-ms-fr.pdf;FOURNISEURS NON ADHERENTS MAIS FICHE TECHNIQUE OUF/NETAFIM/netafim-fertirrigation;application/pdf;261573;1qOSVPA7JRY7cVUwXHiQpJdrz7mQWKjZj;https://drive.google.com/file/d/1qOSVPA7JRY7cVUwXHiQpJdrz7mQWKjZj/view?usp=drivesdk
non_adherents;NETAFIM;Traitement de l’eau / fertigation;Injection / dosage / traitement;Fiche technique;fertione-fr.pdf;FOURNISEURS NON ADHERENTS MAIS FICHE TECHNIQUE OUF/NETAFIM/netafim-fertirrigation;application/pdf;1008266;1RDA0lb89AW5_yhuKRiwXkLZpcyRI8sJJ;https://drive.google.com/file/d/1RDA0lb89AW5_yhuKRiwXkLZpcyRI8sJJ/view?usp=drivesdk
non_adherents;NETAFIM;Pivots et rampes;Pivot / rampe;Fiche technique;fertione-pour-pivot.pdf;FOURNISEURS NON ADHERENTS MAIS FICHE TECHNIQUE OUF/NETAFIM/netafim-fertirrigation;application/pdf;1307574;13JLikQrACwVRcqwQRGArNrdC3I2tWkXA;https://drive.google.com/file/d/13JLikQrACwVRcqwQRGArNrdC3I2tWkXA/view?usp=drivesdk
non_adherents;NETAFIM;Traitement de l’eau / fertigation;Injection / dosage / traitement;Fiche technique;netajet-4g-product-sheet.pdf;FOURNISEURS NON ADHERENTS MAIS FICHE TECHNIQUE OUF/NETAFIM/netafim-fertirrigation;application/pdf;1588567;1iJ_7dn7uIFyTOwZ3HMbetdxpQClaSW3Q;https://drive.google.com/file/d/1iJ_7dn7uIFyTOwZ3HMbetdxpQClaSW3Q/view?usp=drivesdk
non_adherents;NETAFIM;Traitement de l’eau / fertigation;Injection / dosage / traitement;Manuel / notice;netajet-inst.-manual.pdf;FOURNISEURS NON ADHERENTS MAIS FICHE TECHNIQUE OUF/NETAFIM/netafim-fertirrigation;application/pdf;14405248;1ZlN_yuQw7aHBAIgZ0T-BCsrCWdebLKTq;https://drive.google.com/file/d/1ZlN_yuQw7aHBAIgZ0T-BCsrCWdebLKTq/view?usp=drivesdk
non_adherents;NETAFIM;Traitement de l’eau / fertigation;Injection / dosage / traitement;Manuel / notice;netajet-user-manual.pdf;FOURNISEURS NON ADHERENTS MAIS FICHE TECHNIQUE OUF/NETAFIM/netafim-fertirrigation;application/pdf;12861960;1H4BIa8uSVT0GeHPf4bMSomyB14rRAP1X;https://drive.google.com/file/d/1H4BIa8uSVT0GeHPf4bMSomyB14rRAP1X/view?usp=drivesdk
non_adherents;NETAFIM;Filtration;Filtre;Fiche technique;alphadisc-cld-user-guide-fr.pdf;FOURNISEURS NON ADHERENTS MAIS FICHE TECHNIQUE OUF/NETAFIM/netafim-filtres;application/pdf;1758101;1a86aylj7ncqno911cjRL-HcQJd_KXey7;https://drive.google.com/file/d/1a86aylj7ncqno911cjRL-HcQJd_KXey7/view?usp=drivesdk
non_adherents;NETAFIM;Filtration;Filtre;Fiche technique;alphadisc-cld-user-guide_fr_02.pdf;FOURNISEURS NON ADHERENTS MAIS FICHE TECHNIQUE OUF/NETAFIM/netafim-filtres;application/pdf;349359;1efmEXnZFLpYUNcmY9IyYDlIWTIg_i16L;https://drive.google.com/file/d/1efmEXnZFLpYUNcmY9IyYDlIWTIg_i16L/view?usp=drivesdk
non_adherents;NETAFIM;Filtration;Filtre;Fiche technique;alphadisc-filters-user-guide-fr.pdf;FOURNISEURS NON ADHERENTS MAIS FICHE TECHNIQUE OUF/NETAFIM/netafim-filtres;application/pdf;4445780;10X6FcrhOEMia9s_Plk0fVGECofjwIq0e;https://drive.google.com/file/d/10X6FcrhOEMia9s_Plk0fVGECofjwIq0e/view?usp=drivesdk
non_adherents;NETAFIM;Filtration;Filtre;Fiche technique;alphadisc-product-page-v2fr.pdf;FOURNISEURS NON ADHERENTS MAIS FICHE TECHNIQUE OUF/NETAFIM/netafim-filtres;application/pdf;1443726;1NEUmKE89sYQRPh303fTF92MDAPtx1hzZ;https://drive.google.com/file/d/1NEUmKE89sYQRPh303fTF92MDAPtx1hzZ/view?usp=drivesdk
non_adherents;NETAFIM;Filtration;Filtre;Fiche technique;centriforce.pdf;FOURNISEURS NON ADHERENTS MAIS FICHE TECHNIQUE OUF/NETAFIM/netafim-filtres;application/pdf;1412129;1KwKFMGQtBgn3YsmF283OkXluympo-CKl;https://drive.google.com/file/d/1KwKFMGQtBgn3YsmF283OkXluympo-CKl/view?usp=drivesdk
non_adherents;NETAFIM;Filtration;Filtre;Fiche technique;filtres-sand-storm.pdf;FOURNISEURS NON ADHERENTS MAIS FICHE TECHNIQUE OUF/NETAFIM/netafim-filtres;application/pdf;294867;1Xp1rbBnBhbDBGEykaE_CBQWvOj1WH7AT;https://drive.google.com/file/d/1Xp1rbBnBhbDBGEykaE_CBQWvOj1WH7AT/view?usp=drivesdk
non_adherents;NETAFIM;Filtration;Filtre;Fiche technique;ft-sg-auto.pdf;FOURNISEURS NON ADHERENTS MAIS FICHE TECHNIQUE OUF/NETAFIM/netafim-filtres;application/pdf;3797497;1rE58C0XttJmsxjMkV-WtuJn8rqVHjT3D;https://drive.google.com/file/d/1rE58C0XttJmsxjMkV-WtuJn8rqVHjT3D/view?usp=drivesdk
non_adherents;NETAFIM;Filtration;Filtre;Manuel / notice;ft-sg-plast-manuel.pdf;FOURNISEURS NON ADHERENTS MAIS FICHE TECHNIQUE OUF/NETAFIM/netafim-filtres;application/pdf;349911;18Bw00I4gyNabTOSmRi6p-maTEggTapZl;https://drive.google.com/file/d/18Bw00I4gyNabTOSmRi6p-maTEggTapZl/view?usp=drivesdk
non_adherents;NETAFIM;Filtration;Filtre;Fiche technique;ft-sg-plast-semi-auto.pdf;FOURNISEURS NON ADHERENTS MAIS FICHE TECHNIQUE OUF/NETAFIM/netafim-filtres;application/pdf;333645;1rtHpm5x4jL6PdPBqZSnnCwRPvmahnL1Q;https://drive.google.com/file/d/1rtHpm5x4jL6PdPBqZSnnCwRPvmahnL1Q/view?usp=drivesdk
non_adherents;NETAFIM;Filtration;Filtre;Fiche technique;kits-sandstorm-v2.pdf;FOURNISEURS NON ADHERENTS MAIS FICHE TECHNIQUE OUF/NETAFIM/netafim-filtres;application/pdf;1974793;1tU8_4mfpkzmFk6RVxylUyBErL9cbFN8K;https://drive.google.com/file/d/1tU8_4mfpkzmFk6RVxylUyBErL9cbFN8K/view?usp=drivesdk
non_adherents;NETAFIM;Filtration;Filtre;Manuel / notice;manuel-sandstorm-v2.pdf;FOURNISEURS NON ADHERENTS MAIS FICHE TECHNIQUE OUF/NETAFIM/netafim-filtres;application/pdf;11246236;1kOxU9nhix6NKj_lw8eOYMpZgo0cyvKpd;https://drive.google.com/file/d/1kOxU9nhix6NKj_lw8eOYMpZgo0cyvKpd/view?usp=drivesdk
non_adherents;NETAFIM;Filtration;Filtre;Fiche technique;net_filtration_sg_in-line_015.pdf;FOURNISEURS NON ADHERENTS MAIS FICHE TECHNIQUE OUF/NETAFIM/netafim-filtres;application/pdf;1234895;1LUqGfcehmAsQk7FlXPXY2hZQNXAp2aTC;https://drive.google.com/file/d/1LUqGfcehmAsQk7FlXPXY2hZQNXAp2aTC/view?usp=drivesdk
non_adherents;NETAFIM;Filtration;Filtre;Fiche technique;net_filtration_sg_on-line_015.pdf;FOURNISEURS NON ADHERENTS MAIS FICHE TECHNIQUE OUF/NETAFIM/netafim-filtres;application/pdf;1201443;1qdZBJWlnBOTdr45a0Ys2pvS4R8YfKWXi;https://drive.google.com/file/d/1qdZBJWlnBOTdr45a0Ys2pvS4R8YfKWXi/view?usp=drivesdk
non_adherents;NETAFIM;Filtration;Filtre;Fiche technique;sk-2-opal.pdf;FOURNISEURS NON ADHERENTS MAIS FICHE TECHNIQUE OUF/NETAFIM/netafim-filtres;application/pdf;222657;1o9-OZ66ZPJ-cR1NQhP73eOu1K9qotvJt;https://drive.google.com/file/d/1o9-OZ66ZPJ-cR1NQhP73eOu1K9qotvJt/view?usp=drivesdk
non_adherents;NETAFIM;Filtration;Filtre;Fiche technique;sk-apollo-3-angle.pdf;FOURNISEURS NON ADHERENTS MAIS FICHE TECHNIQUE OUF/NETAFIM/netafim-filtres;application/pdf;621794;17nBmzP77H4RaauKVAtjmrwq-m0KZYp3s;https://drive.google.com/file/d/17nBmzP77H4RaauKVAtjmrwq-m0KZYp3s/view?usp=drivesdk
non_adherents;NETAFIM;Filtration;Filtre;Fiche technique;sk-apollo-4-double.pdf;FOURNISEURS NON ADHERENTS MAIS FICHE TECHNIQUE OUF/NETAFIM/netafim-filtres;application/pdf;1327029;1RNGxh8uXt-fIqxxULAAL3M2TuhBKnG0A;https://drive.google.com/file/d/1RNGxh8uXt-fIqxxULAAL3M2TuhBKnG0A/view?usp=drivesdk
non_adherents;NETAFIM;Tuyaux et raccords (réseau);Vanne;Fiche technique;automatic-line-flush-valves--product-sheet.pdf;FOURNISEURS NON ADHERENTS MAIS FICHE TECHNIQUE OUF/NETAFIM/netafim-raccords-accessoires;application/pdf;400178;1a5DifupxEEZZD5kZ0l0s5BRftTbApdCz;https://drive.google.com/file/d/1a5DifupxEEZZD5kZ0l0s5BRftTbApdCz/view?usp=drivesdk
non_adherents;NETAFIM;Tuyaux et raccords (réseau);Raccord plastique / compression;Catalogue;catalogue-raccords--accessoires.pdf;FOURNISEURS NON ADHERENTS MAIS FICHE TECHNIQUE OUF/NETAFIM/netafim-raccords-accessoires;application/pdf;27302786;1pRyMQuvk1Db7qkZ3bh145bLNOHub6pJf;https://drive.google.com/file/d/1pRyMQuvk1Db7qkZ3bh145bLNOHub6pJf/view?usp=drivesdk
non_adherents;NETAFIM;Tuyaux et raccords (réseau);Raccord plastique / compression;Fiche technique;dnl-product-sheet.pdf;FOURNISEURS NON ADHERENTS MAIS FICHE TECHNIQUE OUF/NETAFIM/netafim-raccords-accessoires;application/pdf;234725;1z0xlj6aWO6bY-tqTH6KrR3LX77E--Mnh;https://drive.google.com/file/d/1z0xlj6aWO6bY-tqTH6KrR3LX77E--Mnh/view?usp=drivesdk
non_adherents;NETAFIM;Goutte à goutte / micro-irrigation;Gaine / goutteur;Fiche technique;dripperlines-holders--product-sheet.pdf;FOURNISEURS NON ADHERENTS MAIS FICHE TECHNIQUE OUF/NETAFIM/netafim-raccords-accessoires;application/pdf;99862;1dyhDF55m3LERVmHLMsb3TMMZwk3uqnLu;https://drive.google.com/file/d/1dyhDF55m3LERVmHLMsb3TMMZwk3uqnLu/view?usp=drivesdk
non_adherents;NETAFIM;Tuyaux et raccords (réseau);Raccord plastique / compression;Fiche technique;manifolds--product-sheet.pdf;FOURNISEURS NON ADHERENTS MAIS FICHE TECHNIQUE OUF/NETAFIM/netafim-raccords-accessoires;application/pdf;130440;1P3d4X8W3ZKybVsOr8IyVFiMmHjdUiZXR;https://drive.google.com/file/d/1P3d4X8W3ZKybVsOr8IyVFiMmHjdUiZXR/view?usp=drivesdk
non_adherents;NETAFIM;Tuyaux et raccords (réseau);Raccord plastique / compression;Fiche technique;net_netflush_fr.pdf;FOURNISEURS NON ADHERENTS MAIS FICHE TECHNIQUE OUF/NETAFIM/netafim-raccords-accessoires;application/pdf;5412763;1qDdv7668Lr3_xeb4iGbCe-mPOkG35Wl7;https://drive.google.com/file/d/1qDdv7668Lr3_xeb4iGbCe-mPOkG35Wl7/view?usp=drivesdk
non_adherents;NETAFIM;Tuyaux et raccords (réseau);Raccord plastique / compression;Fiche technique;plugs-and-spikes-product-sheet.pdf;FOURNISEURS NON ADHERENTS MAIS FICHE TECHNIQUE OUF/NETAFIM/netafim-raccords-accessoires;application/pdf;141310;1gtpLUL2Pw7UHeKwaEubdnMgCSGSdWsId;https://drive.google.com/file/d/1gtpLUL2Pw7UHeKwaEubdnMgCSGSdWsId/view?usp=drivesdk
non_adherents;NETAFIM;Tuyaux et raccords (réseau);Raccord plastique / compression;Fiche technique;q-flex.pdf;FOURNISEURS NON ADHERENTS MAIS FICHE TECHNIQUE OUF/NETAFIM/netafim-raccords-accessoires;application/pdf;598693;1stNi9R19gmwOXaw4zRT1szPHkZYOInIC;https://drive.google.com/file/d/1stNi9R19gmwOXaw4zRT1szPHkZYOInIC/view?usp=drivesdk
non_adherents;NETAFIM;Tuyaux et raccords (réseau);Raccord plastique / compression;Fiche technique;raccords-a-bagues-twd-mwd.pdf;FOURNISEURS NON ADHERENTS MAIS FICHE TECHNIQUE OUF/NETAFIM/netafim-raccords-accessoires;application/pdf;1703472;1VmBwh_MnfJ4EW389Q0DpFmc7xh1xW3Wj;https://drive.google.com/file/d/1VmBwh_MnfJ4EW389Q0DpFmc7xh1xW3Wj/view?usp=drivesdk
non_adherents;NETAFIM;Tuyaux et raccords (réseau);Vanne;Fiche technique;raccords-et-vannettes-canneles-hwd.pdf;FOURNISEURS NON ADHERENTS MAIS FICHE TECHNIQUE OUF/NETAFIM/netafim-raccords-accessoires;application/pdf;1537828;1C5aT-cbM7NlqAtQVNKcxCNWEfAPonUtl;https://drive.google.com/file/d/1C5aT-cbM7NlqAtQVNKcxCNWEfAPonUtl/view?usp=drivesdk
non_adherents;NETAFIM;Tuyaux et raccords (réseau);Vanne;Fiche technique;raccords-et-vannettes-twist-lock-hwd.pdf;FOURNISEURS NON ADHERENTS MAIS FICHE TECHNIQUE OUF/NETAFIM/netafim-raccords-accessoires;application/pdf;1459383;179cUGHog3lOT_xdmKuU7DYX3yff3s5lP;https://drive.google.com/file/d/179cUGHog3lOT_xdmKuU7DYX3yff3s5lP/view?usp=drivesdk
non_adherents;NETAFIM;Tuyaux et raccords (réseau);Vanne;Fiche technique;raccords-et-vannettes-twist-lock-twd-mwd.pdf;FOURNISEURS NON ADHERENTS MAIS FICHE TECHNIQUE OUF/NETAFIM/netafim-raccords-accessoires;application/pdf;1386811;1LyxGwrPK-ffq5joROWU-L8-S2s35NyYr;https://drive.google.com/file/d/1LyxGwrPK-ffq5joROWU-L8-S2s35NyYr/view?usp=drivesdk
non_adherents;NETAFIM;Tuyaux et raccords (réseau);Raccord plastique / compression;Fiche technique;regulateurs-planet.pdf;FOURNISEURS NON ADHERENTS MAIS FICHE TECHNIQUE OUF/NETAFIM/netafim-raccords-accessoires;application/pdf;554704;1rkjxV3letCJzBD3-cVuP6Xjn0GbcGRho;https://drive.google.com/file/d/1rkjxV3letCJzBD3-cVuP6Xjn0GbcGRho/view?usp=drivesdk
non_adherents;NETAFIM;Tuyaux et raccords (réseau);Raccord plastique / compression;Fiche technique;stakes-product-sheet.pdf;FOURNISEURS NON ADHERENTS MAIS FICHE TECHNIQUE OUF/NETAFIM/netafim-raccords-accessoires;application/pdf;107538;1nyTQqXRcxU_v9JpXFw9mCwu_f5A65k_U;https://drive.google.com/file/d/1nyTQqXRcxU_v9JpXFw9mCwu_f5A65k_U/view?usp=drivesdk
non_adherents;NETAFIM;Tuyaux et raccords (réseau);Vanne;Manuel / notice;vannes-de-purge-manuelles.pdf;FOURNISEURS NON ADHERENTS MAIS FICHE TECHNIQUE OUF/NETAFIM/netafim-raccords-accessoires;application/pdf;1003889;16tC8zSiEIJyZ_yn092YWVjKtf7LYuKng;https://drive.google.com/file/d/16tC8zSiEIJyZ_yn092YWVjKtf7LYuKng/view?usp=drivesdk
non_adherents;NETAFIM;À classer;;Fiche technique;Fiche_Technique_Kit_130.pdf;FOURNISEURS NON ADHERENTS MAIS FICHE TECHNIQUE OUF/NETAFIM/netafim-solutions-pour-parcs-jardins;application/pdf;1406846;1JR-OIuJDejIzzowZ-Fz1vGzZj5TSKTHo;https://drive.google.com/file/d/1JR-OIuJDejIzzowZ-Fz1vGzZj5TSKTHo/view?usp=drivesdk
non_adherents;NETAFIM;À classer;;Fiche technique;Fiche_Technique_Kit_30.pdf;FOURNISEURS NON ADHERENTS MAIS FICHE TECHNIQUE OUF/NETAFIM/netafim-solutions-pour-parcs-jardins;application/pdf;1122092;16X8SwmkGNqWh5_E1TNLTcqJrC7fCuiWf;https://drive.google.com/file/d/16X8SwmkGNqWh5_E1TNLTcqJrC7fCuiWf/view?usp=drivesdk
non_adherents;NETAFIM;À classer;;Manuel / notice;NOTICE_Kit_130.pdf;FOURNISEURS NON ADHERENTS MAIS FICHE TECHNIQUE OUF/NETAFIM/netafim-solutions-pour-parcs-jardins;application/pdf;3168399;1j3X5-r1uPiZtEG0z2xkJWYuFWwUe47LV;https://drive.google.com/file/d/1j3X5-r1uPiZtEG0z2xkJWYuFWwUe47LV/view?usp=drivesdk
non_adherents;NETAFIM;À classer;;Fiche technique;bioline-as-xr.pdf;FOURNISEURS NON ADHERENTS MAIS FICHE TECHNIQUE OUF/NETAFIM/netafim-solutions-pour-parcs-jardins;application/pdf;414755;1NfB4FYYKj0gyIOct0tDsxlGBX1V4UqIl;https://drive.google.com/file/d/1NfB4FYYKj0gyIOct0tDsxlGBX1V4UqIl/view?usp=drivesdk
non_adherents;NETAFIM;À classer;;Fiche technique;covernet-as-xr.pdf;FOURNISEURS NON ADHERENTS MAIS FICHE TECHNIQUE OUF/NETAFIM/netafim-solutions-pour-parcs-jardins;application/pdf;1588504;1sZacKKPA_9Y9WkSrMFB7HQwBIpz4Unr3;https://drive.google.com/file/d/1sZacKKPA_9Y9WkSrMFB7HQwBIpz4Unr3/view?usp=drivesdk
non_adherents;NETAFIM;À classer;;Fiche technique;covertram.pdf;FOURNISEURS NON ADHERENTS MAIS FICHE TECHNIQUE OUF/NETAFIM/netafim-solutions-pour-parcs-jardins;application/pdf;3375504;1a6O8Nv9EBlFvO1Xgjt4Z0hKDbfcRNB9o;https://drive.google.com/file/d/1a6O8Nv9EBlFvO1Xgjt4Z0hKDbfcRNB9o/view?usp=drivesdk
non_adherents;NETAFIM;Goutte à goutte / micro-irrigation;Gaine / goutteur;Fiche technique;goutteur-pcj-hf-bubblers.pdf;FOURNISEURS NON ADHERENTS MAIS FICHE TECHNIQUE OUF/NETAFIM/netafim-solutions-pour-parcs-jardins;application/pdf;4668264;1pvBXocP_G831l9sHPZm7BFU_gBiq1k8e;https://drive.google.com/file/d/1pvBXocP_G831l9sHPZm7BFU_gBiq1k8e/view?usp=drivesdk
non_adherents;NETAFIM;Goutte à goutte / micro-irrigation;Gaine / goutteur;Fiche technique;goutteurs-bouton-pot.pdf;FOURNISEURS NON ADHERENTS MAIS FICHE TECHNIQUE OUF/NETAFIM/netafim-solutions-pour-parcs-jardins;application/pdf;630253;1LXrVrjvWsPhIYTaCfe3sHTvbJD4hxSXc;https://drive.google.com/file/d/1LXrVrjvWsPhIYTaCfe3sHTvbJD4hxSXc/view?usp=drivesdk
non_adherents;NETAFIM;Goutte à goutte / micro-irrigation;Gaine / goutteur;Fiche technique;landline-16.pdf;FOURNISEURS NON ADHERENTS MAIS FICHE TECHNIQUE OUF/NETAFIM/netafim-solutions-pour-parcs-jardins;application/pdf;405936;1O9fBvQX2Nl3Hu6ryseHxATnOqhv_j-CB;https://drive.google.com/file/d/1O9fBvQX2Nl3Hu6ryseHxATnOqhv_j-CB/view?usp=drivesdk
non_adherents;NETAFIM;Goutte à goutte / micro-irrigation;Gaine / goutteur;Fiche technique;landline-8.pdf;FOURNISEURS NON ADHERENTS MAIS FICHE TECHNIQUE OUF/NETAFIM/netafim-solutions-pour-parcs-jardins;application/pdf;402461;1c9vEQOC8F1t6BZvvz34nQw3waYHD4ew3;https://drive.google.com/file/d/1c9vEQOC8F1t6BZvvz34nQw3waYHD4ew3/view?usp=drivesdk
non_adherents;NETAFIM;À classer;;Fiche technique;lexique.pdf;FOURNISEURS NON ADHERENTS MAIS FICHE TECHNIQUE OUF/NETAFIM/netafim-solutions-pour-parcs-jardins;application/pdf;107084;1daaSHjfpS1OWMbKL_Wv0vH6hxF575Tre;https://drive.google.com/file/d/1daaSHjfpS1OWMbKL_Wv0vH6hxF575Tre/view?usp=drivesdk
non_adherents;NETAFIM;À classer;;Manuel / notice;notice_kit_30.pdf;FOURNISEURS NON ADHERENTS MAIS FICHE TECHNIQUE OUF/NETAFIM/netafim-solutions-pour-parcs-jardins;application/pdf;4533901;1h17glGvIdOFu_NpnD1zgsE4sNOY0qBqS;https://drive.google.com/file/d/1h17glGvIdOFu_NpnD1zgsE4sNOY0qBqS/view?usp=drivesdk
non_adherents;NETAFIM;À classer;;Fiche technique;techflow-junior-auto-percant.pdf;FOURNISEURS NON ADHERENTS MAIS FICHE TECHNIQUE OUF/NETAFIM/netafim-solutions-pour-parcs-jardins;application/pdf;452776;1x_i7h7V41Y3zWJmP8N2iA-TYSYuPe9dp;https://drive.google.com/file/d/1x_i7h7V41Y3zWJmP8N2iA-TYSYuPe9dp/view?usp=drivesdk
non_adherents;NETAFIM;À classer;;Fiche technique;techflow-junior.pdf;FOURNISEURS NON ADHERENTS MAIS FICHE TECHNIQUE OUF/NETAFIM/netafim-solutions-pour-parcs-jardins;application/pdf;425568;1DIqmiA7ctpZIZGPHjxdr2MqjTwQzrKjm;https://drive.google.com/file/d/1DIqmiA7ctpZIZGPHjxdr2MqjTwQzrKjm/view?usp=drivesdk
non_adherents;NETAFIM;À classer;;Fiche technique;technet.pdf;FOURNISEURS NON ADHERENTS MAIS FICHE TECHNIQUE OUF/NETAFIM/netafim-solutions-pour-parcs-jardins;application/pdf;1044621;1QqiUBD7-Smg-zB7oRsfqQjP5YicEWTwz;https://drive.google.com/file/d/1QqiUBD7-Smg-zB7oRsfqQjP5YicEWTwz/view?usp=drivesdk
non_adherents;NETAFIM;Goutte à goutte / micro-irrigation;Gaine / goutteur;Fiche technique;unitechline-as-xr.pdf;FOURNISEURS NON ADHERENTS MAIS FICHE TECHNIQUE OUF/NETAFIM/netafim-solutions-pour-parcs-jardins;application/pdf;425019;1aZddzr-LxI4LQrxzIhi-aqDtesPLkVp9;https://drive.google.com/file/d/1aZddzr-LxI4LQrxzIhi-aqDtesPLkVp9/view?usp=drivesdk
non_adherents;NETAFIM;Goutte à goutte / micro-irrigation;Gaine / goutteur;Fiche technique;unitechline-as.pdf;FOURNISEURS NON ADHERENTS MAIS FICHE TECHNIQUE OUF/NETAFIM/netafim-solutions-pour-parcs-jardins;application/pdf;405792;14sSec0LjQ_oIb-iMrwGG8lYNk4huJhFp;https://drive.google.com/file/d/14sSec0LjQ_oIb-iMrwGG8lYNk4huJhFp/view?usp=drivesdk
non_adherents;NETAFIM;Tuyaux et raccords (réseau);Tuyau souple / flat;Fiche technique;flexnet-hp-micro.pdf;FOURNISEURS NON ADHERENTS MAIS FICHE TECHNIQUE OUF/NETAFIM/netafim-tuyaux-flexibles-et-pe;application/pdf;844416;1XNdolOPF6sQ78SY7amYOGLFNY3l_xdK6;https://drive.google.com/file/d/1XNdolOPF6sQ78SY7amYOGLFNY3l_xdK6/view?usp=drivesdk
non_adherents;NETAFIM;Goutte à goutte / micro-irrigation;Gaine / goutteur;Fiche technique;flexnetflexnet-hp-drip.pdf;FOURNISEURS NON ADHERENTS MAIS FICHE TECHNIQUE OUF/NETAFIM/netafim-tuyaux-flexibles-et-pe;application/pdf;457178;1Ejf2-WD_OSv1kjouknrQ_8Chh7690lmd;https://drive.google.com/file/d/1Ejf2-WD_OSv1kjouknrQ_8Chh7690lmd/view?usp=drivesdk
non_adherents;NETAFIM;Tuyaux et raccords (réseau);Vanne;Fiche technique;aquanet-plus.pdf;FOURNISEURS NON ADHERENTS MAIS FICHE TECHNIQUE OUF/NETAFIM/netafim-vannes;application/pdf;192788;1ww4oEJ-7AbckC6cAur0yksWqOkdVWzJv;https://drive.google.com/file/d/1ww4oEJ-7AbckC6cAur0yksWqOkdVWzJv/view?usp=drivesdk
non_adherents;NETAFIM;Tuyaux et raccords (réseau);Vanne;Fiche technique;serie-100-metal-3voies.pdf;FOURNISEURS NON ADHERENTS MAIS FICHE TECHNIQUE OUF/NETAFIM/netafim-vannes;application/pdf;1410606;1wt3jH61OwYFXPdfhNnuZUYw5wMjmAPcA;https://drive.google.com/file/d/1wt3jH61OwYFXPdfhNnuZUYw5wMjmAPcA/view?usp=drivesdk
non_adherents;NETAFIM;Tuyaux et raccords (réseau);Vanne;Fiche technique;serie-75-gal-sgal-2--3-voies.pdf;FOURNISEURS NON ADHERENTS MAIS FICHE TECHNIQUE OUF/NETAFIM/netafim-vannes;application/pdf;650571;1gECQgQ8lQBkec151eakYxVuYm0KR_Ul5;https://drive.google.com/file/d/1gECQgQ8lQBkec151eakYxVuYm0KR_Ul5/view?usp=drivesdk
non_adherents;NETAFIM;Tuyaux et raccords (réseau);Vanne;Fiche technique;serie-80-2voies.pdf;FOURNISEURS NON ADHERENTS MAIS FICHE TECHNIQUE OUF/NETAFIM/netafim-vannes;application/pdf;214721;1R_q7O_oP8kjfMx9qlpMpiZ5-1USl7Ubw;https://drive.google.com/file/d/1R_q7O_oP8kjfMx9qlpMpiZ5-1USl7Ubw/view?usp=drivesdk
non_adherents;NETAFIM;Tuyaux et raccords (réseau);Vanne;Fiche technique;serie-90-pvc-3voies.pdf;FOURNISEURS NON ADHERENTS MAIS FICHE TECHNIQUE OUF/NETAFIM/netafim-vannes;application/pdf;412700;1UVsVnGVutVOjstmiD9ZLPdIHsMB5ozOE;https://drive.google.com/file/d/1UVsVnGVutVOjstmiD9ZLPdIHsMB5ozOE/view?usp=drivesdk
non_adherents;NETAFIM;Tuyaux et raccords (réseau);Vanne;Manuel / notice;vannes-manuelles.pdf;FOURNISEURS NON ADHERENTS MAIS FICHE TECHNIQUE OUF/NETAFIM/netafim-vannes;application/pdf;719166;1aOOVcbjXJnzTSxgtIxBvSTgSKpYRpHpy;https://drive.google.com/file/d/1aOOVcbjXJnzTSxgtIxBvSTgSKpYRpHpy/view?usp=drivesdk
non_adherents;NETAFIM;Hors bibliothèque;Documentation culture;Fiche technique;01-irrigation-de-precision.pdf;FOURNISEURS NON ADHERENTS MAIS FICHE TECHNIQUE OUF/NETAFIM/netafimsolutionspdf;application/pdf;27827;1eS1MTxfME5MVRxKh6COZMsIxuyE8muYi;https://drive.google.com/file/d/1eS1MTxfME5MVRxKh6COZMsIxuyE8muYi/view?usp=drivesdk
non_adherents;NETAFIM;Hors bibliothèque;Documentation culture;Fiche technique;02-utilisation-efficace-de-l-eau.pdf;FOURNISEURS NON ADHERENTS MAIS FICHE TECHNIQUE OUF/NETAFIM/netafimsolutionspdf;application/pdf;24805;10DwgIasPYG8LfPgFFACDKfqqR_vvyMJ2;https://drive.google.com/file/d/10DwgIasPYG8LfPgFFACDKfqqR_vvyMJ2/view?usp=drivesdk
non_adherents;NETAFIM;Hors bibliothèque;Documentation culture;Fiche technique;03-fertirrigation-de-precision.pdf;FOURNISEURS NON ADHERENTS MAIS FICHE TECHNIQUE OUF/NETAFIM/netafimsolutionspdf;application/pdf;26484;1wAL3U8f8BFBQJZB5YfOSUQTrGn61M3eC;https://drive.google.com/file/d/1wAL3U8f8BFBQJZB5YfOSUQTrGn61M3eC/view?usp=drivesdk
non_adherents;NETAFIM;Hors bibliothèque;Documentation culture;Fiche technique;04-solutions-agriculture.pdf;FOURNISEURS NON ADHERENTS MAIS FICHE TECHNIQUE OUF/NETAFIM/netafimsolutionspdf;application/pdf;22300;1_M_ua1ztuxUVQN0QeF3v6xIntrt3ilXD;https://drive.google.com/file/d/1_M_ua1ztuxUVQN0QeF3v6xIntrt3ilXD/view?usp=drivesdk
non_adherents;NETAFIM;Hors bibliothèque;Documentation culture;Fiche technique;05-plein-champ-et-maraichage.pdf;FOURNISEURS NON ADHERENTS MAIS FICHE TECHNIQUE OUF/NETAFIM/netafimsolutionspdf;application/pdf;25519;1ja9rg000hSYTnEG16YVVLM24acAZolx6;https://drive.google.com/file/d/1ja9rg000hSYTnEG16YVVLM24acAZolx6/view?usp=drivesdk
non_adherents;NETAFIM;Hors bibliothèque;Documentation culture;Fiche technique;06-arboriculture-et-viticulture.pdf;FOURNISEURS NON ADHERENTS MAIS FICHE TECHNIQUE OUF/NETAFIM/netafimsolutionspdf;application/pdf;28728;1lp5BIjnsTnFHd23W7Q1mPqVcYCjUTbaq;https://drive.google.com/file/d/1lp5BIjnsTnFHd23W7Q1mPqVcYCjUTbaq/view?usp=drivesdk
non_adherents;NETAFIM;Hors bibliothèque;Documentation culture;Fiche technique;07-cultures-sous-serre.pdf;FOURNISEURS NON ADHERENTS MAIS FICHE TECHNIQUE OUF/NETAFIM/netafimsolutionspdf;application/pdf;28536;1WBJD1dQdX9VbRRGpaond0r22Obq1euAJ;https://drive.google.com/file/d/1WBJD1dQdX9VbRRGpaond0r22Obq1euAJ/view?usp=drivesdk
non_adherents;NETAFIM;Hors bibliothèque;Documentation culture;Fiche technique;08-offre-produits-agricole.pdf;FOURNISEURS NON ADHERENTS MAIS FICHE TECHNIQUE OUF/NETAFIM/netafimsolutionspdf;application/pdf;19405;1IWgVEXSLPn_9rll36Twc2tXpgTWPSULL;https://drive.google.com/file/d/1IWgVEXSLPn_9rll36Twc2tXpgTWPSULL/view?usp=drivesdk
non_adherents;NETAFIM;Hors bibliothèque;Documentation culture;Fiche technique;09-lignes-goutte-a-goutte-et-goutteurs.pdf;FOURNISEURS NON ADHERENTS MAIS FICHE TECHNIQUE OUF/NETAFIM/netafimsolutionspdf;application/pdf;37224;1QWnEzm8w_ndr1hsbd4YZkwRjuEYZaJZO;https://drive.google.com/file/d/1QWnEzm8w_ndr1hsbd4YZkwRjuEYZaJZO/view?usp=drivesdk
non_adherents;NETAFIM;Hors bibliothèque;Documentation culture;Fiche technique;10-asperseurs-et-micro-asperseurs.pdf;FOURNISEURS NON ADHERENTS MAIS FICHE TECHNIQUE OUF/NETAFIM/netafimsolutionspdf;application/pdf;16763;1gLkTS22gQ0VuhChvdSJjq7iYQYkyCMrY;https://drive.google.com/file/d/1gLkTS22gQ0VuhChvdSJjq7iYQYkyCMrY/view?usp=drivesdk
non_adherents;NETAFIM;Hors bibliothèque;Documentation culture;Fiche technique;11-filtres.pdf;FOURNISEURS NON ADHERENTS MAIS FICHE TECHNIQUE OUF/NETAFIM/netafimsolutionspdf;application/pdf;21072;11tCu49cKq_z_rBJNtrgyJIXi4pzdEBbq;https://drive.google.com/file/d/11tCu49cKq_z_rBJNtrgyJIXi4pzdEBbq/view?usp=drivesdk
non_adherents;NETAFIM;Hors bibliothèque;Documentation culture;Fiche technique;12-vannes.pdf;FOURNISEURS NON ADHERENTS MAIS FICHE TECHNIQUE OUF/NETAFIM/netafimsolutionspdf;application/pdf;21630;1b8OA0LOeyGp1USi5cOH0nWJfebwSvsmp;https://drive.google.com/file/d/1b8OA0LOeyGp1USi5cOH0nWJfebwSvsmp/view?usp=drivesdk
non_adherents;NETAFIM;Hors bibliothèque;Documentation culture;Fiche technique;13-tuyaux-flexibles-et-pe.pdf;FOURNISEURS NON ADHERENTS MAIS FICHE TECHNIQUE OUF/NETAFIM/netafimsolutionspdf;application/pdf;25957;1SEwb7vOll30O0xLvUqu1C5MmSVqO1ih-;https://drive.google.com/file/d/1SEwb7vOll30O0xLvUqu1C5MmSVqO1ih-/view?usp=drivesdk
non_adherents;NETAFIM;Hors bibliothèque;Documentation culture;Fiche technique;14-raccords-et-accessoires.pdf;FOURNISEURS NON ADHERENTS MAIS FICHE TECHNIQUE OUF/NETAFIM/netafimsolutionspdf;application/pdf;19827;1FqzpNAVDNo_JbnTnze2yQXtfNT3QcT-e;https://drive.google.com/file/d/1FqzpNAVDNo_JbnTnze2yQXtfNT3QcT-e/view?usp=drivesdk
non_adherents;NETAFIM;Hors bibliothèque;Documentation culture;Fiche technique;15-compteurs-d-eau.pdf;FOURNISEURS NON ADHERENTS MAIS FICHE TECHNIQUE OUF/NETAFIM/netafimsolutionspdf;application/pdf;19193;1LivV1A4G64Rt0wb6DCEGjlyMRwsQsN5y;https://drive.google.com/file/d/1LivV1A4G64Rt0wb6DCEGjlyMRwsQsN5y/view?usp=drivesdk
non_adherents;NETAFIM;Hors bibliothèque;Documentation culture;Fiche technique;16-fertirrigation-offre-produits.pdf;FOURNISEURS NON ADHERENTS MAIS FICHE TECHNIQUE OUF/NETAFIM/netafimsolutionspdf;application/pdf;15265;185qlcX6Mg90g5LiVvEevEMPaSp36jpbG;https://drive.google.com/file/d/185qlcX6Mg90g5LiVvEevEMPaSp36jpbG/view?usp=drivesdk
non_adherents;NETAFIM;Hors bibliothèque;Documentation culture;Fiche technique;17-outils.pdf;FOURNISEURS NON ADHERENTS MAIS FICHE TECHNIQUE OUF/NETAFIM/netafimsolutionspdf;application/pdf;19010;1coBKiT-MRhBgzAduazwW7uGjd3tU-L2e;https://drive.google.com/file/d/1coBKiT-MRhBgzAduazwW7uGjd3tU-L2e/view?usp=drivesdk
non_adherents;NETAFIM;Hors bibliothèque;Documentation culture;Fiche technique;18-outil-ferti-irrigation.pdf;FOURNISEURS NON ADHERENTS MAIS FICHE TECHNIQUE OUF/NETAFIM/netafimsolutionspdf;application/pdf;33656;1dJObrv5lPXOn-enugzQ6aiC7Fog0UYAp;https://drive.google.com/file/d/1dJObrv5lPXOn-enugzQ6aiC7Fog0UYAp/view?usp=drivesdk
non_adherents;NETAFIM;Hors bibliothèque;Documentation culture;Fiche technique;19-protection-antigel.pdf;FOURNISEURS NON ADHERENTS MAIS FICHE TECHNIQUE OUF/NETAFIM/netafimsolutionspdf;application/pdf;24864;1hF1SENHh0MuwZRvumU6tQWzvxC9074xM;https://drive.google.com/file/d/1hF1SENHh0MuwZRvumU6tQWzvxC9074xM/view?usp=drivesdk
non_adherents;NETAFIM;Hors bibliothèque;Documentation culture;Fiche technique;20-hydrocalc-3-0.pdf;FOURNISEURS NON ADHERENTS MAIS FICHE TECHNIQUE OUF/NETAFIM/netafimsolutionspdf;application/pdf;22815;1WMHTx1DAMjUn2pmLje2A1h1fYVFFfi7S;https://drive.google.com/file/d/1WMHTx1DAMjUn2pmLje2A1h1fYVFFfi7S/view?usp=drivesdk
non_adherents;NETAFIM;Hors bibliothèque;Documentation culture;Fiche technique;21-solutions-paysage.pdf;FOURNISEURS NON ADHERENTS MAIS FICHE TECHNIQUE OUF/NETAFIM/netafimsolutionspdf;application/pdf;22412;1qikpCycZiiipxNXKgt6I0KzfEvPQ9TDr;https://drive.google.com/file/d/1qikpCycZiiipxNXKgt6I0KzfEvPQ9TDr/view?usp=drivesdk
non_adherents;NETAFIM;Hors bibliothèque;Documentation culture;Fiche technique;22-fleurir-autrement.pdf;FOURNISEURS NON ADHERENTS MAIS FICHE TECHNIQUE OUF/NETAFIM/netafimsolutionspdf;application/pdf;22726;1GDZAQD_uxaT9n11ETDrUuOKHEn6LOG01;https://drive.google.com/file/d/1GDZAQD_uxaT9n11ETDrUuOKHEn6LOG01/view?usp=drivesdk
non_adherents;NETAFIM;Hors bibliothèque;Documentation culture;Fiche technique;23-verdir-la-ville.pdf;FOURNISEURS NON ADHERENTS MAIS FICHE TECHNIQUE OUF/NETAFIM/netafimsolutionspdf;application/pdf;25535;1y8KwmXuoK-QZ53NAj2Xcsx5jxAzqrPre;https://drive.google.com/file/d/1y8KwmXuoK-QZ53NAj2Xcsx5jxAzqrPre/view?usp=drivesdk
non_adherents;NETAFIM;Hors bibliothèque;Documentation culture;Fiche technique;24-vegetaliser-durablement.pdf;FOURNISEURS NON ADHERENTS MAIS FICHE TECHNIQUE OUF/NETAFIM/netafimsolutionspdf;application/pdf;24967;1l_kUCkCNd-3eYpifuQIG5KE7YgAKrVZB;https://drive.google.com/file/d/1l_kUCkCNd-3eYpifuQIG5KE7YgAKrVZB/view?usp=drivesdk
non_adherents;NETAFIM;Hors bibliothèque;Documentation culture;Fiche technique;25-offre-produits-parcs-jardins.pdf;FOURNISEURS NON ADHERENTS MAIS FICHE TECHNIQUE OUF/NETAFIM/netafimsolutionspdf;application/pdf;19586;1pod8EvwrbUz_aJJ2CX_IYlTKRuKZZN16;https://drive.google.com/file/d/1pod8EvwrbUz_aJJ2CX_IYlTKRuKZZN16/view?usp=drivesdk
non_adherents;NETAFIM;Hors bibliothèque;Documentation culture;Fiche technique;26-goutteurs-parcs-jardins.pdf;FOURNISEURS NON ADHERENTS MAIS FICHE TECHNIQUE OUF/NETAFIM/netafimsolutionspdf;application/pdf;23668;107leMACPpVpgwfc9cyVOumI0iDOl-8Df;https://drive.google.com/file/d/107leMACPpVpgwfc9cyVOumI0iDOl-8Df/view?usp=drivesdk
non_adherents;NETAFIM;Hors bibliothèque;Documentation culture;Fiche technique;27-solutions-pour-les-serres.pdf;FOURNISEURS NON ADHERENTS MAIS FICHE TECHNIQUE OUF/NETAFIM/netafimsolutionspdf;application/pdf;36913;17miDoX0XOwt_J-JdggO_dwabzXRxHXCJ;https://drive.google.com/file/d/17miDoX0XOwt_J-JdggO_dwabzXRxHXCJ/view?usp=drivesdk
non_adherents;NETAFIM;Hors bibliothèque;Documentation culture;Fiche technique;27a-serres-systemes-d-eau.pdf;FOURNISEURS NON ADHERENTS MAIS FICHE TECHNIQUE OUF/NETAFIM/netafimsolutionspdf;application/pdf;31017;1KOSjZeaFoEEgiMHhjDn9XoeOrA0mVsUc;https://drive.google.com/file/d/1KOSjZeaFoEEgiMHhjDn9XoeOrA0mVsUc/view?usp=drivesdk
non_adherents;NETAFIM;Hors bibliothèque;Documentation culture;Fiche technique;27b-serres-cultures-en-serre.pdf;FOURNISEURS NON ADHERENTS MAIS FICHE TECHNIQUE OUF/NETAFIM/netafimsolutionspdf;application/pdf;20621;1Cu9FLiKxGwkHcYKd44Rbe-E0qZdZt0xE;https://drive.google.com/file/d/1Cu9FLiKxGwkHcYKd44Rbe-E0qZdZt0xE/view?usp=drivesdk
non_adherents;NETAFIM;Hors bibliothèque;Documentation culture;Fiche technique;27c-serres-technologie-de-serre.pdf;FOURNISEURS NON ADHERENTS MAIS FICHE TECHNIQUE OUF/NETAFIM/netafimsolutionspdf;application/pdf;23431;18wFl-djQWkuuPLh4y21AmzoBFuWtHDzu;https://drive.google.com/file/d/18wFl-djQWkuuPLh4y21AmzoBFuWtHDzu/view?usp=drivesdk
non_adherents;NETAFIM;Hors bibliothèque;Documentation culture;Fiche technique;28-agriculture-digitale.pdf;FOURNISEURS NON ADHERENTS MAIS FICHE TECHNIQUE OUF/NETAFIM/netafimsolutionspdf;application/pdf;28206;1qd57u7wrLr-WtAEnrSnlPrbFEtiROedC;https://drive.google.com/file/d/1qd57u7wrLr-WtAEnrSnlPrbFEtiROedC/view?usp=drivesdk
non_adherents;NETAFIM;Hors bibliothèque;Documentation culture;Fiche technique;29-growsphere-crop-advisor.pdf;FOURNISEURS NON ADHERENTS MAIS FICHE TECHNIQUE OUF/NETAFIM/netafimsolutionspdf;application/pdf;24879;1heDRDRy0P31aqCvf1Jq9S7pNWyXgZPgJ;https://drive.google.com/file/d/1heDRDRy0P31aqCvf1Jq9S7pNWyXgZPgJ/view?usp=drivesdk
non_adherents;NETAFIM;Hors bibliothèque;Documentation culture;Fiche technique;30-programmateurs-growsphere.pdf;FOURNISEURS NON ADHERENTS MAIS FICHE TECHNIQUE OUF/NETAFIM/netafimsolutionspdf;application/pdf;22749;1-bmzTRj0kg50gBg3m-aBCYylZDAaQOw5;https://drive.google.com/file/d/1-bmzTRj0kg50gBg3m-aBCYylZDAaQOw5/view?usp=drivesdk
non_adherents;NETAFIM;Hors bibliothèque;Documentation culture;Fiche technique;31-growsphere-max.pdf;FOURNISEURS NON ADHERENTS MAIS FICHE TECHNIQUE OUF/NETAFIM/netafimsolutionspdf;application/pdf;20616;1GcE6E8MhUdqBiERyWnc-JSe5cDVbAiXs;https://drive.google.com/file/d/1GcE6E8MhUdqBiERyWnc-JSe5cDVbAiXs/view?usp=drivesdk
non_adherents;Nelson_Irrigation_Fiches_techniques;Hors bibliothèque;Index / extraction;Fiche technique;INDEX_complet.csv;FOURNISEURS NON ADHERENTS MAIS FICHE TECHNIQUE OUF/Nelson_Irrigation_Fiches_techniques;text/csv;230607;1SxkUrT6V2WwYLJAL7ju1JRMJMCHdh9VJ;https://drive.google.com/file/d/1SxkUrT6V2WwYLJAL7ju1JRMJMCHdh9VJ/view?usp=drivesdk
non_adherents;Nelson_Irrigation_Fiches_techniques;Tuyaux et raccords (réseau);Raccord plastique / compression;Brochure;riser-lok_coupler.pdf;FOURNISEURS NON ADHERENTS MAIS FICHE TECHNIQUE OUF/Nelson_Irrigation_Fiches_techniques/Accessoires/2- Riser-Lok Base & Key/Brochures;application/pdf;605937;1cQ7VC-gCKC1xqZkwQLUzoC7YZV98LI56;https://drive.google.com/file/d/1cQ7VC-gCKC1xqZkwQLUzoC7YZV98LI56/view?usp=drivesdk
non_adherents;Nelson_Irrigation_Fiches_techniques;Tuyaux et raccords (réseau);Raccord plastique / compression;Fiche technique;Riser-Lok Coupler FNPT x ANSI.DWG;FOURNISEURS NON ADHERENTS MAIS FICHE TECHNIQUE OUF/Nelson_Irrigation_Fiches_techniques/Accessoires/2- Riser-Lok Base & Key/Drawings;image/vnd.dwg;291430;1cBnElBw1UwwjRXjPaNf-wKwUsmbjD4Xt;https://drive.google.com/file/d/1cBnElBw1UwwjRXjPaNf-wKwUsmbjD4Xt/view?usp=drivesdk
non_adherents;Nelson_Irrigation_Fiches_techniques;Tuyaux et raccords (réseau);Raccord plastique / compression;Fiche technique;Riser-Lok Coupler FNPT x FNPT.DWG;FOURNISEURS NON ADHERENTS MAIS FICHE TECHNIQUE OUF/Nelson_Irrigation_Fiches_techniques/Accessoires/2- Riser-Lok Base & Key/Drawings;image/vnd.dwg;297564;1O2kP9kYfb9ZG6KPuv_3sNiNkk8iaoHGE;https://drive.google.com/file/d/1O2kP9kYfb9ZG6KPuv_3sNiNkk8iaoHGE/view?usp=drivesdk
non_adherents;Nelson_Irrigation_Fiches_techniques;À classer;;Fiche technique;12699-001-R75M-MKT-WITH-DIMS.DWG;FOURNISEURS NON ADHERENTS MAIS FICHE TECHNIQUE OUF/Nelson_Irrigation_Fiches_techniques/Accessoires/Balayeuse de débris R75M/Drawings & Dimensions;image/vnd.dwg;920881;12g_XJaX-LOAQmJTf7co6VQXuujZ9WY4o;https://drive.google.com/file/d/12g_XJaX-LOAQmJTf7co6VQXuujZ9WY4o/view?usp=drivesdk
non_adherents;Nelson_Irrigation_Fiches_techniques;À classer;;Fiche technique;R75-DEBRIS-SWEEPER.pdf;FOURNISEURS NON ADHERENTS MAIS FICHE TECHNIQUE OUF/Nelson_Irrigation_Fiches_techniques/Accessoires/Balayeuse de débris R75M/Operation & Maintenance;application/pdf;580304;14BOWj3AwcdIbDjeRidbc6C6tOx3-qyFZ;https://drive.google.com/file/d/14BOWj3AwcdIbDjeRidbc6C6tOx3-qyFZ/view?usp=drivesdk
non_adherents;Nelson_Irrigation_Fiches_techniques;À classer;;Brochure;cell-modem-optconnect.pdf;FOURNISEURS NON ADHERENTS MAIS FICHE TECHNIQUE OUF/Nelson_Irrigation_Fiches_techniques/Accessoires/Cell Modem/Brochures;application/pdf;1099972;1wckM17NDEzKCUuVpcOgpwi2drBmmk8Zc;https://drive.google.com/file/d/1wckM17NDEzKCUuVpcOgpwi2drBmmk8Zc/view?usp=drivesdk
non_adherents;Nelson_Irrigation_Fiches_techniques;Tuyaux et raccords (réseau);Vanne;Fiche technique;QC-Valve-and-Key---Marketing-Dimensional-Layout.PDF;FOURNISEURS NON ADHERENTS MAIS FICHE TECHNIQUE OUF/Nelson_Irrigation_Fiches_techniques/Accessoires/Clapet-vanne-poignée de branchement QC100/Drawings & Dimensions;application/pdf;182587;1HgIJ908NqOC6eDesXZMexK1VVtdvtxpJ;https://drive.google.com/file/d/1HgIJ908NqOC6eDesXZMexK1VVtdvtxpJ/view?usp=drivesdk
non_adherents;Nelson_Irrigation_Fiches_techniques;Tuyaux et raccords (réseau);Vanne;Fiche technique;QC100-valve-key-mkt.DWG;FOURNISEURS NON ADHERENTS MAIS FICHE TECHNIQUE OUF/Nelson_Irrigation_Fiches_techniques/Accessoires/Clapet-vanne-poignée de branchement QC100/Drawings & Dimensions;image/vnd.dwg;420770;1ASPvod6eq6Cvz-CtkbcHGqCZdbj4gpoW;https://drive.google.com/file/d/1ASPvod6eq6Cvz-CtkbcHGqCZdbj4gpoW/view?usp=drivesdk
non_adherents;Nelson_Irrigation_Fiches_techniques;Tuyaux et raccords (réseau);Vanne;Services;QC100-PARTS-LIST.pdf;FOURNISEURS NON ADHERENTS MAIS FICHE TECHNIQUE OUF/Nelson_Irrigation_Fiches_techniques/Accessoires/Clapet-vanne-poignée de branchement QC100/Parts & Service Kits;application/pdf;949693;1CfgODLjfYaHrWtN3sgz0mQLTMChvHI8z;https://drive.google.com/file/d/1CfgODLjfYaHrWtN3sgz0mQLTMChvHI8z/view?usp=drivesdk
non_adherents;Nelson_Irrigation_Fiches_techniques;Tuyaux et raccords (réseau);Vanne;Fiche technique;QC150-Valve-and-Key---Marketing-Dimensional-Layout.PDF;FOURNISEURS NON ADHERENTS MAIS FICHE TECHNIQUE OUF/Nelson_Irrigation_Fiches_techniques/Accessoires/Clapet-vanne-poignée de branchement QC150/Drawings & Dimensions;application/pdf;135669;1TSIyjc5ftr-6qUk833PuEZbMr7wic6mn;https://drive.google.com/file/d/1TSIyjc5ftr-6qUk833PuEZbMr7wic6mn/view?usp=drivesdk
non_adherents;Nelson_Irrigation_Fiches_techniques;Tuyaux et raccords (réseau);Vanne;Services;QC150-PARTS-LIST.pdf;FOURNISEURS NON ADHERENTS MAIS FICHE TECHNIQUE OUF/Nelson_Irrigation_Fiches_techniques/Accessoires/Clapet-vanne-poignée de branchement QC150/Parts & Service Kits;application/pdf;919578;1-Xd45J4xKfVJAS__NOHYm4KzMQPp18ZF;https://drive.google.com/file/d/1-Xd45J4xKfVJAS__NOHYm4KzMQPp18ZF/view?usp=drivesdk
non_adherents;Nelson_Irrigation_Fiches_techniques;À classer;;Brochure;Nelson_Coil-Weight.pdf;FOURNISEURS NON ADHERENTS MAIS FICHE TECHNIQUE OUF/Nelson_Irrigation_Fiches_techniques/Accessoires/Contrepoids de bobine/Brochures;application/pdf;3653841;1F4o6_39_MbXyCKwJw479iASK78inVH3R;https://drive.google.com/file/d/1F4o6_39_MbXyCKwJw479iASK78inVH3R/view?usp=drivesdk
non_adherents;Nelson_Irrigation_Fiches_techniques;Pivots et rampes;Pivot / rampe;Fiche technique;PIVOT_WEIGHT.pdf;FOURNISEURS NON ADHERENTS MAIS FICHE TECHNIQUE OUF/Nelson_Irrigation_Fiches_techniques/Accessoires/Contrepoids modulable de 0,45 kg/Assembly & Installation;application/pdf;745921;1pMQsVnsnkzZVUm6lpUOWSkfSc4ctt6tt;https://drive.google.com/file/d/1pMQsVnsnkzZVUm6lpUOWSkfSc4ctt6tt/view?usp=drivesdk
non_adherents;Nelson_Irrigation_Fiches_techniques;À classer;;Fiche technique;COUNTERBALANCE_515.pdf;FOURNISEURS NON ADHERENTS MAIS FICHE TECHNIQUE OUF/Nelson_Irrigation_Fiches_techniques/Accessoires/Kit de contrepoids/Assembly & Installation;application/pdf;328497;112pYwGFG0bLLlJME9kwSp7Jcpkkf0_Wu;https://drive.google.com/file/d/112pYwGFG0bLLlJME9kwSp7Jcpkkf0_Wu/view?usp=drivesdk
non_adherents;Nelson_Irrigation_Fiches_techniques;Aspersion;Asperseur;Fiche technique;Rotator_PVC-stake-ASSY.PDF;FOURNISEURS NON ADHERENTS MAIS FICHE TECHNIQUE OUF/Nelson_Irrigation_Fiches_techniques/Accessoires/Piquet PVC-5 de 1,27 cm et tube d'alimentation (5 mm)/Assembly & Installation;application/pdf;175171;1ywdJn-SUV8kN2A43NsQnjN88QVQBEHNK;https://drive.google.com/file/d/1ywdJn-SUV8kN2A43NsQnjN88QVQBEHNK/view?usp=drivesdk
non_adherents;Nelson_Irrigation_Fiches_techniques;Aspersion;Asperseur;Brochure;Rotator_PVC_Stake_Options.PDF;FOURNISEURS NON ADHERENTS MAIS FICHE TECHNIQUE OUF/Nelson_Irrigation_Fiches_techniques/Accessoires/Piquet PVC-5 de 1,27 cm et tube d'alimentation (5 mm)/Brochures;application/pdf;966707;15T9YA6ews6t5Qdh-94X5Qn1ymKR098ZP;https://drive.google.com/file/d/15T9YA6ews6t5Qdh-94X5Qn1ymKR098ZP/view?usp=drivesdk
non_adherents;Nelson_Irrigation_Fiches_techniques;Automatisme et pilotage;Automate / E-S;Brochure;pressure-switch-for-Twig-V-SE.pdf;FOURNISEURS NON ADHERENTS MAIS FICHE TECHNIQUE OUF/Nelson_Irrigation_Fiches_techniques/Accessoires/Pressure Switch/Brochures;application/pdf;205179;13KuFnNTiSwfhOTIGoye_C2ryQD3dPUwd;https://drive.google.com/file/d/13KuFnNTiSwfhOTIGoye_C2ryQD3dPUwd/view?usp=drivesdk
non_adherents;Nelson_Irrigation_Fiches_techniques;À classer;;Brochure;7 series_FR.pdf;FOURNISEURS NON ADHERENTS MAIS FICHE TECHNIQUE OUF/Nelson_Irrigation_Fiches_techniques/Accessoires/Support de suspension de la série 7/Brochures;application/pdf;2035310;1RttdbPahBNyJM69Rau5iRXSlT-IlmprC;https://drive.google.com/file/d/1RttdbPahBNyJM69Rau5iRXSlT-IlmprC/view?usp=drivesdk
non_adherents;Nelson_Irrigation_Fiches_techniques;Aspersion;Canon;Brochure;BG_TRAVELER_FR.pdf;FOURNISEURS NON ADHERENTS MAIS FICHE TECHNIQUE OUF/Nelson_Irrigation_Fiches_techniques/Arroseurs Big Gun/Big Gun de la série 150/Brochures;application/pdf;334713;1TPU7Hpr1_Eseg3Vdo1I0vi-JalMrrLgV;https://drive.google.com/file/d/1TPU7Hpr1_Eseg3Vdo1I0vi-JalMrrLgV/view?usp=drivesdk
non_adherents;Nelson_Irrigation_Fiches_techniques;Aspersion;Canon;Brochure;Big-Gun_TRAVELER.PDF;FOURNISEURS NON ADHERENTS MAIS FICHE TECHNIQUE OUF/Nelson_Irrigation_Fiches_techniques/Arroseurs Big Gun/Big Gun de la série 150/Brochures;application/pdf;530176;1Vd7lRdXsj8TSP3gMklKIDy45_ay5opw6;https://drive.google.com/file/d/1Vd7lRdXsj8TSP3gMklKIDy45_ay5opw6/view?usp=drivesdk
non_adherents;Nelson_Irrigation_Fiches_techniques;Aspersion;Canon;Services;11090 DRIVE ARM SERVICE KIT SR75_FR.PDF;FOURNISEURS NON ADHERENTS MAIS FICHE TECHNIQUE OUF/Nelson_Irrigation_Fiches_techniques/Arroseurs Big Gun/Big Gun de la série 75/Parts & Service Kits;application/pdf;232503;15Ux-4tD-ogGf-dYI3zjSb-FSF__kKq4y;https://drive.google.com/file/d/15Ux-4tD-ogGf-dYI3zjSb-FSF__kKq4y/view?usp=drivesdk
non_adherents;Nelson_Irrigation_Fiches_techniques;Aspersion;Canon;Services;11464-DRIVE-ARM-SERVICE-KIT-F75.pdf;FOURNISEURS NON ADHERENTS MAIS FICHE TECHNIQUE OUF/Nelson_Irrigation_Fiches_techniques/Arroseurs Big Gun/Big Gun de la série 75/Parts & Service Kits;application/pdf;221260;18WQvn4aPWXMSj9O_YNo5qSSX5YO5m6NR;https://drive.google.com/file/d/18WQvn4aPWXMSj9O_YNo5qSSX5YO5m6NR/view?usp=drivesdk
non_adherents;Nelson_Irrigation_Fiches_techniques;Aspersion;Canon;Services;BG_F75PL.pdf;FOURNISEURS NON ADHERENTS MAIS FICHE TECHNIQUE OUF/Nelson_Irrigation_Fiches_techniques/Arroseurs Big Gun/Big Gun de la série 75/Parts & Service Kits;application/pdf;1018963;1fwPzaQs8dRlfV9J6j9tnzw2PsyUNEqxF;https://drive.google.com/file/d/1fwPzaQs8dRlfV9J6j9tnzw2PsyUNEqxF/view?usp=drivesdk
non_adherents;Nelson_Irrigation_Fiches_techniques;Aspersion;Canon;Services;BG_SR75PL.pdf;FOURNISEURS NON ADHERENTS MAIS FICHE TECHNIQUE OUF/Nelson_Irrigation_Fiches_techniques/Arroseurs Big Gun/Big Gun de la série 75/Parts & Service Kits;application/pdf;1105615;1gXBQsz6von6e9YfV-SeCbeMdm2Msl68O;https://drive.google.com/file/d/1gXBQsz6von6e9YfV-SeCbeMdm2Msl68O/view?usp=drivesdk
non_adherents;Nelson_Irrigation_Fiches_techniques;Aspersion;Canon;Services;Big-Gun_11090-DRIVE-ARM-SERVICE-KIT-SR75.PDF;FOURNISEURS NON ADHERENTS MAIS FICHE TECHNIQUE OUF/Nelson_Irrigation_Fiches_techniques/Arroseurs Big Gun/Big Gun de la série 75/Parts & Service Kits;application/pdf;235214;1jTlXXVpjLS3Z2T78OqJvuJR-uYNjCU9t;https://drive.google.com/file/d/1jTlXXVpjLS3Z2T78OqJvuJR-uYNjCU9t/view?usp=drivesdk
non_adherents;Nelson_Irrigation_Fiches_techniques;Aspersion;Canon;Pièces détachées;Big-Gun_12804-TRIP-LEVER-KIT_100-150-SERIES.PDF;FOURNISEURS NON ADHERENTS MAIS FICHE TECHNIQUE OUF/Nelson_Irrigation_Fiches_techniques/Arroseurs Big Gun/Pièces détachées et kits d'entretien Big Gun/Parts & Service Kits;application/pdf;198912;1ZMVQmCPbLMSClUAYzLirdXbeNZhqbIjz;https://drive.google.com/file/d/1ZMVQmCPbLMSClUAYzLirdXbeNZhqbIjz/view?usp=drivesdk
non_adherents;Nelson_Irrigation_Fiches_techniques;Aspersion;Canon;Pièces détachées;Big-Gun_12805-SHIFT-LEVER-KIT_100-150-SERIES.PDF;FOURNISEURS NON ADHERENTS MAIS FICHE TECHNIQUE OUF/Nelson_Irrigation_Fiches_techniques/Arroseurs Big Gun/Pièces détachées et kits d'entretien Big Gun/Parts & Service Kits;application/pdf;439520;18W0MFn6Ljwwj3rfO_LcgCM68VaJ9W9oQ;https://drive.google.com/file/d/18W0MFn6Ljwwj3rfO_LcgCM68VaJ9W9oQ/view?usp=drivesdk
non_adherents;Nelson_Irrigation_Fiches_techniques;Aspersion;Canon;Fiche technique;SRA150DIM.DWG;FOURNISEURS NON ADHERENTS MAIS FICHE TECHNIQUE OUF/Nelson_Irrigation_Fiches_techniques/Arroseurs Big Gun/SRA150 à trajectoire réglable/Drawings & Dimensions;image/vnd.dwg;204201;1mkbsFZgGnJritpHtLy9KQ4sR0FOXBAtr;https://drive.google.com/file/d/1mkbsFZgGnJritpHtLy9KQ4sR0FOXBAtr/view?usp=drivesdk
non_adherents;Nelson_Irrigation_Fiches_techniques;Aspersion;Canon;Fiche technique;SRA150DIM.PDF;FOURNISEURS NON ADHERENTS MAIS FICHE TECHNIQUE OUF/Nelson_Irrigation_Fiches_techniques/Arroseurs Big Gun/SRA150 à trajectoire réglable/Drawings & Dimensions;application/pdf;77428;1M2pQB3sAALSwW5P_meWXCdz0dDeLUTp0;https://drive.google.com/file/d/1M2pQB3sAALSwW5P_meWXCdz0dDeLUTp0/view?usp=drivesdk
non_adherents;Nelson_Irrigation_Fiches_techniques;Aspersion;Asperseur;Brochure;MP_Rot_METRIC_515.pdf;FOURNISEURS NON ADHERENTS MAIS FICHE TECHNIQUE OUF/Nelson_Irrigation_Fiches_techniques/Arroseurs MP Rotator/MP1000/Brochures;application/pdf;2529644;1P54f6S3yAl0TaL37AUjTmVG7IGX3z-XV;https://drive.google.com/file/d/1P54f6S3yAl0TaL37AUjTmVG7IGX3z-XV/view?usp=drivesdk
non_adherents;Nelson_Irrigation_Fiches_techniques;Aspersion;Asperseur;Brochure;MP_3500.pdf;FOURNISEURS NON ADHERENTS MAIS FICHE TECHNIQUE OUF/Nelson_Irrigation_Fiches_techniques/Arroseurs MP Rotator/MP3500/Brochures;application/pdf;482203;1I_tQzLgFmaZapHeqZylCxToE-55J7Jjm;https://drive.google.com/file/d/1I_tQzLgFmaZapHeqZylCxToE-55J7Jjm/view?usp=drivesdk
non_adherents;Nelson_Irrigation_Fiches_techniques;Aspersion;Asperseur;Brochure;CA-Cutsheet-MP-Rotator-800-US.pdf;FOURNISEURS NON ADHERENTS MAIS FICHE TECHNIQUE OUF/Nelson_Irrigation_Fiches_techniques/Arroseurs MP Rotator/MP800/Brochures;application/pdf;510494;1_lc7ipS-cCsTgOxdEzFwTN5IB1TG1L9S;https://drive.google.com/file/d/1_lc7ipS-cCsTgOxdEzFwTN5IB1TG1L9S/view?usp=drivesdk
non_adherents;Nelson_Irrigation_Fiches_techniques;Aspersion;Asperseur;Brochure;MP Rotator Resource Guide.pdf;FOURNISEURS NON ADHERENTS MAIS FICHE TECHNIQUE OUF/Nelson_Irrigation_Fiches_techniques/Arroseurs MP Rotator/MP800/Brochures;application/pdf;855505;18JWV2Y--tKkAZ7sKQbIHYBsx4DGieo-w;https://drive.google.com/file/d/18JWV2Y--tKkAZ7sKQbIHYBsx4DGieo-w/view?usp=drivesdk
non_adherents;Nelson_Irrigation_Fiches_techniques;Aspersion;Asperseur;Brochure;MP_Rot_US-709.pdf;FOURNISEURS NON ADHERENTS MAIS FICHE TECHNIQUE OUF/Nelson_Irrigation_Fiches_techniques/Arroseurs MP Rotator/MP800/Brochures;application/pdf;1463918;1WxwgmkgAJbarcUI3vfYQfpAQIPn265YD;https://drive.google.com/file/d/1WxwgmkgAJbarcUI3vfYQfpAQIPn265YD/view?usp=drivesdk
non_adherents;Nelson_Irrigation_Fiches_techniques;Aspersion;Asperseur;Brochure;MP Rotator (8-page FRENCH METRIC).pdf;FOURNISEURS NON ADHERENTS MAIS FICHE TECHNIQUE OUF/Nelson_Irrigation_Fiches_techniques/Arroseurs MP Rotator/MP815/Brochures;application/pdf;1061133;12d9N7X8kDFDkDlG-pFgBeE-vqEKscsH_;https://drive.google.com/file/d/12d9N7X8kDFDkDlG-pFgBeE-vqEKscsH_/view?usp=drivesdk
non_adherents;Nelson_Irrigation_Fiches_techniques;Aspersion;Asperseur;Fiche technique;MP-ROTATOR-APPLICATION-GUIDE.pdf;FOURNISEURS NON ADHERENTS MAIS FICHE TECHNIQUE OUF/Nelson_Irrigation_Fiches_techniques/Arroseurs MP Rotator/_Famille/Technical;application/pdf;1462980;1dZ9p33Z4nGsn2PDyyfK3g54ThgtG5Us_;https://drive.google.com/file/d/1dZ9p33Z4nGsn2PDyyfK3g54ThgtG5Us_/view?usp=drivesdk
non_adherents;Nelson_Irrigation_Fiches_techniques;Aspersion;Asperseur;Brochure;MS10_2026-French.pdf;FOURNISEURS NON ADHERENTS MAIS FICHE TECHNIQUE OUF/Nelson_Irrigation_Fiches_techniques/Arroseurs Rotator/MS10 Rotator/Brochures;application/pdf;5928870;1us96B2tl0eDoVnvpdqPmXQH347hEhBFP;https://drive.google.com/file/d/1us96B2tl0eDoVnvpdqPmXQH347hEhBFP/view?usp=drivesdk
non_adherents;Nelson_Irrigation_Fiches_techniques;Aspersion;Asperseur;Brochure;MS10_update October 2025.pdf;FOURNISEURS NON ADHERENTS MAIS FICHE TECHNIQUE OUF/Nelson_Irrigation_Fiches_techniques/Arroseurs Rotator/MS10 Rotator/Brochures;application/pdf;5928476;1W0j3iaHapOwi5D6HsuFq9hz69yROxNd-;https://drive.google.com/file/d/1W0j3iaHapOwi5D6HsuFq9hz69yROxNd-/view?usp=drivesdk
non_adherents;Nelson_Irrigation_Fiches_techniques;Aspersion;Asperseur;Brochure;ROTATOR_PC-R2000WF.pdf;FOURNISEURS NON ADHERENTS MAIS FICHE TECHNIQUE OUF/Nelson_Irrigation_Fiches_techniques/Arroseurs Rotator/Modèle sectoriel du R2000WF-LP/Brochures;application/pdf;769829;1PgrK4T4gq91_WsOl2L089jNSBDSZWa_A;https://drive.google.com/file/d/1PgrK4T4gq91_WsOl2L089jNSBDSZWa_A/view?usp=drivesdk
non_adherents;Nelson_Irrigation_Fiches_techniques;Aspersion;Asperseur;Catalogue;2025 Whole Goods Catalog No$.pdf;FOURNISEURS NON ADHERENTS MAIS FICHE TECHNIQUE OUF/Nelson_Irrigation_Fiches_techniques/Arroseurs Rotator/Piquets et tubes d'alimentation/Brochures;application/pdf;12953361;19YynAQwULBgmo7GPAPgIAlCHA0pfE71d;https://drive.google.com/file/d/19YynAQwULBgmo7GPAPgIAlCHA0pfE71d/view?usp=drivesdk
non_adherents;Nelson_Irrigation_Fiches_techniques;Aspersion;Asperseur;Brochure;ROTATOR_R10_Brochure.pdf;FOURNISEURS NON ADHERENTS MAIS FICHE TECHNIQUE OUF/Nelson_Irrigation_Fiches_techniques/Arroseurs Rotator/Rotator R10/Brochures;application/pdf;8212258;1V5tSxFMvI_uY3lp_5kzxa3o53X-tnOsu;https://drive.google.com/file/d/1V5tSxFMvI_uY3lp_5kzxa3o53X-tnOsu/view?usp=drivesdk
non_adherents;Nelson_Irrigation_Fiches_techniques;Aspersion;Asperseur;Brochure;Rotator_drip-x-acme.PDF;FOURNISEURS NON ADHERENTS MAIS FICHE TECHNIQUE OUF/Nelson_Irrigation_Fiches_techniques/Arroseurs Rotator/Rotator R10/Brochures;application/pdf;728848;1LYWO2Z79KJJ4T0Y9AXmlRlWJq5wMk5BV;https://drive.google.com/file/d/1LYWO2Z79KJJ4T0Y9AXmlRlWJq5wMk5BV/view?usp=drivesdk
non_adherents;Nelson_Irrigation_Fiches_techniques;Aspersion;Asperseur;Brochure;ROTATOR_R10_FRENCH.pdf;FOURNISEURS NON ADHERENTS MAIS FICHE TECHNIQUE OUF/Nelson_Irrigation_Fiches_techniques/Arroseurs Rotator/Rotator R10T/Brochures;application/pdf;1854650;15W3rrHAsIhzOJxI_P16_g4_TqE5IZzBN;https://drive.google.com/file/d/15W3rrHAsIhzOJxI_P16_g4_TqE5IZzBN/view?usp=drivesdk
non_adherents;Nelson_Irrigation_Fiches_techniques;Aspersion;Asperseur;Brochure;Rotator_R10TG.PDF;FOURNISEURS NON ADHERENTS MAIS FICHE TECHNIQUE OUF/Nelson_Irrigation_Fiches_techniques/Arroseurs Rotator/Rotator R10TG/Brochures;application/pdf;153101;1vbHYXM9Wdv2xOsTnbXKECgiZn8OpeX20;https://drive.google.com/file/d/1vbHYXM9Wdv2xOsTnbXKECgiZn8OpeX20/view?usp=drivesdk
non_adherents;Nelson_Irrigation_Fiches_techniques;Aspersion;Asperseur;Brochure;QUICK_CONNECT_FITTINGS.pdf;FOURNISEURS NON ADHERENTS MAIS FICHE TECHNIQUE OUF/Nelson_Irrigation_Fiches_techniques/Arroseurs Rotator/Rotator R2000/Brochures;application/pdf;429124;1e0Gi9zcU-lCzK216sMJ6dKI6TAyhbWny;https://drive.google.com/file/d/1e0Gi9zcU-lCzK216sMJ6dKI6TAyhbWny/view?usp=drivesdk
non_adherents;Nelson_Irrigation_Fiches_techniques;Aspersion;Asperseur;Brochure;ROTATOR_FCI_Pocket_FR.pdf;FOURNISEURS NON ADHERENTS MAIS FICHE TECHNIQUE OUF/Nelson_Irrigation_Fiches_techniques/Arroseurs Rotator/Rotator R2000/Brochures;application/pdf;1209700;1XKWPwBNW3OVhAyi6oDlgvV6EIW1XQqP3;https://drive.google.com/file/d/1XKWPwBNW3OVhAyi6oDlgvV6EIW1XQqP3/view?usp=drivesdk
non_adherents;Nelson_Irrigation_Fiches_techniques;Aspersion;Asperseur;Brochure;ROTATOR_R2000_Brochure_1.pdf;FOURNISEURS NON ADHERENTS MAIS FICHE TECHNIQUE OUF/Nelson_Irrigation_Fiches_techniques/Arroseurs Rotator/Rotator R2000/Brochures;application/pdf;1331121;1TmGvKiG7kZ46vpzI-nzQlGAw7SBQCN16;https://drive.google.com/file/d/1TmGvKiG7kZ46vpzI-nzQlGAw7SBQCN16/view?usp=drivesdk
non_adherents;Nelson_Irrigation_Fiches_techniques;Aspersion;Asperseur;Brochure;ROTATOR_R2000_FR.pdf;FOURNISEURS NON ADHERENTS MAIS FICHE TECHNIQUE OUF/Nelson_Irrigation_Fiches_techniques/Arroseurs Rotator/Rotator R2000/Brochures;application/pdf;6603147;1aiJMAKfPdqgG0c0Zt7UO9SggZigQ2FW2;https://drive.google.com/file/d/1aiJMAKfPdqgG0c0Zt7UO9SggZigQ2FW2/view?usp=drivesdk
non_adherents;Nelson_Irrigation_Fiches_techniques;Aspersion;Asperseur;Brochure;Rotator_FCI_Pocket.PDF;FOURNISEURS NON ADHERENTS MAIS FICHE TECHNIQUE OUF/Nelson_Irrigation_Fiches_techniques/Arroseurs Rotator/Rotator R2000/Brochures;application/pdf;437134;1tTMq3VvjD59yQbbHTj5i2Gprd5zwe1Ff;https://drive.google.com/file/d/1tTMq3VvjD59yQbbHTj5i2Gprd5zwe1Ff/view?usp=drivesdk
non_adherents;Nelson_Irrigation_Fiches_techniques;Aspersion;Asperseur;Brochure;R2000FX_EN_us_metric.pdf;FOURNISEURS NON ADHERENTS MAIS FICHE TECHNIQUE OUF/Nelson_Irrigation_Fiches_techniques/Arroseurs Rotator/Rotator R2000FX/Brochures;application/pdf;3804292;12eBf7T-DD1ZhEpwcO_f1oP_FLaGrarsp;https://drive.google.com/file/d/12eBf7T-DD1ZhEpwcO_f1oP_FLaGrarsp/view?usp=drivesdk
non_adherents;Nelson_Irrigation_Fiches_techniques;Aspersion;Asperseur;Brochure;R2000FX_FR_us_metric.pdf;FOURNISEURS NON ADHERENTS MAIS FICHE TECHNIQUE OUF/Nelson_Irrigation_Fiches_techniques/Arroseurs Rotator/Rotator R2000FX/Brochures;application/pdf;3795559;11dM0StC64hyO9zAu2fkpXNVjHXJ8U_v3;https://drive.google.com/file/d/11dM0StC64hyO9zAu2fkpXNVjHXJ8U_v3/view?usp=drivesdk
non_adherents;Nelson_Irrigation_Fiches_techniques;Aspersion;Asperseur;Brochure;R2000FX_parts 2025-FR.pdf;FOURNISEURS NON ADHERENTS MAIS FICHE TECHNIQUE OUF/Nelson_Irrigation_Fiches_techniques/Arroseurs Rotator/Rotator R2000FX/Brochures;application/pdf;581171;1qw8NfhNQtwkPTCAxxQ4sBKIVXG-4QhxE;https://drive.google.com/file/d/1qw8NfhNQtwkPTCAxxQ4sBKIVXG-4QhxE/view?usp=drivesdk
non_adherents;Nelson_Irrigation_Fiches_techniques;Aspersion;Asperseur;Brochure;R2000FX_parts 2025.pdf;FOURNISEURS NON ADHERENTS MAIS FICHE TECHNIQUE OUF/Nelson_Irrigation_Fiches_techniques/Arroseurs Rotator/Rotator R2000FX/Brochures;application/pdf;558029;1mEyPwvXAK9lrUlEzYSUf8qc05pJgAEwE;https://drive.google.com/file/d/1mEyPwvXAK9lrUlEzYSUf8qc05pJgAEwE/view?usp=drivesdk
non_adherents;Nelson_Irrigation_Fiches_techniques;Aspersion;Asperseur;Fiche technique;R2000WF_assy_2024.pdf;FOURNISEURS NON ADHERENTS MAIS FICHE TECHNIQUE OUF/Nelson_Irrigation_Fiches_techniques/Arroseurs Rotator/Rotator R2000WF-R2000LP/Assembly & Installation;application/pdf;593332;1kDSQXbMQMI3ZTTtqBJlPeIB-qDEeRDHC;https://drive.google.com/file/d/1kDSQXbMQMI3ZTTtqBJlPeIB-qDEeRDHC/view?usp=drivesdk
non_adherents;Nelson_Irrigation_Fiches_techniques;Aspersion;Asperseur;Fiche technique;Rotator_R2000WF_assy.PDF;FOURNISEURS NON ADHERENTS MAIS FICHE TECHNIQUE OUF/Nelson_Irrigation_Fiches_techniques/Arroseurs Rotator/Rotator R2000WF-R2000LP/Assembly & Installation;application/pdf;594600;1zPMG2eHvGvWKhHjBSak0UaBut0jGMvKe;https://drive.google.com/file/d/1zPMG2eHvGvWKhHjBSak0UaBut0jGMvKe/view?usp=drivesdk
non_adherents;Nelson_Irrigation_Fiches_techniques;Aspersion;Asperseur;Brochure;Rotator_R2000WF-Brochure.PDF;FOURNISEURS NON ADHERENTS MAIS FICHE TECHNIQUE OUF/Nelson_Irrigation_Fiches_techniques/Arroseurs Rotator/Rotator R2000WF-R2000LP/Brochures;application/pdf;4104432;18G3dPqqEvkeU2Ovqzct-4HR0PGsizhoT;https://drive.google.com/file/d/18G3dPqqEvkeU2Ovqzct-4HR0PGsizhoT/view?usp=drivesdk
non_adherents;Nelson_Irrigation_Fiches_techniques;Aspersion;Asperseur;Brochure;ROTATOR_R2000WF_FR.pdf;FOURNISEURS NON ADHERENTS MAIS FICHE TECHNIQUE OUF/Nelson_Irrigation_Fiches_techniques/Arroseurs Rotator/Rotator R2000WF/Brochures;application/pdf;4199497;1sqjkAvhU89SSFl8YksnXMwn6saKy2gxh;https://drive.google.com/file/d/1sqjkAvhU89SSFl8YksnXMwn6saKy2gxh/view?usp=drivesdk
non_adherents;Nelson_Irrigation_Fiches_techniques;Aspersion;Asperseur;Brochure;ROTATOR_R33 Brochure_FR.pdf;FOURNISEURS NON ADHERENTS MAIS FICHE TECHNIQUE OUF/Nelson_Irrigation_Fiches_techniques/Arroseurs Rotator/Rotator R33-R33LP/Brochures;application/pdf;2087617;1rf5yc8SfKYZPTHFkY1uKH-MVW1wP0G-_;https://drive.google.com/file/d/1rf5yc8SfKYZPTHFkY1uKH-MVW1wP0G-_/view?usp=drivesdk
non_adherents;Nelson_Irrigation_Fiches_techniques;Aspersion;Asperseur;Brochure;ROTATOR_R33-NV R33LP-NV.pdf;FOURNISEURS NON ADHERENTS MAIS FICHE TECHNIQUE OUF/Nelson_Irrigation_Fiches_techniques/Arroseurs Rotator/Rotator R33-R33LP/Brochures;application/pdf;6686887;1CXZA59-2QVc0DTavOLngStCAyGdzYIna;https://drive.google.com/file/d/1CXZA59-2QVc0DTavOLngStCAyGdzYIna/view?usp=drivesdk
non_adherents;Nelson_Irrigation_Fiches_techniques;Aspersion;Asperseur;Fiche technique;Performance Pocket Guide_METRIC_FR.pdf;FOURNISEURS NON ADHERENTS MAIS FICHE TECHNIQUE OUF/Nelson_Irrigation_Fiches_techniques/Arroseurs Rotator/Rotator R33-R33LP/Performances et caractéristiques;application/pdf;7645917;1piD1J64bhDCPTbanwI6SELtU5BNiuRo4;https://drive.google.com/file/d/1piD1J64bhDCPTbanwI6SELtU5BNiuRo4/view?usp=drivesdk
non_adherents;Nelson_Irrigation_Fiches_techniques;Aspersion;Asperseur;Brochure;ROTATOR_R5_FR.pdf;FOURNISEURS NON ADHERENTS MAIS FICHE TECHNIQUE OUF/Nelson_Irrigation_Fiches_techniques/Arroseurs Rotator/Rotator R5/Brochures;application/pdf;4922121;1pJU7LhNDipePElLtojODkD3thVOpssA4;https://drive.google.com/file/d/1pJU7LhNDipePElLtojODkD3thVOpssA4/view?usp=drivesdk
non_adherents;Nelson_Irrigation_Fiches_techniques;Aspersion;Asperseur;Brochure;Rotator_R5-Brochure.PDF;FOURNISEURS NON ADHERENTS MAIS FICHE TECHNIQUE OUF/Nelson_Irrigation_Fiches_techniques/Arroseurs Rotator/Rotator R5/Brochures;application/pdf;4762283;1srBxAjjs87hc-hHiXJnX8YemytICqW23;https://drive.google.com/file/d/1srBxAjjs87hc-hHiXJnX8YemytICqW23/view?usp=drivesdk
non_adherents;Nelson_Irrigation_Fiches_techniques;Aspersion;Asperseur;Fiche technique;ROTATOR_PERF_GUIDE_METRIC.pdf;FOURNISEURS NON ADHERENTS MAIS FICHE TECHNIQUE OUF/Nelson_Irrigation_Fiches_techniques/Arroseurs Rotator/Rotator R5/Performance & Specifications;application/pdf;7724703;1PPQYxendSWfVj-wthoovy1zlZrZTyLtn;https://drive.google.com/file/d/1PPQYxendSWfVj-wthoovy1zlZrZTyLtn/view?usp=drivesdk
non_adherents;Nelson_Irrigation_Fiches_techniques;Aspersion;Asperseur;Fiche technique;ROTATOR_PERF_GUIDE_us.pdf;FOURNISEURS NON ADHERENTS MAIS FICHE TECHNIQUE OUF/Nelson_Irrigation_Fiches_techniques/Arroseurs Rotator/Rotator R5/Performance & Specifications;application/pdf;7898158;1Oyk4o53aXSJpxzf1I04st7pUOdTr4nxh;https://drive.google.com/file/d/1Oyk4o53aXSJpxzf1I04st7pUOdTr4nxh/view?usp=drivesdk
non_adherents;Nelson_Irrigation_Fiches_techniques;Aspersion;Asperseur;Fiche technique;ROTATOR_filtration.pdf;FOURNISEURS NON ADHERENTS MAIS FICHE TECHNIQUE OUF/Nelson_Irrigation_Fiches_techniques/Arroseurs Rotator/Rotator R5/Technical;application/pdf;191700;1L-xfTA-prr7s2Ppg52gtejTh5U0wjVDv;https://drive.google.com/file/d/1L-xfTA-prr7s2Ppg52gtejTh5U0wjVDv/view?usp=drivesdk
non_adherents;Nelson_Irrigation_Fiches_techniques;Aspersion;Asperseur;Manuel / notice;7-SERIES-TRELLIS-CLIP-INSTRUCTIONS.pdf;FOURNISEURS NON ADHERENTS MAIS FICHE TECHNIQUE OUF/Nelson_Irrigation_Fiches_techniques/Arroseurs Rotator/Rotator R7/Assembly & Installation;application/pdf;1686635;1tawJgTs1UDJhM9Levx3QtQuxQ054Er8X;https://drive.google.com/file/d/1tawJgTs1UDJhM9Levx3QtQuxQ054Er8X/view?usp=drivesdk
non_adherents;Nelson_Irrigation_Fiches_techniques;Aspersion;Asperseur;Brochure;R7_brochure.pdf;FOURNISEURS NON ADHERENTS MAIS FICHE TECHNIQUE OUF/Nelson_Irrigation_Fiches_techniques/Arroseurs Rotator/Rotator R7/Brochures;application/pdf;2621214;1oJSD5_22zlok9dvCsQ1FamAN6CX9WvHa;https://drive.google.com/file/d/1oJSD5_22zlok9dvCsQ1FamAN6CX9WvHa/view?usp=drivesdk
non_adherents;Nelson_Irrigation_Fiches_techniques;Aspersion;Asperseur;Brochure;R7_brochure_125_fr-FR.pdf;FOURNISEURS NON ADHERENTS MAIS FICHE TECHNIQUE OUF/Nelson_Irrigation_Fiches_techniques/Arroseurs Rotator/Rotator R7/Brochures;application/pdf;2629020;1ivhIoI9b9CpN0O96fD5WL_yoRRc-fxap;https://drive.google.com/file/d/1ivhIoI9b9CpN0O96fD5WL_yoRRc-fxap/view?usp=drivesdk
non_adherents;Nelson_Irrigation_Fiches_techniques;Pivots et rampes;Pivot / rampe;Fiche technique;Pivot_3030-ASSY.PDF;FOURNISEURS NON ADHERENTS MAIS FICHE TECHNIQUE OUF/Nelson_Irrigation_Fiches_techniques/Arroseurs pour pivots/Accelerator/Assembly & Installation;application/pdf;789067;1W4NTqbBkEhTONCzY5XyE7lmbpMeAmsSz;https://drive.google.com/file/d/1W4NTqbBkEhTONCzY5XyE7lmbpMeAmsSz/view?usp=drivesdk
non_adherents;Nelson_Irrigation_Fiches_techniques;Pivots et rampes;Pivot / rampe;Brochure;Nelson Cut_A3030_FR.pdf;FOURNISEURS NON ADHERENTS MAIS FICHE TECHNIQUE OUF/Nelson_Irrigation_Fiches_techniques/Arroseurs pour pivots/Accelerator/Brochures;application/pdf;310782;1lz1Xjvc8fQHwNzPIXfQm_SCYawJcHgiy;https://drive.google.com/file/d/1lz1Xjvc8fQHwNzPIXfQm_SCYawJcHgiy/view?usp=drivesdk
non_adherents;Nelson_Irrigation_Fiches_techniques;Pivots et rampes;Pivot / rampe;Brochure;PP2EG_NIC.pdf;FOURNISEURS NON ADHERENTS MAIS FICHE TECHNIQUE OUF/Nelson_Irrigation_Fiches_techniques/Arroseurs pour pivots/Accelerator/Brochures;application/pdf;8778457;1_bNWMa2Hy7E4M0U45IdQDIwYYZ2N69_2;https://drive.google.com/file/d/1_bNWMa2Hy7E4M0U45IdQDIwYYZ2N69_2/view?usp=drivesdk
non_adherents;Nelson_Irrigation_Fiches_techniques;Pivots et rampes;Pivot / rampe;Brochure;Pivot_A3030-ACCELERATOR.PDF;FOURNISEURS NON ADHERENTS MAIS FICHE TECHNIQUE OUF/Nelson_Irrigation_Fiches_techniques/Arroseurs pour pivots/Accelerator/Brochures;application/pdf;1175012;1YuQCgGPPtjjLCQPUMMHqD-A8d6QeZ0x1;https://drive.google.com/file/d/1YuQCgGPPtjjLCQPUMMHqD-A8d6QeZ0x1/view?usp=drivesdk
non_adherents;Nelson_Irrigation_Fiches_techniques;Pivots et rampes;Pivot / rampe;Fiche technique;3TN_3NV NOZZLE CHART.pdf;FOURNISEURS NON ADHERENTS MAIS FICHE TECHNIQUE OUF/Nelson_Irrigation_Fiches_techniques/Arroseurs pour pivots/Accelerator/Performance & Specifications;application/pdf;307116;1viQ4CQWa2s_SWAl6QOt4rS9_go7ySGzd;https://drive.google.com/file/d/1viQ4CQWa2s_SWAl6QOt4rS9_go7ySGzd/view?usp=drivesdk
non_adherents;Nelson_Irrigation_Fiches_techniques;Pivots et rampes;Pivot / rampe;Fiche technique;Pivot_3030_Pivot-Design-Form.PDF;FOURNISEURS NON ADHERENTS MAIS FICHE TECHNIQUE OUF/Nelson_Irrigation_Fiches_techniques/Arroseurs pour pivots/Accelerator/Technical;application/pdf;82735;1-zJHT8md3AyDjNyYfMvx9tbggpFRWbLB;https://drive.google.com/file/d/1-zJHT8md3AyDjNyYfMvx9tbggpFRWbLB/view?usp=drivesdk
non_adherents;Nelson_Irrigation_Fiches_techniques;Pivots et rampes;Pivot / rampe;Brochure;PP2EG_NIC_updated file 10312023_FR.pdf;FOURNISEURS NON ADHERENTS MAIS FICHE TECHNIQUE OUF/Nelson_Irrigation_Fiches_techniques/Arroseurs pour pivots/Accessoires pour pivots/Brochures;application/pdf;8731609;10lk6SbAs6C34stQ73t-AoRe5kZd_q5GZ;https://drive.google.com/file/d/10lk6SbAs6C34stQ73t-AoRe5kZd_q5GZ/view?usp=drivesdk
non_adherents;Nelson_Irrigation_Fiches_techniques;Pivots et rampes;Pivot / rampe;Fiche technique;PIVOT_3000Assy.pdf;FOURNISEURS NON ADHERENTS MAIS FICHE TECHNIQUE OUF/Nelson_Irrigation_Fiches_techniques/Arroseurs pour pivots/Arroseur R3000 avec buse 3TN/Assembly & Installation;application/pdf;861210;1IPr0eJBDLZ169soJdc2nk2Qp8XN8Vszk;https://drive.google.com/file/d/1IPr0eJBDLZ169soJdc2nk2Qp8XN8Vszk/view?usp=drivesdk
non_adherents;Nelson_Irrigation_Fiches_techniques;Pivots et rampes;Pivot / rampe;Brochure;Pivot_PART-CIRCLE.PDF;FOURNISEURS NON ADHERENTS MAIS FICHE TECHNIQUE OUF/Nelson_Irrigation_Fiches_techniques/Arroseurs pour pivots/Arroseurs sectoriels/Brochures;application/pdf;3721440;1ezuK4gBGBh_JcIzfbMwNfy2o93e7S-mY;https://drive.google.com/file/d/1ezuK4gBGBh_JcIzfbMwNfy2o93e7S-mY/view?usp=drivesdk
non_adherents;Nelson_Irrigation_Fiches_techniques;Pivots et rampes;Pivot / rampe;Fiche technique;3TN_3NV NOZZLE CHART_FR.pdf;FOURNISEURS NON ADHERENTS MAIS FICHE TECHNIQUE OUF/Nelson_Irrigation_Fiches_techniques/Arroseurs pour pivots/Clips de buse/Performances et caractéristiques;application/pdf;313123;1WujSe6hpPvTJVUOVBMfj5E1YpGF5Vjgw;https://drive.google.com/file/d/1WujSe6hpPvTJVUOVBMfj5E1YpGF5Vjgw/view?usp=drivesdk
non_adherents;Nelson_Irrigation_Fiches_techniques;Pivots et rampes;Pivot / rampe;Brochure;GOOSENECK.pdf;FOURNISEURS NON ADHERENTS MAIS FICHE TECHNIQUE OUF/Nelson_Irrigation_Fiches_techniques/Arroseurs pour pivots/Cols de cygne/Brochures;application/pdf;288748;1oEkcLG-fIhZ2K5Djz69cKlme7_0euEuF;https://drive.google.com/file/d/1oEkcLG-fIhZ2K5Djz69cKlme7_0euEuF/view?usp=drivesdk
non_adherents;Nelson_Irrigation_Fiches_techniques;Pivots et rampes;Pivot / rampe;Brochure;O3030FX.pdf;FOURNISEURS NON ADHERENTS MAIS FICHE TECHNIQUE OUF/Nelson_Irrigation_Fiches_techniques/Arroseurs pour pivots/Orbitor FX/Brochures;application/pdf;529103;1VNEpF3306kZSYQoEThrIUO0viRpV0Tdc;https://drive.google.com/file/d/1VNEpF3306kZSYQoEThrIUO0viRpV0Tdc/view?usp=drivesdk
non_adherents;Nelson_Irrigation_Fiches_techniques;Pivots et rampes;Pivot / rampe;Fiche technique;Pivot_O3000_ASSEMBLY_3000.3030.PDF;FOURNISEURS NON ADHERENTS MAIS FICHE TECHNIQUE OUF/Nelson_Irrigation_Fiches_techniques/Arroseurs pour pivots/Orbitor/Assembly & Installation;application/pdf;823195;151YHkhPwJKux6D4w3AEdVBoajpbo9vyB;https://drive.google.com/file/d/151YHkhPwJKux6D4w3AEdVBoajpbo9vyB/view?usp=drivesdk
non_adherents;Nelson_Irrigation_Fiches_techniques;Pivots et rampes;Pivot / rampe;Fiche technique;Pivot_O3000_TEE.PDF;FOURNISEURS NON ADHERENTS MAIS FICHE TECHNIQUE OUF/Nelson_Irrigation_Fiches_techniques/Arroseurs pour pivots/Orbitor/Assembly & Installation;application/pdf;520709;1-V7mf2-Q1lTaPB1fwFqFzGIT8pWqHcci;https://drive.google.com/file/d/1-V7mf2-Q1lTaPB1fwFqFzGIT8pWqHcci/view?usp=drivesdk
non_adherents;Nelson_Irrigation_Fiches_techniques;Pivots et rampes;Pivot / rampe;Fiche technique;Pivot_ORBITOR_ASSY_PLASTIC.PDF;FOURNISEURS NON ADHERENTS MAIS FICHE TECHNIQUE OUF/Nelson_Irrigation_Fiches_techniques/Arroseurs pour pivots/Orbitor/Assembly & Installation;application/pdf;539834;1RADLhoNGpDRCoI20VM9MWCdliinOkMhz;https://drive.google.com/file/d/1RADLhoNGpDRCoI20VM9MWCdliinOkMhz/view?usp=drivesdk
non_adherents;Nelson_Irrigation_Fiches_techniques;Pivots et rampes;Pivot / rampe;Brochure;Nelson Cut_O3030_FR.pdf;FOURNISEURS NON ADHERENTS MAIS FICHE TECHNIQUE OUF/Nelson_Irrigation_Fiches_techniques/Arroseurs pour pivots/Orbitor/Brochures;application/pdf;346993;1B0nTrMJ10ZceQEzbOLqanU8aytwsW2P-;https://drive.google.com/file/d/1B0nTrMJ10ZceQEzbOLqanU8aytwsW2P-/view?usp=drivesdk
non_adherents;Nelson_Irrigation_Fiches_techniques;Pivots et rampes;Pivot / rampe;Brochure;Pivot_O3030-ORBITOR.PDF;FOURNISEURS NON ADHERENTS MAIS FICHE TECHNIQUE OUF/Nelson_Irrigation_Fiches_techniques/Arroseurs pour pivots/Orbitor/Brochures;application/pdf;997260;1X7NUsA28AUZ8JLHaVZRBeAxwJenlVb-d;https://drive.google.com/file/d/1X7NUsA28AUZ8JLHaVZRBeAxwJenlVb-d/view?usp=drivesdk
non_adherents;Nelson_Irrigation_Fiches_techniques;Pivots et rampes;Pivot / rampe;Brochure;Nelson Cut_R3030_FR.pdf;FOURNISEURS NON ADHERENTS MAIS FICHE TECHNIQUE OUF/Nelson_Irrigation_Fiches_techniques/Arroseurs pour pivots/Rotator/Brochures;application/pdf;333869;1cBjMh3o-zqNa8SbbxcalUveri9hGi9LL;https://drive.google.com/file/d/1cBjMh3o-zqNa8SbbxcalUveri9hGi9LL/view?usp=drivesdk
non_adherents;Nelson_Irrigation_Fiches_techniques;Pivots et rampes;Pivot / rampe;Brochure;Pivot_3030-cut-sheet.PDF;FOURNISEURS NON ADHERENTS MAIS FICHE TECHNIQUE OUF/Nelson_Irrigation_Fiches_techniques/Arroseurs pour pivots/Rotator/Brochures;application/pdf;3105550;1zcMZYvJw18f1OWM99pPJasp-HK5EBP0A;https://drive.google.com/file/d/1zcMZYvJw18f1OWM99pPJasp-HK5EBP0A/view?usp=drivesdk
non_adherents;Nelson_Irrigation_Fiches_techniques;Pivots et rampes;Pivot / rampe;Brochure;Pivot_R3030-ROTATOR.PDF;FOURNISEURS NON ADHERENTS MAIS FICHE TECHNIQUE OUF/Nelson_Irrigation_Fiches_techniques/Arroseurs pour pivots/Rotator/Brochures;application/pdf;765159;1KZxNAEmCUOOT_asMj0DTLCoJMCepryCS;https://drive.google.com/file/d/1KZxNAEmCUOOT_asMj0DTLCoJMCepryCS/view?usp=drivesdk
non_adherents;Nelson_Irrigation_Fiches_techniques;Pivots et rampes;Pivot / rampe;Brochure;3030-cut-sheet_FRENCH.pdf;FOURNISEURS NON ADHERENTS MAIS FICHE TECHNIQUE OUF/Nelson_Irrigation_Fiches_techniques/Arroseurs pour pivots/Spinner/Brochures;application/pdf;3050111;1ifvC1QqKtXbGhV7e1vcpiozoK7MUGims;https://drive.google.com/file/d/1ifvC1QqKtXbGhV7e1vcpiozoK7MUGims/view?usp=drivesdk
non_adherents;Nelson_Irrigation_Fiches_techniques;Pivots et rampes;Pivot / rampe;Brochure;Nelson Cut_S3030 SPINNER_517_French.pdf;FOURNISEURS NON ADHERENTS MAIS FICHE TECHNIQUE OUF/Nelson_Irrigation_Fiches_techniques/Arroseurs pour pivots/Spinner/Brochures;application/pdf;261383;1g4c23kgGupWROhgG15WoCub_Wha6F56f;https://drive.google.com/file/d/1g4c23kgGupWROhgG15WoCub_Wha6F56f/view?usp=drivesdk
non_adherents;Nelson_Irrigation_Fiches_techniques;Pivots et rampes;Pivot / rampe;Brochure;Pivot_S3030-SPINNER.PDF;FOURNISEURS NON ADHERENTS MAIS FICHE TECHNIQUE OUF/Nelson_Irrigation_Fiches_techniques/Arroseurs pour pivots/Spinner/Brochures;application/pdf;593636;1wuT8_qF5eA93pr3fZkT1D4wiJ342m1Xj;https://drive.google.com/file/d/1wuT8_qF5eA93pr3fZkT1D4wiJ342m1Xj/view?usp=drivesdk
non_adherents;Nelson_Irrigation_Fiches_techniques;Pivots et rampes;Pivot / rampe;Brochure;LEPA LESA LENA.pdf;FOURNISEURS NON ADHERENTS MAIS FICHE TECHNIQUE OUF/Nelson_Irrigation_Fiches_techniques/Arroseurs pour pivots/Sprayhead/Brochures;application/pdf;1817540;1mzdDkl6n498JTbQPkNlUmP6btfQyEzi0;https://drive.google.com/file/d/1mzdDkl6n498JTbQPkNlUmP6btfQyEzi0/view?usp=drivesdk
non_adherents;Nelson_Irrigation_Fiches_techniques;Pivots et rampes;Pivot / rampe;Brochure;Nelson Cut_D3030_FR.pdf;FOURNISEURS NON ADHERENTS MAIS FICHE TECHNIQUE OUF/Nelson_Irrigation_Fiches_techniques/Arroseurs pour pivots/Sprayhead/Brochures;application/pdf;876007;1vwKeenAKHHVyBGWrO1XKcbKgSt8j6b13;https://drive.google.com/file/d/1vwKeenAKHHVyBGWrO1XKcbKgSt8j6b13/view?usp=drivesdk
non_adherents;Nelson_Irrigation_Fiches_techniques;Pivots et rampes;Pivot / rampe;Brochure;Pivot_D3030-SPRAYHEAD.PDF;FOURNISEURS NON ADHERENTS MAIS FICHE TECHNIQUE OUF/Nelson_Irrigation_Fiches_techniques/Arroseurs pour pivots/Sprayhead/Brochures;application/pdf;868809;1wY8MWKk8a_u5z61M4R7lly9JnZQQql_X;https://drive.google.com/file/d/1wY8MWKk8a_u5z61M4R7lly9JnZQQql_X/view?usp=drivesdk
non_adherents;Nelson_Irrigation_Fiches_techniques;Pivots et rampes;Pivot / rampe;Brochure;Nelson Trashbuster.pdf;FOURNISEURS NON ADHERENTS MAIS FICHE TECHNIQUE OUF/Nelson_Irrigation_Fiches_techniques/Arroseurs pour pivots/Trashbuster/Brochures;application/pdf;700660;182NLfC0N0TC4foRQdjj9gZCM9v_XYN_9;https://drive.google.com/file/d/182NLfC0N0TC4foRQdjj9gZCM9v_XYN_9/view?usp=drivesdk
non_adherents;Nelson_Irrigation_Fiches_techniques;Pivots et rampes;Pivot / rampe;Brochure;PIVOT_T3000.pdf;FOURNISEURS NON ADHERENTS MAIS FICHE TECHNIQUE OUF/Nelson_Irrigation_Fiches_techniques/Arroseurs pour pivots/Trashbuster/Brochures;application/pdf;791300;1Qzg6SPUXqkkGwBQel5IGaGtrlprqYvLu;https://drive.google.com/file/d/1Qzg6SPUXqkkGwBQel5IGaGtrlprqYvLu/view?usp=drivesdk
non_adherents;Nelson_Irrigation_Fiches_techniques;Pivots et rampes;Pivot / rampe;Brochure;PIVOT_pocketguide.pdf;FOURNISEURS NON ADHERENTS MAIS FICHE TECHNIQUE OUF/Nelson_Irrigation_Fiches_techniques/Arroseurs pour pivots/_Famille/Brochures;application/pdf;5978946;1_l1WpJ22agZv4mbrsaIGdsDwOWCzDLqI;https://drive.google.com/file/d/1_l1WpJ22agZv4mbrsaIGdsDwOWCzDLqI/view?usp=drivesdk
non_adherents;Nelson_Irrigation_Fiches_techniques;Pivots et rampes;Pivot / rampe;Brochure;PIVOT_pocketguide_FR.pdf;FOURNISEURS NON ADHERENTS MAIS FICHE TECHNIQUE OUF/Nelson_Irrigation_Fiches_techniques/Arroseurs pour pivots/_Famille/Brochures;application/pdf;531766;1GMLjQJ6NWM67IENa5aKJ3KqC8M69WibB;https://drive.google.com/file/d/1GMLjQJ6NWM67IENa5aKJ3KqC8M69WibB/view?usp=drivesdk
non_adherents;Nelson_Irrigation_Fiches_techniques;Aspersion;Asperseur;Services;IM_PARTS.pdf;FOURNISEURS NON ADHERENTS MAIS FICHE TECHNIQUE OUF/Nelson_Irrigation_Fiches_techniques/Arroseurs à impact/Arroseurs plein cercle à impact/Parts & Service Kits;application/pdf;1921178;1euwaA67YK9qxAB8rNMUVoBUpIeZW8ARX;https://drive.google.com/file/d/1euwaA67YK9qxAB8rNMUVoBUpIeZW8ARX/view?usp=drivesdk
non_adherents;Nelson_Irrigation_Fiches_techniques;Aspersion;Asperseur;Fiche technique;IM_8ADN.pdf;FOURNISEURS NON ADHERENTS MAIS FICHE TECHNIQUE OUF/Nelson_Irrigation_Fiches_techniques/Arroseurs à impact/Arroseurs sectoriels à impact/Assembly & Installation;application/pdf;642593;1MvN7w49lv3Bkwbieh9UfXW3UjJfT10cl;https://drive.google.com/file/d/1MvN7w49lv3Bkwbieh9UfXW3UjJfT10cl/view?usp=drivesdk
non_adherents;Nelson_Irrigation_Fiches_techniques;Aspersion;Asperseur;Brochure;IM_P85_LIT.pdf;FOURNISEURS NON ADHERENTS MAIS FICHE TECHNIQUE OUF/Nelson_Irrigation_Fiches_techniques/Arroseurs à impact/Arroseurs sectoriels à impact/Brochures;application/pdf;837540;1G0iJF_Zi6VXTlTMpT1ObgMkb2_vJKB5u;https://drive.google.com/file/d/1G0iJF_Zi6VXTlTMpT1ObgMkb2_vJKB5u/view?usp=drivesdk
non_adherents;Nelson_Irrigation_Fiches_techniques;Aspersion;Asperseur;Services;IM_P65PL.pdf;FOURNISEURS NON ADHERENTS MAIS FICHE TECHNIQUE OUF/Nelson_Irrigation_Fiches_techniques/Arroseurs à impact/Arroseurs sectoriels à impact/Parts & Service Kits;application/pdf;619830;1BzDxg2kAKx_5VgvlwZCZ_UiR1ewm6gUU;https://drive.google.com/file/d/1BzDxg2kAKx_5VgvlwZCZ_UiR1ewm6gUU/view?usp=drivesdk
non_adherents;Nelson_Irrigation_Fiches_techniques;Aspersion;Asperseur;Fiche technique;IM_FLOW-CONTROL.pdf;FOURNISEURS NON ADHERENTS MAIS FICHE TECHNIQUE OUF/Nelson_Irrigation_Fiches_techniques/Arroseurs à impact/Arroseurs sectoriels à impact/Performance & Specifications;application/pdf;217652;1Ltn7DQDCNqjbCEhwTm1naHaLD1mNfERd;https://drive.google.com/file/d/1Ltn7DQDCNqjbCEhwTm1naHaLD1mNfERd/view?usp=drivesdk
non_adherents;Nelson_Irrigation_Fiches_techniques;Aspersion;Asperseur;Catalogue;IM_FULL-CATALOG.pdf;FOURNISEURS NON ADHERENTS MAIS FICHE TECHNIQUE OUF/Nelson_Irrigation_Fiches_techniques/Arroseurs à impact/Arroseurs sectoriels à impact/Performance & Specifications;application/pdf;7324463;1lXu1f_jRNjadpdUU3g4ZwLXeL93fy3Go;https://drive.google.com/file/d/1lXu1f_jRNjadpdUU3g4ZwLXeL93fy3Go/view?usp=drivesdk
non_adherents;Nelson_Irrigation_Fiches_techniques;Pivots et rampes;Pivot / rampe;Brochure;End-of-Pivot_Pivot-Gun-Control-Valve.PDF;FOURNISEURS NON ADHERENTS MAIS FICHE TECHNIQUE OUF/Nelson_Irrigation_Fiches_techniques/Autres produits/Produit 122/Brochures;application/pdf;536258;1thAS9PbZGQj25OHRbZT_IM-6qXTZSXHV;https://drive.google.com/file/d/1thAS9PbZGQj25OHRbZT_IM-6qXTZSXHV/view?usp=drivesdk
non_adherents;Nelson_Irrigation_Fiches_techniques;À classer;;Brochure;Regulator_TURF_METRIC.PDF;FOURNISEURS NON ADHERENTS MAIS FICHE TECHNIQUE OUF/Nelson_Irrigation_Fiches_techniques/Autres produits/Produit 59/Brochures;application/pdf;3185531;1CKyXMuAGzL_d95ICDhokpsKLQ_uqraX6;https://drive.google.com/file/d/1CKyXMuAGzL_d95ICDhokpsKLQ_uqraX6/view?usp=drivesdk
non_adherents;Nelson_Irrigation_Fiches_techniques;À classer;;Brochure;Regulator_TURF_US.PDF;FOURNISEURS NON ADHERENTS MAIS FICHE TECHNIQUE OUF/Nelson_Irrigation_Fiches_techniques/Autres produits/Produit 59/Brochures;application/pdf;2069859;1H_YVKNmpuF9X-faKLWmgxGbn8PVSTeW-;https://drive.google.com/file/d/1H_YVKNmpuF9X-faKLWmgxGbn8PVSTeW-/view?usp=drivesdk
non_adherents;Nelson_Irrigation_Fiches_techniques;Automatisme et pilotage;Automate / E-S;Fiche technique;Twig_Quick-Start.PDF;FOURNISEURS NON ADHERENTS MAIS FICHE TECHNIQUE OUF/Nelson_Irrigation_Fiches_techniques/Commandes d'automatisation sans fil Twig/Automatisation sans fil Twig (1re génération)/Assembly & Installation;application/pdf;2358145;1orHpPWq8NBoeaxoM24Q1x03zvR7f6h99;https://drive.google.com/file/d/1orHpPWq8NBoeaxoM24Q1x03zvR7f6h99/view?usp=drivesdk
non_adherents;Nelson_Irrigation_Fiches_techniques;Automatisme et pilotage;Automate / E-S;Fiche technique;11953-XXX-TD200-Dimensions.DWG;FOURNISEURS NON ADHERENTS MAIS FICHE TECHNIQUE OUF/Nelson_Irrigation_Fiches_techniques/Commandes d'automatisation sans fil Twig/Automatisation sans fil Twig (1re génération)/Drawings & Dimensions;image/vnd.dwg;979722;1L_mugDq6OW4TkaBUEiRoDwfJkmcE2hY4;https://drive.google.com/file/d/1L_mugDq6OW4TkaBUEiRoDwfJkmcE2hY4/view?usp=drivesdk
non_adherents;Nelson_Irrigation_Fiches_techniques;Automatisme et pilotage;Automate / E-S;Fiche technique;13108-XXX-Relay-DIM.DWG;FOURNISEURS NON ADHERENTS MAIS FICHE TECHNIQUE OUF/Nelson_Irrigation_Fiches_techniques/Commandes d'automatisation sans fil Twig/Automatisation sans fil Twig (1re génération)/Drawings & Dimensions;image/vnd.dwg;261326;187cMfpbc02jnenfMYquI3wy0DxdOqceB;https://drive.google.com/file/d/187cMfpbc02jnenfMYquI3wy0DxdOqceB/view?usp=drivesdk
non_adherents;Nelson_Irrigation_Fiches_techniques;Automatisme et pilotage;Automate / E-S;Fiche technique;Twig-RemoteMount-Dimensional.DWG;FOURNISEURS NON ADHERENTS MAIS FICHE TECHNIQUE OUF/Nelson_Irrigation_Fiches_techniques/Commandes d'automatisation sans fil Twig/Automatisation sans fil Twig (1re génération)/Drawings & Dimensions;image/vnd.dwg;622002;1oaet6cm9BBefW_f218Ytao5XQvgMKbr9;https://drive.google.com/file/d/1oaet6cm9BBefW_f218Ytao5XQvgMKbr9/view?usp=drivesdk
non_adherents;Nelson_Irrigation_Fiches_techniques;Automatisme et pilotage;Automate / E-S;Fiche technique;Twig-ValveMount-Dimensional.dwg;FOURNISEURS NON ADHERENTS MAIS FICHE TECHNIQUE OUF/Nelson_Irrigation_Fiches_techniques/Commandes d'automatisation sans fil Twig/Automatisation sans fil Twig (1re génération)/Drawings & Dimensions;image/vnd.dwg;736604;1Dsnu6D2M2BIoonU0tVLCYI7af5j7SLWV;https://drive.google.com/file/d/1Dsnu6D2M2BIoonU0tVLCYI7af5j7SLWV/view?usp=drivesdk
non_adherents;Nelson_Irrigation_Fiches_techniques;Automatisme et pilotage;Automate / E-S;Fiche technique;Twig_FAQ.PDF;FOURNISEURS NON ADHERENTS MAIS FICHE TECHNIQUE OUF/Nelson_Irrigation_Fiches_techniques/Commandes d'automatisation sans fil Twig/Automatisation sans fil Twig (1re génération)/Technical;application/pdf;133863;1LUwFx0H-MrZyMWJAe5rDRg9HPyx7Mu3G;https://drive.google.com/file/d/1LUwFx0H-MrZyMWJAe5rDRg9HPyx7Mu3G/view?usp=drivesdk
non_adherents;Nelson_Irrigation_Fiches_techniques;Automatisme et pilotage;Automate / E-S;Manuel / notice;Twig_RESOURCE-MANUAL.PDF;FOURNISEURS NON ADHERENTS MAIS FICHE TECHNIQUE OUF/Nelson_Irrigation_Fiches_techniques/Commandes d'automatisation sans fil Twig/Automatisation sans fil Twig (1re génération)/Technical;application/pdf;4240196;1FO4L_uFLUAyFIZpr9ivmirwlf5qCEuoW;https://drive.google.com/file/d/1FO4L_uFLUAyFIZpr9ivmirwlf5qCEuoW/view?usp=drivesdk
non_adherents;Nelson_Irrigation_Fiches_techniques;Automatisme et pilotage;Automate / E-S;Fiche technique;Twig_USER_GUIDE_814.pdf;FOURNISEURS NON ADHERENTS MAIS FICHE TECHNIQUE OUF/Nelson_Irrigation_Fiches_techniques/Commandes d'automatisation sans fil Twig/Automatisation sans fil Twig (1re génération)/Technical;application/pdf;2252870;1xi3IXU1KMlAC8IN1ZKQghXo1QiJb-uZS;https://drive.google.com/file/d/1xi3IXU1KMlAC8IN1ZKQghXo1QiJb-uZS/view?usp=drivesdk
non_adherents;Nelson_Irrigation_Fiches_techniques;Automatisme et pilotage;Automate / E-S;Fiche technique;Twig_SOLAR-BATTERY-KIT.PDF;FOURNISEURS NON ADHERENTS MAIS FICHE TECHNIQUE OUF/Nelson_Irrigation_Fiches_techniques/Commandes d'automatisation sans fil Twig/Répéteur Twig-V/Assembly & Installation;application/pdf;971659;1HDRQlFlfSTE517Au1bTieS2insD6xKiY;https://drive.google.com/file/d/1HDRQlFlfSTE517Au1bTieS2insD6xKiY/view?usp=drivesdk
non_adherents;Nelson_Irrigation_Fiches_techniques;Automatisme et pilotage;Automate / E-S;Fiche technique;Twig_Antenna-Kits.PDF;FOURNISEURS NON ADHERENTS MAIS FICHE TECHNIQUE OUF/Nelson_Irrigation_Fiches_techniques/Commandes d'automatisation sans fil Twig/Système d'automatisation sans fil Twig-V/Assembly & Installation;application/pdf;598851;1oJtAXcKgncV4T3v9XYkY2j9tePzfdaco;https://drive.google.com/file/d/1oJtAXcKgncV4T3v9XYkY2j9tePzfdaco/view?usp=drivesdk
non_adherents;Nelson_Irrigation_Fiches_techniques;Automatisme et pilotage;Automate / E-S;Fiche technique;Twig_Relay-Install.PDF;FOURNISEURS NON ADHERENTS MAIS FICHE TECHNIQUE OUF/Nelson_Irrigation_Fiches_techniques/Commandes d'automatisation sans fil Twig/Système d'automatisation sans fil Twig-V/Assembly & Installation;application/pdf;799537;1v_YvQXZrzCCIzSGlSw4VqHQJoNWycLgW;https://drive.google.com/file/d/1v_YvQXZrzCCIzSGlSw4VqHQJoNWycLgW/view?usp=drivesdk
non_adherents;Nelson_Irrigation_Fiches_techniques;Automatisme et pilotage;Automate / E-S;Brochure;NELSON_Twig_brochure.pdf;FOURNISEURS NON ADHERENTS MAIS FICHE TECHNIQUE OUF/Nelson_Irrigation_Fiches_techniques/Commandes d'automatisation sans fil Twig/Système d'automatisation sans fil Twig-V/Brochures;application/pdf;3909366;1hRGWf85mlHb16M0pFYcEg4tU4yP30Dj0;https://drive.google.com/file/d/1hRGWf85mlHb16M0pFYcEg4tU4yP30Dj0/view?usp=drivesdk
non_adherents;Nelson_Irrigation_Fiches_techniques;Automatisme et pilotage;Automate / E-S;Services;Twig-MC-V-Components.pdf;FOURNISEURS NON ADHERENTS MAIS FICHE TECHNIQUE OUF/Nelson_Irrigation_Fiches_techniques/Commandes d'automatisation sans fil Twig/Système d'automatisation sans fil Twig-V/Parts & Service Kits;application/pdf;720871;13pRLBJQNlngvkx6lW3F9XmzzBQ1Mxx9H;https://drive.google.com/file/d/13pRLBJQNlngvkx6lW3F9XmzzBQ1Mxx9H/view?usp=drivesdk
non_adherents;Nelson_Irrigation_Fiches_techniques;Automatisme et pilotage;Automate / E-S;Fiche technique;twig-v_specifications.pdf;FOURNISEURS NON ADHERENTS MAIS FICHE TECHNIQUE OUF/Nelson_Irrigation_Fiches_techniques/Commandes d'automatisation sans fil Twig/Système d'automatisation sans fil Twig-V/Performance & Specifications;application/pdf;199401;1ChuykzOsVSid9bGfLhh5dB5GswyBh9PF;https://drive.google.com/file/d/1ChuykzOsVSid9bGfLhh5dB5GswyBh9PF/view?usp=drivesdk
non_adherents;Nelson_Irrigation_Fiches_techniques;Automatisme et pilotage;Automate / E-S;Fiche technique;automated-big-gun-components.pdf;FOURNISEURS NON ADHERENTS MAIS FICHE TECHNIQUE OUF/Nelson_Irrigation_Fiches_techniques/Commandes d'automatisation sans fil Twig/Système d'automatisation sans fil Twig-V/Technical;application/pdf;254125;1Tew6JQ0q6H1BppacuT5Lvg6rfognTIol;https://drive.google.com/file/d/1Tew6JQ0q6H1BppacuT5Lvg6rfognTIol/view?usp=drivesdk
non_adherents;Nelson_Irrigation_Fiches_techniques;Automatisme et pilotage;Automate / E-S;Fiche technique;twig-mc_internet_connectivity.pdf;FOURNISEURS NON ADHERENTS MAIS FICHE TECHNIQUE OUF/Nelson_Irrigation_Fiches_techniques/Commandes d'automatisation sans fil Twig/Système d'automatisation sans fil Twig-V/Technical;application/pdf;159842;1eY9p4CD3YTO7umKBK9vwl1-rHKH-lDxQ;https://drive.google.com/file/d/1eY9p4CD3YTO7umKBK9vwl1-rHKH-lDxQ/view?usp=drivesdk
non_adherents;Nelson_Irrigation_Fiches_techniques;Automatisme et pilotage;Automate / E-S;Fiche technique;twig-mc_security.pdf;FOURNISEURS NON ADHERENTS MAIS FICHE TECHNIQUE OUF/Nelson_Irrigation_Fiches_techniques/Commandes d'automatisation sans fil Twig/Système d'automatisation sans fil Twig-V/Technical;application/pdf;175621;1IPyLTDILWRCjCQ11y2BZ7xGDsX2DWmVh;https://drive.google.com/file/d/1IPyLTDILWRCjCQ11y2BZ7xGDsX2DWmVh/view?usp=drivesdk
non_adherents;Nelson_Irrigation_Fiches_techniques;Automatisme et pilotage;Automate / E-S;Fiche technique;twig-v-plus-installation.pdf;FOURNISEURS NON ADHERENTS MAIS FICHE TECHNIQUE OUF/Nelson_Irrigation_Fiches_techniques/Commandes d'automatisation sans fil Twig/Twig V Plus/Assembly & Installation;application/pdf;173404;17FK1LSejZjDsuhqeP19BdTNX7_QfvXll;https://drive.google.com/file/d/17FK1LSejZjDsuhqeP19BdTNX7_QfvXll/view?usp=drivesdk
non_adherents;Nelson_Irrigation_Fiches_techniques;Automatisme et pilotage;Automate / E-S;Brochure;twig-v-plus-100424.pdf;FOURNISEURS NON ADHERENTS MAIS FICHE TECHNIQUE OUF/Nelson_Irrigation_Fiches_techniques/Commandes d'automatisation sans fil Twig/Twig V Plus/Brochures;application/pdf;578816;1ydogtpUroGDQTHSiFG-37ENolqHpU07o;https://drive.google.com/file/d/1ydogtpUroGDQTHSiFG-37ENolqHpU07o/view?usp=drivesdk
non_adherents;Nelson_Irrigation_Fiches_techniques;Automatisme et pilotage;Automate / E-S;Fiche technique;Twig-MC-Solar-Kit-Installation.pdf;FOURNISEURS NON ADHERENTS MAIS FICHE TECHNIQUE OUF/Nelson_Irrigation_Fiches_techniques/Commandes d'automatisation sans fil Twig/Twig-MC/Assembly & Installation;application/pdf;527751;1AvM-sZItJKa-vYBz-zg4LSqxMh_NwBiO;https://drive.google.com/file/d/1AvM-sZItJKa-vYBz-zg4LSqxMh_NwBiO/view?usp=drivesdk
non_adherents;Nelson_Irrigation_Fiches_techniques;Automatisme et pilotage;Automate / E-S;Fiche technique;Twig-V_Dimensions.DWG;FOURNISEURS NON ADHERENTS MAIS FICHE TECHNIQUE OUF/Nelson_Irrigation_Fiches_techniques/Commandes d'automatisation sans fil Twig/Twig-V/Drawings & Dimensions;image/vnd.dwg;210928;14YBqykZHcdJpDfgfotLd9RKo5gp_13h4;https://drive.google.com/file/d/14YBqykZHcdJpDfgfotLd9RKo5gp_13h4/view?usp=drivesdk
non_adherents;Nelson_Irrigation_Fiches_techniques;Automatisme et pilotage;Automate / E-S;Fiche technique;Twig-V_Dimensions.pdf;FOURNISEURS NON ADHERENTS MAIS FICHE TECHNIQUE OUF/Nelson_Irrigation_Fiches_techniques/Commandes d'automatisation sans fil Twig/Twig-V/Drawings & Dimensions;application/pdf;94791;10K6lvezz02L-_IVQaZuWWXk25_srWoJ7;https://drive.google.com/file/d/10K6lvezz02L-_IVQaZuWWXk25_srWoJ7/view?usp=drivesdk
non_adherents;Nelson_Irrigation_Fiches_techniques;Automatisme et pilotage;Automate / E-S;Fiche technique;Twig_System-Info-Setup.PDF;FOURNISEURS NON ADHERENTS MAIS FICHE TECHNIQUE OUF/Nelson_Irrigation_Fiches_techniques/Commandes d'automatisation sans fil Twig/Twig/Assembly & Installation;application/pdf;727846;1Nz8jZGKxd1amPIeQxtdUQ3INdWTiwevw;https://drive.google.com/file/d/1Nz8jZGKxd1amPIeQxtdUQ3INdWTiwevw/view?usp=drivesdk
non_adherents;Nelson_Irrigation_Fiches_techniques;Automatisme et pilotage;Automate / E-S;Brochure;Irricad v23.PDF;FOURNISEURS NON ADHERENTS MAIS FICHE TECHNIQUE OUF/Nelson_Irrigation_Fiches_techniques/Logiciel/IRRICAD/Brochures;application/pdf;815743;1Ukxhv5yk4pydJGRipxe9VTWzuzvPxRNb;https://drive.google.com/file/d/1Ukxhv5yk4pydJGRipxe9VTWzuzvPxRNb/view?usp=drivesdk
non_adherents;Nelson_Irrigation_Fiches_techniques;Automatisme et pilotage;Automate / E-S;Brochure;Software_IRRICAD-Brochure.PDF;FOURNISEURS NON ADHERENTS MAIS FICHE TECHNIQUE OUF/Nelson_Irrigation_Fiches_techniques/Logiciel/IRRICAD/Brochures;application/pdf;528564;1H97wplZMcuyZUQ38JgmXichRP-KmjO4d;https://drive.google.com/file/d/1H97wplZMcuyZUQ38JgmXichRP-KmjO4d/view?usp=drivesdk
non_adherents;Nelson_Irrigation_Fiches_techniques;Automatisme et pilotage;Automate / E-S;Fiche technique;Overlap-Definitions.pdf;FOURNISEURS NON ADHERENTS MAIS FICHE TECHNIQUE OUF/Nelson_Irrigation_Fiches_techniques/Logiciel/OverlapPro/Performance & Specifications;application/pdf;260099;1xh-xxwBUFwkV0gRPNmgKy6T1IXE-Qp0j;https://drive.google.com/file/d/1xh-xxwBUFwkV0gRPNmgKy6T1IXE-Qp0j/view?usp=drivesdk
non_adherents;Nelson_Irrigation_Fiches_techniques;Automatisme et pilotage;Automate / E-S;Brochure;Software_PIVOTMAPPER.PDF;FOURNISEURS NON ADHERENTS MAIS FICHE TECHNIQUE OUF/Nelson_Irrigation_Fiches_techniques/Logiciel/PivotMapper/Brochures;application/pdf;2170638;1-r256vHdcTEF0uuRoLCPdL-PckGrBnS7;https://drive.google.com/file/d/1-r256vHdcTEF0uuRoLCPdL-PckGrBnS7/view?usp=drivesdk
non_adherents;Nelson_Irrigation_Fiches_techniques;Aspersion;Asperseur;Brochure;Spray_D10.PDF;FOURNISEURS NON ADHERENTS MAIS FICHE TECHNIQUE OUF/Nelson_Irrigation_Fiches_techniques/Modèles Spinner et Spray/Arroseur fixe D10/Brochures;application/pdf;123067;1jw9TPCQrX2IgEPJS4PNEorkCW-OhX7z-;https://drive.google.com/file/d/1jw9TPCQrX2IgEPJS4PNEorkCW-OhX7z-/view?usp=drivesdk
non_adherents;Nelson_Irrigation_Fiches_techniques;Aspersion;Asperseur;Brochure;Spinner_S10.PDF;FOURNISEURS NON ADHERENTS MAIS FICHE TECHNIQUE OUF/Nelson_Irrigation_Fiches_techniques/Modèles Spinner et Spray/Spinner S10/Brochures;application/pdf;182559;1K0AtiGdlAFwkd-8VLL1hQ88odTH4SJNJ;https://drive.google.com/file/d/1K0AtiGdlAFwkd-8VLL1hQ88odTH4SJNJ/view?usp=drivesdk
non_adherents;Nelson_Irrigation_Fiches_techniques;Aspersion;Asperseur;Brochure;Nursery_Brochure.PDF;FOURNISEURS NON ADHERENTS MAIS FICHE TECHNIQUE OUF/Nelson_Irrigation_Fiches_techniques/Modèles Spinner et Spray/Spinner S10/Technical;application/pdf;11961585;143X_EpjSdHy2yqAW1aKGTKYMAfHHY1QQ;https://drive.google.com/file/d/143X_EpjSdHy2yqAW1aKGTKYMAfHHY1QQ/view?usp=drivesdk
non_adherents;Nelson_Irrigation_Fiches_techniques;Aspersion;Asperseur;Manuel / notice;7 SERIES TRELLIS CLIP INSTRUCTIONS_FR.pdf;FOURNISEURS NON ADHERENTS MAIS FICHE TECHNIQUE OUF/Nelson_Irrigation_Fiches_techniques/Modèles Spinner et Spray/Spinner S7/Assembly & Installation;application/pdf;1691056;1aBfWK2jQHCfkyv9QC3nWQCbLJ8qUFnZf;https://drive.google.com/file/d/1aBfWK2jQHCfkyv9QC3nWQCbLJ8qUFnZf/view?usp=drivesdk
non_adherents;Nelson_Irrigation_Fiches_techniques;Aspersion;Asperseur;Manuel / notice;7_Series_Trellis_Clip_Instructions_EN.pdf;FOURNISEURS NON ADHERENTS MAIS FICHE TECHNIQUE OUF/Nelson_Irrigation_Fiches_techniques/Modèles Spinner et Spray/Spinner S7/Assembly & Installation;application/pdf;1682677;1M7_cLGAhyxUgnpswCkdLX68DM-60BAcp;https://drive.google.com/file/d/1M7_cLGAhyxUgnpswCkdLX68DM-60BAcp/view?usp=drivesdk
non_adherents;Nelson_Irrigation_Fiches_techniques;Aspersion;Asperseur;Fiche technique;Stake and Tube Parts-v3-april 2026.pdf;FOURNISEURS NON ADHERENTS MAIS FICHE TECHNIQUE OUF/Nelson_Irrigation_Fiches_techniques/Modèles Spinner et Spray/Spinner S7/Assembly & Installation;application/pdf;1098344;1wgh5ps2PHC333eJCHP1QkSjgqOjPbgH3;https://drive.google.com/file/d/1wgh5ps2PHC333eJCHP1QkSjgqOjPbgH3/view?usp=drivesdk
non_adherents;Nelson_Irrigation_Fiches_techniques;Aspersion;Asperseur;Fiche technique;Tubing-Performance-and-Specifications.pdf;FOURNISEURS NON ADHERENTS MAIS FICHE TECHNIQUE OUF/Nelson_Irrigation_Fiches_techniques/Modèles Spinner et Spray/Spinner S7/Assembly & Installation;application/pdf;307973;1xIY1qrnXttpr1y85fGlVTSPSJPYmGQ5l;https://drive.google.com/file/d/1xIY1qrnXttpr1y85fGlVTSPSJPYmGQ5l/view?usp=drivesdk
non_adherents;Nelson_Irrigation_Fiches_techniques;Aspersion;Asperseur;Brochure;S7_MISTER_trellis_clips_1123v2.pdf;FOURNISEURS NON ADHERENTS MAIS FICHE TECHNIQUE OUF/Nelson_Irrigation_Fiches_techniques/Modèles Spinner et Spray/Spinner S7/Brochures;application/pdf;2878417;1CKZsE1hkvj-sHlVpDIMiTeZKgk4C7fiO;https://drive.google.com/file/d/1CKZsE1hkvj-sHlVpDIMiTeZKgk4C7fiO/view?usp=drivesdk
non_adherents;Nelson_Irrigation_Fiches_techniques;Aspersion;Asperseur;Brochure;S7_brochure.pdf;FOURNISEURS NON ADHERENTS MAIS FICHE TECHNIQUE OUF/Nelson_Irrigation_Fiches_techniques/Modèles Spinner et Spray/Spinner S7/Brochures;application/pdf;2008012;1rS51DcUF0tLl67wKKOvhUiDoO8Qyzrh9;https://drive.google.com/file/d/1rS51DcUF0tLl67wKKOvhUiDoO8Qyzrh9/view?usp=drivesdk
non_adherents;Nelson_Irrigation_Fiches_techniques;Aspersion;Asperseur;Fiche technique;S7 SPINNER-HAZELNUT.pdf;FOURNISEURS NON ADHERENTS MAIS FICHE TECHNIQUE OUF/Nelson_Irrigation_Fiches_techniques/Modèles Spinner et Spray/Spinner S7/Technical;application/pdf;1728832;168pmJIIScFtGEeB0AfHNZR5RtRG-ue5U;https://drive.google.com/file/d/168pmJIIScFtGEeB0AfHNZR5RtRG-ue5U/view?usp=drivesdk
non_adherents;Nelson_Irrigation_Fiches_techniques;Pivots et rampes;Pivot / rampe;Brochure;IM_P85A_LIT.pdf;FOURNISEURS NON ADHERENTS MAIS FICHE TECHNIQUE OUF/Nelson_Irrigation_Fiches_techniques/Produits d'extrémité de pivot/Arroseur à impact en laiton P85AS/Brochures;application/pdf;855231;1xv8Ts0nFEMLoSEKEN5-90d2sKxEM8yQx;https://drive.google.com/file/d/1xv8Ts0nFEMLoSEKEN5-90d2sKxEM8yQx/view?usp=drivesdk
non_adherents;Nelson_Irrigation_Fiches_techniques;Pivots et rampes;Pivot / rampe;Services;IM_P85_P85A_PL.pdf;FOURNISEURS NON ADHERENTS MAIS FICHE TECHNIQUE OUF/Nelson_Irrigation_Fiches_techniques/Produits d'extrémité de pivot/Arroseur à impact en laiton P85AS/Parts & Service Kits;application/pdf;1817847;1kBrzXV9lkTAdhhWHu-PDTHZmVNrbUTZw;https://drive.google.com/file/d/1kBrzXV9lkTAdhhWHu-PDTHZmVNrbUTZw/view?usp=drivesdk
non_adherents;Nelson_Irrigation_Fiches_techniques;Pivots et rampes;Pivot / rampe;Fiche technique;End-of-Pivot_R55VT-BLUE-PLATE-INSTALL.PDF;FOURNISEURS NON ADHERENTS MAIS FICHE TECHNIQUE OUF/Nelson_Irrigation_Fiches_techniques/Produits d'extrémité de pivot/Arroseurs d'extrémité pour pivots R55/Assembly & Installation;application/pdf;551345;1Y70TR4nqSKba7NUNGZtQbMTXAGyt3bhc;https://drive.google.com/file/d/1Y70TR4nqSKba7NUNGZtQbMTXAGyt3bhc/view?usp=drivesdk
non_adherents;Nelson_Irrigation_Fiches_techniques;Pivots et rampes;Pivot / rampe;Fiche technique;End-of-Pivot_R55i-VT-GREEN-PLATE-INSTALL.PDF;FOURNISEURS NON ADHERENTS MAIS FICHE TECHNIQUE OUF/Nelson_Irrigation_Fiches_techniques/Produits d'extrémité de pivot/Arroseurs d'extrémité pour pivots R55/Assembly & Installation;application/pdf;604249;1IGbQU3KGHK4-7bNDrqbirdCiq0LEvRkO;https://drive.google.com/file/d/1IGbQU3KGHK4-7bNDrqbirdCiq0LEvRkO/view?usp=drivesdk
non_adherents;Nelson_Irrigation_Fiches_techniques;Pivots et rampes;Pivot / rampe;Brochure;END OF SYSTEM_R65 R75 MAY 2026.PDF;FOURNISEURS NON ADHERENTS MAIS FICHE TECHNIQUE OUF/Nelson_Irrigation_Fiches_techniques/Produits d'extrémité de pivot/Arroseurs d'extrémité pour pivots R55/Brochures;application/pdf;4719100;1GGNju35n6nUPRtECxa33VgBfw_oTQO67;https://drive.google.com/file/d/1GGNju35n6nUPRtECxa33VgBfw_oTQO67/view?usp=drivesdk
non_adherents;Nelson_Irrigation_Fiches_techniques;Pivots et rampes;Pivot / rampe;Brochure;End-of-Pivot_R55VT_UPDATE.PDF;FOURNISEURS NON ADHERENTS MAIS FICHE TECHNIQUE OUF/Nelson_Irrigation_Fiches_techniques/Produits d'extrémité de pivot/Arroseurs d'extrémité pour pivots R55/Brochures;application/pdf;2291894;1nCcpaEbYbnxVtg-XMVdSZCGAS4f-xT5A;https://drive.google.com/file/d/1nCcpaEbYbnxVtg-XMVdSZCGAS4f-xT5A/view?usp=drivesdk
non_adherents;Nelson_Irrigation_Fiches_techniques;Pivots et rampes;Pivot / rampe;Services;R55VT-R65VT-Service.pdf;FOURNISEURS NON ADHERENTS MAIS FICHE TECHNIQUE OUF/Nelson_Irrigation_Fiches_techniques/Produits d'extrémité de pivot/Arroseurs d'extrémité pour pivots R55/Parts & Service Kits;application/pdf;744268;13lakKjvkI64L_v1mJIKAPzf34BaBcwwm;https://drive.google.com/file/d/13lakKjvkI64L_v1mJIKAPzf34BaBcwwm/view?usp=drivesdk
non_adherents;Nelson_Irrigation_Fiches_techniques;Pivots et rampes;Pivot / rampe;Services;R55_SERVICE_219.pdf;FOURNISEURS NON ADHERENTS MAIS FICHE TECHNIQUE OUF/Nelson_Irrigation_Fiches_techniques/Produits d'extrémité de pivot/Arroseurs d'extrémité pour pivots R55/Parts & Service Kits;application/pdf;708782;1-vIXlQV-FXVQgMaXcqKwDMb0q_RR0s8F;https://drive.google.com/file/d/1-vIXlQV-FXVQgMaXcqKwDMb0q_RR0s8F/view?usp=drivesdk
non_adherents;Nelson_Irrigation_Fiches_techniques;Pivots et rampes;Pivot / rampe;Fiche technique;R55-R65VT-BLUE-installation.PDF;FOURNISEURS NON ADHERENTS MAIS FICHE TECHNIQUE OUF/Nelson_Irrigation_Fiches_techniques/Produits d'extrémité de pivot/Arroseurs d'extrémité pour pivots R65/Assembly & Installation;application/pdf;502585;1ssdevyiGQaqQLtbg4z4TjvngEXtQG-NV;https://drive.google.com/file/d/1ssdevyiGQaqQLtbg4z4TjvngEXtQG-NV/view?usp=drivesdk
non_adherents;Nelson_Irrigation_Fiches_techniques;Pivots et rampes;Pivot / rampe;Fiche technique;R55i-R65iVT-GREEN-installation.PDF;FOURNISEURS NON ADHERENTS MAIS FICHE TECHNIQUE OUF/Nelson_Irrigation_Fiches_techniques/Produits d'extrémité de pivot/Arroseurs d'extrémité pour pivots R65/Assembly & Installation;application/pdf;532772;1XsxqG_gS7LOWbAjy-HDng49BVWnsB-PY;https://drive.google.com/file/d/1XsxqG_gS7LOWbAjy-HDng49BVWnsB-PY/view?usp=drivesdk
non_adherents;Nelson_Irrigation_Fiches_techniques;Pivots et rampes;Pivot / rampe;Brochure;R65-R65i.pdf;FOURNISEURS NON ADHERENTS MAIS FICHE TECHNIQUE OUF/Nelson_Irrigation_Fiches_techniques/Produits d'extrémité de pivot/Arroseurs d'extrémité pour pivots R65/Brochures;application/pdf;1005968;1n4wqAgoxRLeigFzs-bmXaUzSru9V-IL-;https://drive.google.com/file/d/1n4wqAgoxRLeigFzs-bmXaUzSru9V-IL-/view?usp=drivesdk
non_adherents;Nelson_Irrigation_Fiches_techniques;Pivots et rampes;Pivot / rampe;Fiche technique;End-of-Pivot_R75-Install.PDF;FOURNISEURS NON ADHERENTS MAIS FICHE TECHNIQUE OUF/Nelson_Irrigation_Fiches_techniques/Produits d'extrémité de pivot/Arroseurs d'extrémité pour pivots R75/Assembly & Installation;application/pdf;697580;1rLKJvs1iKAzUuyVwGwpBDviFrGnXM0zn;https://drive.google.com/file/d/1rLKJvs1iKAzUuyVwGwpBDviFrGnXM0zn/view?usp=drivesdk
non_adherents;Nelson_Irrigation_Fiches_techniques;Pivots et rampes;Pivot / rampe;Brochure;END OF SYSTEM_415_v3_FRENCH.pdf;FOURNISEURS NON ADHERENTS MAIS FICHE TECHNIQUE OUF/Nelson_Irrigation_Fiches_techniques/Produits d'extrémité de pivot/Arroseurs d'extrémité pour pivots R75/Brochures;application/pdf;925994;1_FWhbTrXiaz6XGlcvEj-KTee7DFFRKRd;https://drive.google.com/file/d/1_FWhbTrXiaz6XGlcvEj-KTee7DFFRKRd/view?usp=drivesdk
non_adherents;Nelson_Irrigation_Fiches_techniques;Pivots et rampes;Pivot / rampe;Brochure;End-of-Pivot__Adapter-2x1.25.PDF;FOURNISEURS NON ADHERENTS MAIS FICHE TECHNIQUE OUF/Nelson_Irrigation_Fiches_techniques/Produits d'extrémité de pivot/Arroseurs d'extrémité pour pivots R75/Brochures;application/pdf;657381;1ev5HITIhsu8RRbGGYChAKOxyv0biz_w6;https://drive.google.com/file/d/1ev5HITIhsu8RRbGGYChAKOxyv0biz_w6/view?usp=drivesdk
non_adherents;Nelson_Irrigation_Fiches_techniques;Pivots et rampes;Pivot / rampe;Brochure;End-of-Pivot__R55VT-R75.PDF;FOURNISEURS NON ADHERENTS MAIS FICHE TECHNIQUE OUF/Nelson_Irrigation_Fiches_techniques/Produits d'extrémité de pivot/Arroseurs d'extrémité pour pivots R75/Brochures;application/pdf;7933819;1bP3rwpf_-k8QvRFrxMaJw2jyYanH-b6S;https://drive.google.com/file/d/1bP3rwpf_-k8QvRFrxMaJw2jyYanH-b6S/view?usp=drivesdk
non_adherents;Nelson_Irrigation_Fiches_techniques;Pivots et rampes;Pivot / rampe;Services;End-of-Pivot_R75-PARTS-LIST.PDF;FOURNISEURS NON ADHERENTS MAIS FICHE TECHNIQUE OUF/Nelson_Irrigation_Fiches_techniques/Produits d'extrémité de pivot/Arroseurs d'extrémité pour pivots R75/Parts & Service Kits;application/pdf;380214;18PCzcL-1dMdB65-5d-i-o79kHC6iMHP9;https://drive.google.com/file/d/18PCzcL-1dMdB65-5d-i-o79kHC6iMHP9/view?usp=drivesdk
non_adherents;Nelson_Irrigation_Fiches_techniques;Pivots et rampes;Pivot / rampe;Brochure;BG_PIVOT_FR.pdf;FOURNISEURS NON ADHERENTS MAIS FICHE TECHNIQUE OUF/Nelson_Irrigation_Fiches_techniques/Produits d'extrémité de pivot/Big Gun SR100 de 18°/Brochures;application/pdf;656327;1KUjcLMTwjL99M97q-YTh4VMib_J4mjUp;https://drive.google.com/file/d/1KUjcLMTwjL99M97q-YTh4VMib_J4mjUp/view?usp=drivesdk
non_adherents;Nelson_Irrigation_Fiches_techniques;Pivots et rampes;Pivot / rampe;Brochure;Big-Gun_PIVOT.PDF;FOURNISEURS NON ADHERENTS MAIS FICHE TECHNIQUE OUF/Nelson_Irrigation_Fiches_techniques/Produits d'extrémité de pivot/Big Gun SR100 de 18°/Brochures;application/pdf;2278411;1VYOEs8NqNbYRQvunXEGA5uEAimlyfSgX;https://drive.google.com/file/d/1VYOEs8NqNbYRQvunXEGA5uEAimlyfSgX/view?usp=drivesdk
non_adherents;Nelson_Irrigation_Fiches_techniques;Pivots et rampes;Pivot / rampe;Brochure;DeltaP-for-SRNV100.pdf;FOURNISEURS NON ADHERENTS MAIS FICHE TECHNIQUE OUF/Nelson_Irrigation_Fiches_techniques/Produits d'extrémité de pivot/Big Gun SRNV100/Brochures;application/pdf;2405094;1yhNYwmJB_vsL7H1CNlBGly643SdZfErQ;https://drive.google.com/file/d/1yhNYwmJB_vsL7H1CNlBGly643SdZfErQ/view?usp=drivesdk
non_adherents;Nelson_Irrigation_Fiches_techniques;Pivots et rampes;Pivot / rampe;Fiche technique;Big-Gun_SRNV100_OPmain.PDF;FOURNISEURS NON ADHERENTS MAIS FICHE TECHNIQUE OUF/Nelson_Irrigation_Fiches_techniques/Produits d'extrémité de pivot/Big Gun SRNV100/Operation & Maintenance;application/pdf;228886;1ZYdwQ4R7Me1ynK-ZuweSEG6AhwRxF2Fd;https://drive.google.com/file/d/1ZYdwQ4R7Me1ynK-ZuweSEG6AhwRxF2Fd/view?usp=drivesdk
non_adherents;Nelson_Irrigation_Fiches_techniques;Pivots et rampes;Pivot / rampe;Services;Big-Gun_SRNV100PL.PDF;FOURNISEURS NON ADHERENTS MAIS FICHE TECHNIQUE OUF/Nelson_Irrigation_Fiches_techniques/Produits d'extrémité de pivot/Big Gun SRNV100/Parts & Service Kits;application/pdf;586440;1VQ0SNhMkNzJ7YjgY7INjzskgmvXXssEA;https://drive.google.com/file/d/1VQ0SNhMkNzJ7YjgY7INjzskgmvXXssEA/view?usp=drivesdk
non_adherents;Nelson_Irrigation_Fiches_techniques;Pivots et rampes;Pivot / rampe;Brochure;R35-nov-2025.pdf;FOURNISEURS NON ADHERENTS MAIS FICHE TECHNIQUE OUF/Nelson_Irrigation_Fiches_techniques/Produits d'extrémité de pivot/R35i End of Pivot Sprinklers/Brochures;application/pdf;1453193;1zqYVPj3jtaHz4gdGr0NlgoTRhlGJmHBW;https://drive.google.com/file/d/1zqYVPj3jtaHz4gdGr0NlgoTRhlGJmHBW/view?usp=drivesdk
non_adherents;Nelson_Irrigation_Fiches_techniques;Pivots et rampes;Pivot / rampe;Fiche technique;End-of-Pivot_Purgevalve_opadj.PDF;FOURNISEURS NON ADHERENTS MAIS FICHE TECHNIQUE OUF/Nelson_Irrigation_Fiches_techniques/Produits d'extrémité de pivot/Vanne de purge/Operation & Maintenance;application/pdf;152552;16JToqgu2kx4hIYdHrdWZxdyW7LTH1ZQM;https://drive.google.com/file/d/16JToqgu2kx4hIYdHrdWZxdyW7LTH1ZQM/view?usp=drivesdk
non_adherents;Nelson_Irrigation_Fiches_techniques;Aspersion;Asperseur;Brochure;MP_NURSERY_METRIC.pdf;FOURNISEURS NON ADHERENTS MAIS FICHE TECHNIQUE OUF/Nelson_Irrigation_Fiches_techniques/Solutions/Culture en conteneurs/Brochures;application/pdf;526490;1sCGdRmd5tJoSJ9K2RLNpU0F4g0x2jM6q;https://drive.google.com/file/d/1sCGdRmd5tJoSJ9K2RLNpU0F4g0x2jM6q/view?usp=drivesdk
non_adherents;Nelson_Irrigation_Fiches_techniques;Aspersion;Asperseur;Brochure;MP_NURSERY_US.pdf;FOURNISEURS NON ADHERENTS MAIS FICHE TECHNIQUE OUF/Nelson_Irrigation_Fiches_techniques/Solutions/Culture en conteneurs/Brochures;application/pdf;486815;198_hYVLb9ZvabZn2AYZOG8DRmE6Azs8E;https://drive.google.com/file/d/198_hYVLb9ZvabZn2AYZOG8DRmE6Azs8E/view?usp=drivesdk
non_adherents;Nelson_Irrigation_Fiches_techniques;Aspersion;Asperseur;Brochure;MS10_May 2024.pdf;FOURNISEURS NON ADHERENTS MAIS FICHE TECHNIQUE OUF/Nelson_Irrigation_Fiches_techniques/Solutions/Culture en conteneurs/Brochures;application/pdf;825020;1-wraBHy2OSOe2GITCiY1mkL-e__jXW8J;https://drive.google.com/file/d/1-wraBHy2OSOe2GITCiY1mkL-e__jXW8J/view?usp=drivesdk
non_adherents;Nelson_Irrigation_Fiches_techniques;Pivots et rampes;Pivot / rampe;Fiche technique;Pivot_Start-up-Checklist.PDF;FOURNISEURS NON ADHERENTS MAIS FICHE TECHNIQUE OUF/Nelson_Irrigation_Fiches_techniques/Solutions/Irrigation par pivot central/Operation & Maintenance;application/pdf;31836;1tNWPuWu91Y5Hwb6ZuJrw32vs8i3YJ0Zz;https://drive.google.com/file/d/1tNWPuWu91Y5Hwb6ZuJrw32vs8i3YJ0Zz/view?usp=drivesdk
non_adherents;Nelson_Irrigation_Fiches_techniques;À classer;;Brochure;BG_ARENA_FR.pdf;FOURNISEURS NON ADHERENTS MAIS FICHE TECHNIQUE OUF/Nelson_Irrigation_Fiches_techniques/Solutions/Manèges/Brochures;application/pdf;476273;1ClApGr6TfWsWtfLIHcvV8wUBvzSgutab;https://drive.google.com/file/d/1ClApGr6TfWsWtfLIHcvV8wUBvzSgutab/view?usp=drivesdk
non_adherents;Nelson_Irrigation_Fiches_techniques;Aspersion;Canon;Brochure;Big-Gun_ARENA.PDF;FOURNISEURS NON ADHERENTS MAIS FICHE TECHNIQUE OUF/Nelson_Irrigation_Fiches_techniques/Solutions/Manèges/Brochures;application/pdf;605839;1Y075GLjs0t9AMDYQHS_THI1koRgcKSj3;https://drive.google.com/file/d/1Y075GLjs0t9AMDYQHS_THI1koRgcKSj3/view?usp=drivesdk
non_adherents;Nelson_Irrigation_Fiches_techniques;Aspersion;Asperseur;Fiche technique;ROTATOR_pocketguide_FR.pdf;FOURNISEURS NON ADHERENTS MAIS FICHE TECHNIQUE OUF/Nelson_Irrigation_Fiches_techniques/Solutions/Orchard Irrigation/Performances et caractéristiques;application/pdf;3163307;1NqgqKLl6F70G2nApvX5a6Nkw7dLqM6jW;https://drive.google.com/file/d/1NqgqKLl6F70G2nApvX5a6Nkw7dLqM6jW/view?usp=drivesdk
non_adherents;Nelson_Irrigation_Fiches_techniques;Aspersion;Canon;Brochure;Big-Gun_ENVIRON-CONTROL.PDF;FOURNISEURS NON ADHERENTS MAIS FICHE TECHNIQUE OUF/Nelson_Irrigation_Fiches_techniques/Solutions/Solution 8/Brochures;application/pdf;4547437;1LPUnhETYLVPQdzKZMB1wyTy6KrBJSz6L;https://drive.google.com/file/d/1LPUnhETYLVPQdzKZMB1wyTy6KrBJSz6L/view?usp=drivesdk
non_adherents;Nelson_Irrigation_Fiches_techniques;Aspersion;Canon;Fiche technique;Big-Gun_FEEDLOT.PDF;FOURNISEURS NON ADHERENTS MAIS FICHE TECHNIQUE OUF/Nelson_Irrigation_Fiches_techniques/Solutions/élimination de la poussière et refroidissement des parcs d'engraissement/Technical;application/pdf;1160200;1ut3DQ2TJDiB0_0ZMHG92ntbOkwiaK7L6;https://drive.google.com/file/d/1ut3DQ2TJDiB0_0ZMHG92ntbOkwiaK7L6/view?usp=drivesdk
non_adherents;Nelson_Irrigation_Fiches_techniques;À classer;;Fiche technique;BG_FEEDLOT_FR.pdf;FOURNISEURS NON ADHERENTS MAIS FICHE TECHNIQUE OUF/Nelson_Irrigation_Fiches_techniques/Solutions/élimination de la poussière et refroidissement des parcs d'engraissement/Technique;application/pdf;397418;1EJAZ2km2jrUjDZ9H-M6-YNjGE2bbTWlm;https://drive.google.com/file/d/1EJAZ2km2jrUjDZ9H-M6-YNjGE2bbTWlm/view?usp=drivesdk
non_adherents;Nelson_Irrigation_Fiches_techniques;À classer;;Brochure;NIC_MINEXPO.pdf;FOURNISEURS NON ADHERENTS MAIS FICHE TECHNIQUE OUF/Nelson_Irrigation_Fiches_techniques/Solutions/élimination de la poussière/Brochures;application/pdf;8008169;1JYq4QGvStP4e7k2GHnvmn5e5Ymh7HbEB;https://drive.google.com/file/d/1JYq4QGvStP4e7k2GHnvmn5e5Ymh7HbEB/view?usp=drivesdk
non_adherents;Nelson_Irrigation_Fiches_techniques;Automatisme et pilotage;Automate / E-S;Fiche technique;800-Series_PR-Electric.PDF;FOURNISEURS NON ADHERENTS MAIS FICHE TECHNIQUE OUF/Nelson_Irrigation_Fiches_techniques/Vannes de commande/Détendeurs de la série 800/Operation & Maintenance;application/pdf;411709;14GftaATaezCzMoz-TrleENTU7th7LjJs;https://drive.google.com/file/d/14GftaATaezCzMoz-TrleENTU7th7LjJs/view?usp=drivesdk
non_adherents;Nelson_Irrigation_Fiches_techniques;Automatisme et pilotage;Automate / E-S;Manuel / notice;800-Series_PR-Manual.PDF;FOURNISEURS NON ADHERENTS MAIS FICHE TECHNIQUE OUF/Nelson_Irrigation_Fiches_techniques/Vannes de commande/Détendeurs de la série 800/Operation & Maintenance;application/pdf;275692;1KiL8hHf2km-8JbJj98PjOc3Jst--oGSq;https://drive.google.com/file/d/1KiL8hHf2km-8JbJj98PjOc3Jst--oGSq/view?usp=drivesdk
non_adherents;Nelson_Irrigation_Fiches_techniques;Automatisme et pilotage;Automate / E-S;Fiche technique;1000V-PSNO-Plumbing-Diagram.pdf;FOURNISEURS NON ADHERENTS MAIS FICHE TECHNIQUE OUF/Nelson_Irrigation_Fiches_techniques/Vannes de commande/Soupapes de surpression et de décharge de la série 1000/Assembly & Installation;application/pdf;1234449;1sfGJTrnXo_w0CXOehjwD8qPINjwUrVGy;https://drive.google.com/file/d/1sfGJTrnXo_w0CXOehjwD8qPINjwUrVGy/view?usp=drivesdk
non_adherents;Nelson_Irrigation_Fiches_techniques;Automatisme et pilotage;Automate / E-S;Brochure;NELSON_VALVES_brochure_French.pdf;FOURNISEURS NON ADHERENTS MAIS FICHE TECHNIQUE OUF/Nelson_Irrigation_Fiches_techniques/Vannes de commande/Soupapes de surpression et de décharge de la série 1000/Brochures;application/pdf;2556934;1QXCjwiCdRJ-BM5C4Y2QNHozl7wjbcZ92;https://drive.google.com/file/d/1QXCjwiCdRJ-BM5C4Y2QNHozl7wjbcZ92/view?usp=drivesdk
non_adherents;Nelson_Irrigation_Fiches_techniques;Automatisme et pilotage;Automate / E-S;Fiche technique;800-Series_Press-Sus-Relief.PDF;FOURNISEURS NON ADHERENTS MAIS FICHE TECHNIQUE OUF/Nelson_Irrigation_Fiches_techniques/Vannes de commande/Soupapes de surpression et de décharge de la série 800/Operation & Maintenance;application/pdf;527755;1LJ9THkuSy2aUU1gVExq2VshIz6WHvWAw;https://drive.google.com/file/d/1LJ9THkuSy2aUU1gVExq2VshIz6WHvWAw/view?usp=drivesdk
non_adherents;Nelson_Irrigation_Fiches_techniques;Automatisme et pilotage;Automate / E-S;Fiche technique;R55-R75_1000-SERIES-CONFIG_100217.pdf;FOURNISEURS NON ADHERENTS MAIS FICHE TECHNIQUE OUF/Nelson_Irrigation_Fiches_techniques/Vannes de commande/Vanne d'extrémité pour pivots 1000P/Assembly & Installation;application/pdf;651626;18hSVZi8F83lJoZeQlpEmYWfWrfrMBesT;https://drive.google.com/file/d/18hSVZi8F83lJoZeQlpEmYWfWrfrMBesT/view?usp=drivesdk
non_adherents;Nelson_Irrigation_Fiches_techniques;Automatisme et pilotage;Automate / E-S;Brochure;1000P-End-of-Pivot-Valves_062020.pdf;FOURNISEURS NON ADHERENTS MAIS FICHE TECHNIQUE OUF/Nelson_Irrigation_Fiches_techniques/Vannes de commande/Vanne d'extrémité pour pivots 1000P/Brochures;application/pdf;327096;1k1ea0xdzBa2QodT6Zm4QQ9KdghHLibcH;https://drive.google.com/file/d/1k1ea0xdzBa2QodT6Zm4QQ9KdghHLibcH/view?usp=drivesdk
non_adherents;Nelson_Irrigation_Fiches_techniques;Automatisme et pilotage;Automate / E-S;Fiche technique;1000P-RX_Operation.pdf;FOURNISEURS NON ADHERENTS MAIS FICHE TECHNIQUE OUF/Nelson_Irrigation_Fiches_techniques/Vannes de commande/Vanne d'extrémité pour pivots 1000P/Operation & Maintenance;application/pdf;870789;1f5FlXqYOBTQm7eIpXUvgktKAehxv3mBO;https://drive.google.com/file/d/1f5FlXqYOBTQm7eIpXUvgktKAehxv3mBO/view?usp=drivesdk
non_adherents;Nelson_Irrigation_Fiches_techniques;Automatisme et pilotage;Automate / E-S;Fiche technique;800P_ball-vent-10753.pdf;FOURNISEURS NON ADHERENTS MAIS FICHE TECHNIQUE OUF/Nelson_Irrigation_Fiches_techniques/Vannes de commande/Vanne de canon d'extrémité 800P/Assembly & Installation;application/pdf;491489;1d_oYs3oDToknFJwN3j_2bwb28V9JPgYe;https://drive.google.com/file/d/1d_oYs3oDToknFJwN3j_2bwb28V9JPgYe/view?usp=drivesdk
non_adherents;Nelson_Irrigation_Fiches_techniques;Automatisme et pilotage;Automate / E-S;Brochure;Pivot-Gun-Control-Valve.pdf;FOURNISEURS NON ADHERENTS MAIS FICHE TECHNIQUE OUF/Nelson_Irrigation_Fiches_techniques/Vannes de commande/Vanne de canon d'extrémité 800P/Brochures;application/pdf;536258;1etJ9_RyLM7M1rOktif7GM9fCGeu6XRcR;https://drive.google.com/file/d/1etJ9_RyLM7M1rOktif7GM9fCGeu6XRcR/view?usp=drivesdk
non_adherents;Nelson_Irrigation_Fiches_techniques;Automatisme et pilotage;Automate / E-S;Fiche technique;BG_PLASTIC TR.pdf;FOURNISEURS NON ADHERENTS MAIS FICHE TECHNIQUE OUF/Nelson_Irrigation_Fiches_techniques/Vannes de commande/Vannes Big Gun de la série 1000 pour applications à couverture intégrale/Performance & Specifications;application/pdf;716536;1PIS3L-ZID32bLVvd3m4mzM3M7hOnW7Mp;https://drive.google.com/file/d/1PIS3L-ZID32bLVvd3m4mzM3M7hOnW7Mp/view?usp=drivesdk
non_adherents;Nelson_Irrigation_Fiches_techniques;Automatisme et pilotage;Automate / E-S;Fiche technique;BIG GUN_PLASTIC NOZZLES_french.pdf;FOURNISEURS NON ADHERENTS MAIS FICHE TECHNIQUE OUF/Nelson_Irrigation_Fiches_techniques/Vannes de commande/Vannes Big Gun de la série 1000 pour applications à couverture intégrale/Performances et spécifications;application/pdf;793217;1tdg1A67Gb0gVXZ_UlrGWEoijxPEduxnK;https://drive.google.com/file/d/1tdg1A67Gb0gVXZ_UlrGWEoijxPEduxnK/view?usp=drivesdk
non_adherents;Nelson_Irrigation_Fiches_techniques;Automatisme et pilotage;Automate / E-S;Brochure;800-Series_ROF_English.PDF;FOURNISEURS NON ADHERENTS MAIS FICHE TECHNIQUE OUF/Nelson_Irrigation_Fiches_techniques/Vannes de commande/Vannes de régulation de débit de la série 800/Brochures;application/pdf;492616;1ocYhSqQg0qlXLdHujPBozTou_niQGhLY;https://drive.google.com/file/d/1ocYhSqQg0qlXLdHujPBozTou_niQGhLY/view?usp=drivesdk
non_adherents;Nelson_Irrigation_Fiches_techniques;Automatisme et pilotage;Automate / E-S;Fiche technique;800-Series_RoF-Operation-and-Maintenance.pdf;FOURNISEURS NON ADHERENTS MAIS FICHE TECHNIQUE OUF/Nelson_Irrigation_Fiches_techniques/Vannes de commande/Vannes de régulation de débit de la série 800/Operation & Maintenance;application/pdf;996461;1XUh9_4bjLcwlX7ZtE-Bi8IsOKT9CW_dn;https://drive.google.com/file/d/1XUh9_4bjLcwlX7ZtE-Bi8IsOKT9CW_dn/view?usp=drivesdk
non_adherents;Nelson_Irrigation_Fiches_techniques;Automatisme et pilotage;Automate / E-S;Fiche technique;2.-1000V-Plumbing-Diagrams.pdf;FOURNISEURS NON ADHERENTS MAIS FICHE TECHNIQUE OUF/Nelson_Irrigation_Fiches_techniques/Vannes de commande/Vannes de régulation de la série 1000/Assembly & Installation;application/pdf;13580011;1VB_B0qY66iBZK-YT-nqO62L8Bm2gUl3I;https://drive.google.com/file/d/1VB_B0qY66iBZK-YT-nqO62L8Bm2gUl3I/view?usp=drivesdk
non_adherents;Nelson_Irrigation_Fiches_techniques;Automatisme et pilotage;Automate / E-S;Catalogue;2025 1000 SERIES CATALOG NO $.pdf;FOURNISEURS NON ADHERENTS MAIS FICHE TECHNIQUE OUF/Nelson_Irrigation_Fiches_techniques/Vannes de commande/Vannes de régulation de la série 1000/Brochures;application/pdf;3333591;1uF9g3NKDFQRsabe2wHJjcYauri1z_Eru;https://drive.google.com/file/d/1uF9g3NKDFQRsabe2wHJjcYauri1z_Eru/view?usp=drivesdk
non_adherents;Nelson_Irrigation_Fiches_techniques;Automatisme et pilotage;Automate / E-S;Fiche technique;1000V2-2-FNPT---Marketing-Dimensional-Layout.DWG;FOURNISEURS NON ADHERENTS MAIS FICHE TECHNIQUE OUF/Nelson_Irrigation_Fiches_techniques/Vannes de commande/Vannes de régulation de la série 1000/Drawings & Dimensions;image/vnd.dwg;1865742;1ZZ1J4fw7eWqXW9Q2PrvsgwOAE_ERXtIB;https://drive.google.com/file/d/1ZZ1J4fw7eWqXW9Q2PrvsgwOAE_ERXtIB/view?usp=drivesdk
non_adherents;Nelson_Irrigation_Fiches_techniques;Automatisme et pilotage;Automate / E-S;Fiche technique;1000V2-2-PVC-Socket---Marketing-Dimensional-Layout.DWG;FOURNISEURS NON ADHERENTS MAIS FICHE TECHNIQUE OUF/Nelson_Irrigation_Fiches_techniques/Vannes de commande/Vannes de régulation de la série 1000/Drawings & Dimensions;image/vnd.dwg;948653;1_bruT7Fo6wv7m_0slSv1HedbzUk1upzV;https://drive.google.com/file/d/1_bruT7Fo6wv7m_0slSv1HedbzUk1upzV/view?usp=drivesdk
non_adherents;Nelson_Irrigation_Fiches_techniques;Automatisme et pilotage;Automate / E-S;Fiche technique;1000V2-2-Victaulic---Marketing-Dimensional-Layout.DWG;FOURNISEURS NON ADHERENTS MAIS FICHE TECHNIQUE OUF/Nelson_Irrigation_Fiches_techniques/Vannes de commande/Vannes de régulation de la série 1000/Drawings & Dimensions;image/vnd.dwg;942947;1_MRgrc4y4zC4knWGRac1yNXZla6NYNn7;https://drive.google.com/file/d/1_MRgrc4y4zC4knWGRac1yNXZla6NYNn7/view?usp=drivesdk
non_adherents;Nelson_Irrigation_Fiches_techniques;Automatisme et pilotage;Automate / E-S;Fiche technique;1000V2-3-OD-Spline---Marketing-Dimensional-Layout.DWG;FOURNISEURS NON ADHERENTS MAIS FICHE TECHNIQUE OUF/Nelson_Irrigation_Fiches_techniques/Vannes de commande/Vannes de régulation de la série 1000/Drawings & Dimensions;image/vnd.dwg;1032577;1NSyEApMs_csDN8ck_gNGi0XpqnpJu5bk;https://drive.google.com/file/d/1NSyEApMs_csDN8ck_gNGi0XpqnpJu5bk/view?usp=drivesdk
non_adherents;Nelson_Irrigation_Fiches_techniques;Automatisme et pilotage;Automate / E-S;Fiche technique;1000V2-3-PVC-Socket----Marketing-Dimensional-Layout.DWG;FOURNISEURS NON ADHERENTS MAIS FICHE TECHNIQUE OUF/Nelson_Irrigation_Fiches_techniques/Vannes de commande/Vannes de régulation de la série 1000/Drawings & Dimensions;image/vnd.dwg;1359901;1qfkeUqaLbE1xAFv6kHFihij0KmjOEXrt;https://drive.google.com/file/d/1qfkeUqaLbE1xAFv6kHFihij0KmjOEXrt/view?usp=drivesdk
non_adherents;Nelson_Irrigation_Fiches_techniques;Automatisme et pilotage;Automate / E-S;Fiche technique;1000V2-3-Victaulic---Marketing-Dimensional-Layout.DWG;FOURNISEURS NON ADHERENTS MAIS FICHE TECHNIQUE OUF/Nelson_Irrigation_Fiches_techniques/Vannes de commande/Vannes de régulation de la série 1000/Drawings & Dimensions;image/vnd.dwg;1592173;1q-bSPkuzNo514wK-OmSa1E8kMmKiEBiS;https://drive.google.com/file/d/1q-bSPkuzNo514wK-OmSa1E8kMmKiEBiS/view?usp=drivesdk
non_adherents;Nelson_Irrigation_Fiches_techniques;Automatisme et pilotage;Automate / E-S;Manuel / notice;1000V2-Elbow-3-IPS-Spline-X-3-OD-Spline,-Manual-Only---Marketing-Dimensional-Layout.DWG;FOURNISEURS NON ADHERENTS MAIS FICHE TECHNIQUE OUF/Nelson_Irrigation_Fiches_techniques/Vannes de commande/Vannes de régulation de la série 1000/Drawings & Dimensions;image/vnd.dwg;1011914;1C9RFNaCYk395JNH9NfDczETUjo5h1hta;https://drive.google.com/file/d/1C9RFNaCYk395JNH9NfDczETUjo5h1hta/view?usp=drivesdk
non_adherents;Nelson_Irrigation_Fiches_techniques;Automatisme et pilotage;Automate / E-S;Manuel / notice;1000V2-Tee-3-IPS-Spline-X-3-OD-Spline,-Manual-Only-(Single-Control)---Marketing-Dimensional-Layout.DWG;FOURNISEURS NON ADHERENTS MAIS FICHE TECHNIQUE OUF/Nelson_Irrigation_Fiches_techniques/Vannes de commande/Vannes de régulation de la série 1000/Drawings & Dimensions;image/vnd.dwg;1191370;17Z-gL3ylqwoXoYck36Hx0qVdhxsOdn3M;https://drive.google.com/file/d/17Z-gL3ylqwoXoYck36Hx0qVdhxsOdn3M/view?usp=drivesdk
non_adherents;Nelson_Irrigation_Fiches_techniques;Automatisme et pilotage;Automate / E-S;Fiche technique;1000V2-Wafer-2-X-3-Adapters---Marketing-Dimensional-Layout.DWG;FOURNISEURS NON ADHERENTS MAIS FICHE TECHNIQUE OUF/Nelson_Irrigation_Fiches_techniques/Vannes de commande/Vannes de régulation de la série 1000/Drawings & Dimensions;image/vnd.dwg;1069764;10QXewdTe09AU0nyFxJegatp-jTA_GjKb;https://drive.google.com/file/d/10QXewdTe09AU0nyFxJegatp-jTA_GjKb/view?usp=drivesdk
non_adherents;Nelson_Irrigation_Fiches_techniques;Automatisme et pilotage;Automate / E-S;Manuel / notice;1000V2-Wafer-Manual-Only---Marketing-Dimensional-Layout.DWG;FOURNISEURS NON ADHERENTS MAIS FICHE TECHNIQUE OUF/Nelson_Irrigation_Fiches_techniques/Vannes de commande/Vannes de régulation de la série 1000/Drawings & Dimensions;image/vnd.dwg;702100;1FbtrdqL7UGkFoGWAO9y9gDqh49rukPVB;https://drive.google.com/file/d/1FbtrdqL7UGkFoGWAO9y9gDqh49rukPVB/view?usp=drivesdk
non_adherents;Nelson_Irrigation_Fiches_techniques;Automatisme et pilotage;Automate / E-S;Fiche technique;1000V3-3-PVC-Socket---Marketing-Dimensional-Layout.DWG;FOURNISEURS NON ADHERENTS MAIS FICHE TECHNIQUE OUF/Nelson_Irrigation_Fiches_techniques/Vannes de commande/Vannes de régulation de la série 1000/Drawings & Dimensions;image/vnd.dwg;1311391;1XQ6vNffpz6eG0hDr5jxHe-ryQQpkgIR8;https://drive.google.com/file/d/1XQ6vNffpz6eG0hDr5jxHe-ryQQpkgIR8/view?usp=drivesdk
non_adherents;Nelson_Irrigation_Fiches_techniques;Automatisme et pilotage;Automate / E-S;Fiche technique;1000V3-3-Victaulic---Marketing-Dimensional-Layout.DWG;FOURNISEURS NON ADHERENTS MAIS FICHE TECHNIQUE OUF/Nelson_Irrigation_Fiches_techniques/Vannes de commande/Vannes de régulation de la série 1000/Drawings & Dimensions;image/vnd.dwg;1301487;13O-QOOJM33CTrRUCp3vFKOcMVDtYykfP;https://drive.google.com/file/d/13O-QOOJM33CTrRUCp3vFKOcMVDtYykfP/view?usp=drivesdk
non_adherents;Nelson_Irrigation_Fiches_techniques;Automatisme et pilotage;Automate / E-S;Fiche technique;1000V3-4-PVC-Socket-(with-3-X-4-Adapters)--Marketing-Dimensional-Layout.DWG;FOURNISEURS NON ADHERENTS MAIS FICHE TECHNIQUE OUF/Nelson_Irrigation_Fiches_techniques/Vannes de commande/Vannes de régulation de la série 1000/Drawings & Dimensions;image/vnd.dwg;1133869;1wtyo2dO1FJdNl7uIw4cfJ9ZsUKX-zenk;https://drive.google.com/file/d/1wtyo2dO1FJdNl7uIw4cfJ9ZsUKX-zenk/view?usp=drivesdk
non_adherents;Nelson_Irrigation_Fiches_techniques;Automatisme et pilotage;Automate / E-S;Fiche technique;1000V3-Wafer-3-X-4-Adapters.DWG;FOURNISEURS NON ADHERENTS MAIS FICHE TECHNIQUE OUF/Nelson_Irrigation_Fiches_techniques/Vannes de commande/Vannes de régulation de la série 1000/Drawings & Dimensions;image/vnd.dwg;1143337;1xrKAdLyk4arOGOstrWfXQErTq_NJLLGq;https://drive.google.com/file/d/1xrKAdLyk4arOGOstrWfXQErTq_NJLLGq/view?usp=drivesdk
non_adherents;Nelson_Irrigation_Fiches_techniques;Automatisme et pilotage;Automate / E-S;Fiche technique;1000V3-Wafer-only---Marketing-Dimensional-Layout.DWG;FOURNISEURS NON ADHERENTS MAIS FICHE TECHNIQUE OUF/Nelson_Irrigation_Fiches_techniques/Vannes de commande/Vannes de régulation de la série 1000/Drawings & Dimensions;image/vnd.dwg;1283604;1mkPgLOS17fviLLGh7BVPrqwmzFF3ES-W;https://drive.google.com/file/d/1mkPgLOS17fviLLGh7BVPrqwmzFF3ES-W/view?usp=drivesdk
non_adherents;Nelson_Irrigation_Fiches_techniques;Automatisme et pilotage;Automate / E-S;Fiche technique;1000V4-INL-B26-4in-PVC-Socket-Dimensions.DWG;FOURNISEURS NON ADHERENTS MAIS FICHE TECHNIQUE OUF/Nelson_Irrigation_Fiches_techniques/Vannes de commande/Vannes de régulation de la série 1000/Drawings & Dimensions;image/vnd.dwg;836698;1_ATt5ye8PoSYdzpEVbehbuVA6DoKBJJG;https://drive.google.com/file/d/1_ATt5ye8PoSYdzpEVbehbuVA6DoKBJJG/view?usp=drivesdk
non_adherents;Nelson_Irrigation_Fiches_techniques;Automatisme et pilotage;Automate / E-S;Fiche technique;1000V4-INL-B31-6in-PVC-Socket-Dimensions.DWG;FOURNISEURS NON ADHERENTS MAIS FICHE TECHNIQUE OUF/Nelson_Irrigation_Fiches_techniques/Vannes de commande/Vannes de régulation de la série 1000/Drawings & Dimensions;image/vnd.dwg;1148104;1R__UE4oqRICJjv_DbqSwc4KIDxrvV0c1;https://drive.google.com/file/d/1R__UE4oqRICJjv_DbqSwc4KIDxrvV0c1/view?usp=drivesdk
non_adherents;Nelson_Irrigation_Fiches_techniques;Automatisme et pilotage;Automate / E-S;Fiche technique;1000V4-INL-B32-Victaulic-Dimensions.DWG;FOURNISEURS NON ADHERENTS MAIS FICHE TECHNIQUE OUF/Nelson_Irrigation_Fiches_techniques/Vannes de commande/Vannes de régulation de la série 1000/Drawings & Dimensions;image/vnd.dwg;844671;1hPczidvJxK417h13W4BAcCZQRyNis2Xw;https://drive.google.com/file/d/1hPczidvJxK417h13W4BAcCZQRyNis2Xw/view?usp=drivesdk
non_adherents;Nelson_Irrigation_Fiches_techniques;Automatisme et pilotage;Automate / E-S;Fiche technique;1000V4-INL-Wafer-Dimensions.DWG;FOURNISEURS NON ADHERENTS MAIS FICHE TECHNIQUE OUF/Nelson_Irrigation_Fiches_techniques/Vannes de commande/Vannes de régulation de la série 1000/Drawings & Dimensions;image/vnd.dwg;703277;1beW2FHGaVkW4S6lrFpAeiogW5tngU0fw;https://drive.google.com/file/d/1beW2FHGaVkW4S6lrFpAeiogW5tngU0fw/view?usp=drivesdk
non_adherents;Nelson_Irrigation_Fiches_techniques;Automatisme et pilotage;Automate / E-S;Fiche technique;1000V4-Wafer-4-X-6-Adapters.DWG;FOURNISEURS NON ADHERENTS MAIS FICHE TECHNIQUE OUF/Nelson_Irrigation_Fiches_techniques/Vannes de commande/Vannes de régulation de la série 1000/Drawings & Dimensions;image/vnd.dwg;732487;1oqsFHKdxxKU8GaHnL8VAtuKTn2_wJr52;https://drive.google.com/file/d/1oqsFHKdxxKU8GaHnL8VAtuKTn2_wJr52/view?usp=drivesdk
non_adherents;Nelson_Irrigation_Fiches_techniques;Automatisme et pilotage;Automate / E-S;Services;1.-1000V-Parts.pdf;FOURNISEURS NON ADHERENTS MAIS FICHE TECHNIQUE OUF/Nelson_Irrigation_Fiches_techniques/Vannes de commande/Vannes de régulation de la série 1000/Parts & Service Kits;application/pdf;4726561;1ANqemOZDeqxxaHoOUzhUOxcIdLWreVvS;https://drive.google.com/file/d/1ANqemOZDeqxxaHoOUzhUOxcIdLWreVvS/view?usp=drivesdk
non_adherents;Nelson_Irrigation_Fiches_techniques;Automatisme et pilotage;Automate / E-S;Fiche technique;3.-1000V-Spec-Dimensions-Perf.pdf;FOURNISEURS NON ADHERENTS MAIS FICHE TECHNIQUE OUF/Nelson_Irrigation_Fiches_techniques/Vannes de commande/Vannes de régulation de la série 1000/Performance & Specifications;application/pdf;1891968;1ApwBINA2f4CC0I7elHkQCKXvSPNKbXhD;https://drive.google.com/file/d/1ApwBINA2f4CC0I7elHkQCKXvSPNKbXhD/view?usp=drivesdk
non_adherents;Nelson_Irrigation_Fiches_techniques;Automatisme et pilotage;Automate / E-S;Fiche technique;800-Series_RoF-Plumbing.pdf;FOURNISEURS NON ADHERENTS MAIS FICHE TECHNIQUE OUF/Nelson_Irrigation_Fiches_techniques/Vannes de commande/Vannes de régulation de la série 800/Assembly & Installation;application/pdf;451086;14YuZpEP4MQ7_I8JQCcMzs_HuVEg9HQqe;https://drive.google.com/file/d/14YuZpEP4MQ7_I8JQCcMzs_HuVEg9HQqe/view?usp=drivesdk
non_adherents;Nelson_Irrigation_Fiches_techniques;Automatisme et pilotage;Automate / E-S;Fiche technique;800V-Dual-filters.pdf;FOURNISEURS NON ADHERENTS MAIS FICHE TECHNIQUE OUF/Nelson_Irrigation_Fiches_techniques/Vannes de commande/Vannes de régulation de la série 800/Assembly & Installation;application/pdf;203514;1HlbsADDu8xERhk7zKL-nWplffCE7x_Ll;https://drive.google.com/file/d/1HlbsADDu8xERhk7zKL-nWplffCE7x_Ll/view?usp=drivesdk
non_adherents;Nelson_Irrigation_Fiches_techniques;Automatisme et pilotage;Automate / E-S;Fiche technique;800V-Flange-Adapter-Install.pdf;FOURNISEURS NON ADHERENTS MAIS FICHE TECHNIQUE OUF/Nelson_Irrigation_Fiches_techniques/Vannes de commande/Vannes de régulation de la série 800/Assembly & Installation;application/pdf;1840532;1O7jeCKLpJ3O7MxVOiWQBU7O1abnnu-Kd;https://drive.google.com/file/d/1O7jeCKLpJ3O7MxVOiWQBU7O1abnnu-Kd/view?usp=drivesdk
non_adherents;Nelson_Irrigation_Fiches_techniques;Automatisme et pilotage;Automate / E-S;Fiche technique;E29-Solenoid-plumbing_0617.pdf;FOURNISEURS NON ADHERENTS MAIS FICHE TECHNIQUE OUF/Nelson_Irrigation_Fiches_techniques/Vannes de commande/Vannes de régulation de la série 800/Assembly & Installation;application/pdf;1173323;1XQiilUD_njd0FmyPRY2JIW6GtGMrCj8g;https://drive.google.com/file/d/1XQiilUD_njd0FmyPRY2JIW6GtGMrCj8g/view?usp=drivesdk
non_adherents;Nelson_Irrigation_Fiches_techniques;Automatisme et pilotage;Automate / E-S;Services;Pilot-Service-Kit-Installation.pdf;FOURNISEURS NON ADHERENTS MAIS FICHE TECHNIQUE OUF/Nelson_Irrigation_Fiches_techniques/Vannes de commande/Vannes de régulation de la série 800/Assembly & Installation;application/pdf;614864;1pqgfxzthWB4cYCXXh6ihfEM666px4aZ1;https://drive.google.com/file/d/1pqgfxzthWB4cYCXXh6ihfEM666px4aZ1/view?usp=drivesdk
non_adherents;Nelson_Irrigation_Fiches_techniques;Automatisme et pilotage;Automate / E-S;Fiche technique;Pilot-Upgrade-Kit-Installation.pdf;FOURNISEURS NON ADHERENTS MAIS FICHE TECHNIQUE OUF/Nelson_Irrigation_Fiches_techniques/Vannes de commande/Vannes de régulation de la série 800/Assembly & Installation;application/pdf;620813;1sg_8D-ifenzo1DLO0TNmpMG0wGSZCT22;https://drive.google.com/file/d/1sg_8D-ifenzo1DLO0TNmpMG0wGSZCT22/view?usp=drivesdk
non_adherents;Nelson_Irrigation_Fiches_techniques;Automatisme et pilotage;Automate / E-S;Fiche technique;RATE-OF-FLOW_12305-001-upgrade.pdf;FOURNISEURS NON ADHERENTS MAIS FICHE TECHNIQUE OUF/Nelson_Irrigation_Fiches_techniques/Vannes de commande/Vannes de régulation de la série 800/Assembly & Installation;application/pdf;791463;100lceJbr4M9Vz6FVChcwkI-474we_B_N;https://drive.google.com/file/d/100lceJbr4M9Vz6FVChcwkI-474we_B_N/view?usp=drivesdk
non_adherents;Nelson_Irrigation_Fiches_techniques;Automatisme et pilotage;Automate / E-S;Services;RATE-OF-FLOW_12305-002_1117-Service.pdf;FOURNISEURS NON ADHERENTS MAIS FICHE TECHNIQUE OUF/Nelson_Irrigation_Fiches_techniques/Vannes de commande/Vannes de régulation de la série 800/Assembly & Installation;application/pdf;779014;1ITYJ37ko2voAR5yb6RxJAq8SQ0Sh_4_S;https://drive.google.com/file/d/1ITYJ37ko2voAR5yb6RxJAq8SQ0Sh_4_S/view?usp=drivesdk
non_adherents;Nelson_Irrigation_Fiches_techniques;Automatisme et pilotage;Automate / E-S;Fiche technique;Rate-of-Flow-Installation_12082020.pdf;FOURNISEURS NON ADHERENTS MAIS FICHE TECHNIQUE OUF/Nelson_Irrigation_Fiches_techniques/Vannes de commande/Vannes de régulation de la série 800/Assembly & Installation;application/pdf;336255;1ZE6MA8LC4YWd_NWzDaby27bzV7vqp-7l;https://drive.google.com/file/d/1ZE6MA8LC4YWd_NWzDaby27bzV7vqp-7l/view?usp=drivesdk
non_adherents;Nelson_Irrigation_Fiches_techniques;Automatisme et pilotage;Automate / E-S;Fiche technique;VM-10-On-Off-Sol-&-Hyd-Relay.pdf;FOURNISEURS NON ADHERENTS MAIS FICHE TECHNIQUE OUF/Nelson_Irrigation_Fiches_techniques/Vannes de commande/Vannes de régulation de la série 800/Assembly & Installation;application/pdf;415082;1es2St2TWNYF6POGdj0RfBJn26KoeBxL9;https://drive.google.com/file/d/1es2St2TWNYF6POGdj0RfBJn26KoeBxL9/view?usp=drivesdk
non_adherents;Nelson_Irrigation_Fiches_techniques;Automatisme et pilotage;Automate / E-S;Fiche technique;VM-11-Press-Red.pdf;FOURNISEURS NON ADHERENTS MAIS FICHE TECHNIQUE OUF/Nelson_Irrigation_Fiches_techniques/Vannes de commande/Vannes de régulation de la série 800/Assembly & Installation;application/pdf;750211;1zyYVQdE7xxZksjKhbYm9ULtFKI29NZMW;https://drive.google.com/file/d/1zyYVQdE7xxZksjKhbYm9ULtFKI29NZMW/view?usp=drivesdk
non_adherents;Nelson_Irrigation_Fiches_techniques;Automatisme et pilotage;Automate / E-S;Fiche technique;VM-12-Press-Sus.pdf;FOURNISEURS NON ADHERENTS MAIS FICHE TECHNIQUE OUF/Nelson_Irrigation_Fiches_techniques/Vannes de commande/Vannes de régulation de la série 800/Assembly & Installation;application/pdf;216233;1FedF2gHaG0cc6BS3nkvT4YDnInJrNv1U;https://drive.google.com/file/d/1FedF2gHaG0cc6BS3nkvT4YDnInJrNv1U/view?usp=drivesdk
non_adherents;Nelson_Irrigation_Fiches_techniques;Automatisme et pilotage;Automate / E-S;Fiche technique;VM-13-Combo-Controls.pdf;FOURNISEURS NON ADHERENTS MAIS FICHE TECHNIQUE OUF/Nelson_Irrigation_Fiches_techniques/Vannes de commande/Vannes de régulation de la série 800/Assembly & Installation;application/pdf;335446;1d8phEVGODaCuqvbuIXlFVZk1KfS65KKB;https://drive.google.com/file/d/1d8phEVGODaCuqvbuIXlFVZk1KfS65KKB/view?usp=drivesdk
non_adherents;Nelson_Irrigation_Fiches_techniques;Automatisme et pilotage;Automate / E-S;Fiche technique;VM-15-Chk_Valve-Sleeve-Exh.pdf;FOURNISEURS NON ADHERENTS MAIS FICHE TECHNIQUE OUF/Nelson_Irrigation_Fiches_techniques/Vannes de commande/Vannes de régulation de la série 800/Assembly & Installation;application/pdf;2515331;1N1ue8aM2jcUr3GJWaXUuNRXxVgQd9xVl;https://drive.google.com/file/d/1N1ue8aM2jcUr3GJWaXUuNRXxVgQd9xVl/view?usp=drivesdk
non_adherents;Nelson_Irrigation_Fiches_techniques;Automatisme et pilotage;Automate / E-S;Brochure;NELSON_VALVES_brochure_FINAL.pdf;FOURNISEURS NON ADHERENTS MAIS FICHE TECHNIQUE OUF/Nelson_Irrigation_Fiches_techniques/Vannes de commande/Vannes de régulation de la série 800/Brochures;application/pdf;2542710;1u8kvSRgQba1-ySYwlE1l705O8aVVcq4B;https://drive.google.com/file/d/1u8kvSRgQba1-ySYwlE1l705O8aVVcq4B/view?usp=drivesdk
non_adherents;Nelson_Irrigation_Fiches_techniques;Automatisme et pilotage;Automate / E-S;Fiche technique;800V2-Threaded---Marketing-Dimensional-Layout.DWG;FOURNISEURS NON ADHERENTS MAIS FICHE TECHNIQUE OUF/Nelson_Irrigation_Fiches_techniques/Vannes de commande/Vannes de régulation de la série 800/Drawings & Dimensions;image/vnd.dwg;176332;1TxQHMBdYMcj-6g7AeuIYqaGpbBtMP56R;https://drive.google.com/file/d/1TxQHMBdYMcj-6g7AeuIYqaGpbBtMP56R/view?usp=drivesdk
non_adherents;Nelson_Irrigation_Fiches_techniques;Automatisme et pilotage;Automate / E-S;Fiche technique;800V2-Victaulic---Marketing-Dimensional-Layout.DWG;FOURNISEURS NON ADHERENTS MAIS FICHE TECHNIQUE OUF/Nelson_Irrigation_Fiches_techniques/Vannes de commande/Vannes de régulation de la série 800/Drawings & Dimensions;image/vnd.dwg;178287;1LUCO0IYGajVTvYR2LzPPMNjEpkGeVzv5;https://drive.google.com/file/d/1LUCO0IYGajVTvYR2LzPPMNjEpkGeVzv5/view?usp=drivesdk
non_adherents;Nelson_Irrigation_Fiches_techniques;Automatisme et pilotage;Automate / E-S;Fiche technique;800V2-Wafer---Marketing-Dimensional-Layout.DWG;FOURNISEURS NON ADHERENTS MAIS FICHE TECHNIQUE OUF/Nelson_Irrigation_Fiches_techniques/Vannes de commande/Vannes de régulation de la série 800/Drawings & Dimensions;image/vnd.dwg;277321;1B0xRUuuv8nbJvJzpvrAsrnpk9t-TqdMF;https://drive.google.com/file/d/1B0xRUuuv8nbJvJzpvrAsrnpk9t-TqdMF/view?usp=drivesdk
non_adherents;Nelson_Irrigation_Fiches_techniques;Automatisme et pilotage;Automate / E-S;Fiche technique;800V3-Threaded---Marketing-Dimensional-Layout.DWG;FOURNISEURS NON ADHERENTS MAIS FICHE TECHNIQUE OUF/Nelson_Irrigation_Fiches_techniques/Vannes de commande/Vannes de régulation de la série 800/Drawings & Dimensions;image/vnd.dwg;153186;1T8oaGDPD0fuJcoO6YhbXIF3xAYB5r5cf;https://drive.google.com/file/d/1T8oaGDPD0fuJcoO6YhbXIF3xAYB5r5cf/view?usp=drivesdk
non_adherents;Nelson_Irrigation_Fiches_techniques;Automatisme et pilotage;Automate / E-S;Fiche technique;800V3-Victaulic---Marketing-Dimensional-Layout.DWG;FOURNISEURS NON ADHERENTS MAIS FICHE TECHNIQUE OUF/Nelson_Irrigation_Fiches_techniques/Vannes de commande/Vannes de régulation de la série 800/Drawings & Dimensions;image/vnd.dwg;183215;1_mpsYAIZ-G8cc_GzDXe3l6Jll2p0bK3B;https://drive.google.com/file/d/1_mpsYAIZ-G8cc_GzDXe3l6Jll2p0bK3B/view?usp=drivesdk
non_adherents;Nelson_Irrigation_Fiches_techniques;Automatisme et pilotage;Automate / E-S;Fiche technique;800V3-Wafer---Marketing-Dimensional-Layout.DWG;FOURNISEURS NON ADHERENTS MAIS FICHE TECHNIQUE OUF/Nelson_Irrigation_Fiches_techniques/Vannes de commande/Vannes de régulation de la série 800/Drawings & Dimensions;image/vnd.dwg;187245;12WVsqX-ljxR4ZOqwqW2ZKPHu5GiojCFH;https://drive.google.com/file/d/12WVsqX-ljxR4ZOqwqW2ZKPHu5GiojCFH/view?usp=drivesdk
non_adherents;Nelson_Irrigation_Fiches_techniques;Automatisme et pilotage;Automate / E-S;Fiche technique;800V4-Wafer---Marketing-Dimensional-Layout.DWG;FOURNISEURS NON ADHERENTS MAIS FICHE TECHNIQUE OUF/Nelson_Irrigation_Fiches_techniques/Vannes de commande/Vannes de régulation de la série 800/Drawings & Dimensions;image/vnd.dwg;307671;1jxUkTuIx_eoW_l_b0MbKspG3DMxBWLKb;https://drive.google.com/file/d/1jxUkTuIx_eoW_l_b0MbKspG3DMxBWLKb/view?usp=drivesdk
non_adherents;Nelson_Irrigation_Fiches_techniques;Automatisme et pilotage;Automate / E-S;Fiche technique;800V4_Wafer_6x4x6.dwg;FOURNISEURS NON ADHERENTS MAIS FICHE TECHNIQUE OUF/Nelson_Irrigation_Fiches_techniques/Vannes de commande/Vannes de régulation de la série 800/Drawings & Dimensions;image/vnd.dwg;430812;1C2rFOX3I9yjK-UKuBg7GhWj02Ngm8Kmi;https://drive.google.com/file/d/1C2rFOX3I9yjK-UKuBg7GhWj02Ngm8Kmi/view?usp=drivesdk
non_adherents;Nelson_Irrigation_Fiches_techniques;Automatisme et pilotage;Automate / E-S;Fiche technique;800V6-Wafer---Marketing-Dimensional-Layout.DWG;FOURNISEURS NON ADHERENTS MAIS FICHE TECHNIQUE OUF/Nelson_Irrigation_Fiches_techniques/Vannes de commande/Vannes de régulation de la série 800/Drawings & Dimensions;image/vnd.dwg;469573;1byC04bfmZou5U440kkFGG1Kh2lwGIEHT;https://drive.google.com/file/d/1byC04bfmZou5U440kkFGG1Kh2lwGIEHT/view?usp=drivesdk
non_adherents;Nelson_Irrigation_Fiches_techniques;Automatisme et pilotage;Automate / E-S;Fiche technique;800V6-Wafer-8x6x8-Marketing-Dimensional-Layout.DWG;FOURNISEURS NON ADHERENTS MAIS FICHE TECHNIQUE OUF/Nelson_Irrigation_Fiches_techniques/Vannes de commande/Vannes de régulation de la série 800/Drawings & Dimensions;image/vnd.dwg;911918;1L0lOJma82RpptbUJ4_iZpPRWeDbAQTiy;https://drive.google.com/file/d/1L0lOJma82RpptbUJ4_iZpPRWeDbAQTiy/view?usp=drivesdk
non_adherents;Nelson_Irrigation_Fiches_techniques;Automatisme et pilotage;Automate / E-S;Fiche technique;800V8-Wafer---Marketing-Dimensional-Layout.DWG;FOURNISEURS NON ADHERENTS MAIS FICHE TECHNIQUE OUF/Nelson_Irrigation_Fiches_techniques/Vannes de commande/Vannes de régulation de la série 800/Drawings & Dimensions;image/vnd.dwg;357315;1TUFf5kdSxkYumI1slJRQ8Nd4C1Lehjs2;https://drive.google.com/file/d/1TUFf5kdSxkYumI1slJRQ8Nd4C1Lehjs2/view?usp=drivesdk
non_adherents;Nelson_Irrigation_Fiches_techniques;Automatisme et pilotage;Automate / E-S;Fiche technique;VM-18-Dimensions-&-Install.pdf;FOURNISEURS NON ADHERENTS MAIS FICHE TECHNIQUE OUF/Nelson_Irrigation_Fiches_techniques/Vannes de commande/Vannes de régulation de la série 800/Drawings & Dimensions;application/pdf;720896;1JvBNAj3XAUR1lPsslw6vkwPFZRERg_LT;https://drive.google.com/file/d/1JvBNAj3XAUR1lPsslw6vkwPFZRERg_LT/view?usp=drivesdk
non_adherents;Nelson_Irrigation_Fiches_techniques;Automatisme et pilotage;Automate / E-S;Fiche technique;800-Series_Valve-Winterization.PDF;FOURNISEURS NON ADHERENTS MAIS FICHE TECHNIQUE OUF/Nelson_Irrigation_Fiches_techniques/Vannes de commande/Vannes de régulation de la série 800/Operation & Maintenance;application/pdf;420667;1MFOK8o_NBCZ2yKXDQbN54t_T7VUzR96o;https://drive.google.com/file/d/1MFOK8o_NBCZ2yKXDQbN54t_T7VUzR96o/view?usp=drivesdk
non_adherents;Nelson_Irrigation_Fiches_techniques;Automatisme et pilotage;Automate / E-S;Services;800V-Fittings-Accessories.pdf;FOURNISEURS NON ADHERENTS MAIS FICHE TECHNIQUE OUF/Nelson_Irrigation_Fiches_techniques/Vannes de commande/Vannes de régulation de la série 800/Parts & Service Kits;application/pdf;1298268;1j-72qwE3dk2XYnB-r2en___Qc903iJ7t;https://drive.google.com/file/d/1j-72qwE3dk2XYnB-r2en___Qc903iJ7t/view?usp=drivesdk
non_adherents;Nelson_Irrigation_Fiches_techniques;Automatisme et pilotage;Automate / E-S;Services;800V-Parts.pdf;FOURNISEURS NON ADHERENTS MAIS FICHE TECHNIQUE OUF/Nelson_Irrigation_Fiches_techniques/Vannes de commande/Vannes de régulation de la série 800/Parts & Service Kits;application/pdf;1498720;1XqP3AES6GXc8fzxrXjJC_bjo1ZdVnzuR;https://drive.google.com/file/d/1XqP3AES6GXc8fzxrXjJC_bjo1ZdVnzuR/view?usp=drivesdk
non_adherents;Nelson_Irrigation_Fiches_techniques;Automatisme et pilotage;Automate / E-S;Services;800V-Pressure-Control-Pilot-Parts.pdf;FOURNISEURS NON ADHERENTS MAIS FICHE TECHNIQUE OUF/Nelson_Irrigation_Fiches_techniques/Vannes de commande/Vannes de régulation de la série 800/Parts & Service Kits;application/pdf;802083;1EUk1dUs0B_WMDRRpg-PT2za723yIegGF;https://drive.google.com/file/d/1EUk1dUs0B_WMDRRpg-PT2za723yIegGF/view?usp=drivesdk
non_adherents;Nelson_Irrigation_Fiches_techniques;Automatisme et pilotage;Automate / E-S;Services;800V-Rate-of-Flow-Pilot-Parts.pdf;FOURNISEURS NON ADHERENTS MAIS FICHE TECHNIQUE OUF/Nelson_Irrigation_Fiches_techniques/Vannes de commande/Vannes de régulation de la série 800/Parts & Service Kits;application/pdf;717788;109ejMPkfrS3pd9dq_2bhgNaLEhFr2PWW;https://drive.google.com/file/d/109ejMPkfrS3pd9dq_2bhgNaLEhFr2PWW/view?usp=drivesdk
non_adherents;Nelson_Irrigation_Fiches_techniques;Automatisme et pilotage;Automate / E-S;Services;Nelson_Solenoid_E02.pdf;FOURNISEURS NON ADHERENTS MAIS FICHE TECHNIQUE OUF/Nelson_Irrigation_Fiches_techniques/Vannes de commande/Vannes de régulation de la série 800/Parts & Service Kits;application/pdf;2567604;17L1rsvejanT78sDvwoVMD1mmfeOhC0LT;https://drive.google.com/file/d/17L1rsvejanT78sDvwoVMD1mmfeOhC0LT/view?usp=drivesdk
non_adherents;Nelson_Irrigation_Fiches_techniques;Automatisme et pilotage;Automate / E-S;Services;Solenoids_Master_v4.pdf;FOURNISEURS NON ADHERENTS MAIS FICHE TECHNIQUE OUF/Nelson_Irrigation_Fiches_techniques/Vannes de commande/Vannes de régulation de la série 800/Parts & Service Kits;application/pdf;1993785;1PpOJyStwjwJJsLr_SPCPJ3db2xemiXlt;https://drive.google.com/file/d/1PpOJyStwjwJJsLr_SPCPJ3db2xemiXlt/view?usp=drivesdk
non_adherents;Nelson_Irrigation_Fiches_techniques;Automatisme et pilotage;Automate / E-S;Fiche technique;VM-17-Perform-Info.pdf;FOURNISEURS NON ADHERENTS MAIS FICHE TECHNIQUE OUF/Nelson_Irrigation_Fiches_techniques/Vannes de commande/Vannes de régulation de la série 800/Performance & Specifications;application/pdf;260737;1O-vIwcouZjChW0qFHB1-sY-MK3aFTCup;https://drive.google.com/file/d/1O-vIwcouZjChW0qFHB1-sY-MK3aFTCup/view?usp=drivesdk
non_adherents;Nelson_Irrigation_Fiches_techniques;Automatisme et pilotage;Automate / E-S;Fiche technique;VM-19-Mtls-&-Spec-Shts.pdf;FOURNISEURS NON ADHERENTS MAIS FICHE TECHNIQUE OUF/Nelson_Irrigation_Fiches_techniques/Vannes de commande/Vannes de régulation de la série 800/Performance & Specifications;application/pdf;179733;1OeI57ImJrUDZQitXIRhwx9i88rqRQidT;https://drive.google.com/file/d/1OeI57ImJrUDZQitXIRhwx9i88rqRQidT/view?usp=drivesdk
non_adherents;Nelson_Irrigation_Fiches_techniques;Automatisme et pilotage;Automate / E-S;Fiche technique;800-Series_PerformanceITRC.PDF;FOURNISEURS NON ADHERENTS MAIS FICHE TECHNIQUE OUF/Nelson_Irrigation_Fiches_techniques/Vannes de commande/Vannes de régulation de la série 800/Technical;application/pdf;281919;17g4stLNlaiBf-Wujqy3f7_qIHithN0IN;https://drive.google.com/file/d/17g4stLNlaiBf-Wujqy3f7_qIHithN0IN/view?usp=drivesdk
non_adherents;Nelson_Irrigation_Fiches_techniques;Automatisme et pilotage;Automate / E-S;Fiche technique;800V_Special-Functions_2022.pdf;FOURNISEURS NON ADHERENTS MAIS FICHE TECHNIQUE OUF/Nelson_Irrigation_Fiches_techniques/Vannes de commande/Vannes de régulation de la série 800/Technical;application/pdf;4143178;1ObzuteBrS_Cj-foTGBl4V0eJhbmpgPkx;https://drive.google.com/file/d/1ObzuteBrS_Cj-foTGBl4V0eJhbmpgPkx/view?usp=drivesdk
non_adherents;Nelson_Irrigation_Fiches_techniques;Automatisme et pilotage;Automate / E-S;Fiche technique;VM-20.11-Control-Wire-Size-Notes.pdf;FOURNISEURS NON ADHERENTS MAIS FICHE TECHNIQUE OUF/Nelson_Irrigation_Fiches_techniques/Vannes de commande/Vannes de régulation de la série 800/Technical;application/pdf;133071;1WDiw3e9Yys-RIGeL_V_asmo5d1bNykUs;https://drive.google.com/file/d/1WDiw3e9Yys-RIGeL_V_asmo5d1bNykUs/view?usp=drivesdk
non_adherents;Nelson_Irrigation_Fiches_techniques;Automatisme et pilotage;Automate / E-S;Fiche technique;VM-21.2-Application-Guide.pdf;FOURNISEURS NON ADHERENTS MAIS FICHE TECHNIQUE OUF/Nelson_Irrigation_Fiches_techniques/Vannes de commande/Vannes de régulation de la série 800/Technical;application/pdf;1813850;1yjKCSiu5tDCv-dHPLvUsONimHK7d9EtU;https://drive.google.com/file/d/1yjKCSiu5tDCv-dHPLvUsONimHK7d9EtU/view?usp=drivesdk
non_adherents;Nelson_Irrigation_Fiches_techniques;Automatisme et pilotage;Automate / E-S;Fiche technique;1000V3 X 4 Victaulic-Dimensional Layout.dwg;FOURNISEURS NON ADHERENTS MAIS FICHE TECHNIQUE OUF/Nelson_Irrigation_Fiches_techniques/Vannes de commande/Vannes marche-arrêt de la série 1000/Drawings & Dimensions;image/vnd.dwg;1169795;1tP68QMuTtguR-_a8Bq8npx_CKJiljrwa;https://drive.google.com/file/d/1tP68QMuTtguR-_a8Bq8npx_CKJiljrwa/view?usp=drivesdk
non_adherents;Nelson_Irrigation_Fiches_techniques;Automatisme et pilotage;Automate / E-S;Fiche technique;WINDOWplus-Controller-Guide.pdf;FOURNISEURS NON ADHERENTS MAIS FICHE TECHNIQUE OUF/Nelson_Irrigation_Fiches_techniques/Vannes de commande/Vannes marche-arrêt de la série 1000/Technical;application/pdf;1095548;1Jjl3gmFJlL71vTBg2OktAN2IQEqhWFp0;https://drive.google.com/file/d/1Jjl3gmFJlL71vTBg2OktAN2IQEqhWFp0/view?usp=drivesdk
non_adherents;Nelson_Irrigation_Fiches_techniques;Automatisme et pilotage;Automate / E-S;Fiche technique;800-Series_CF-Electric.PDF;FOURNISEURS NON ADHERENTS MAIS FICHE TECHNIQUE OUF/Nelson_Irrigation_Fiches_techniques/Vannes de commande/Vannes marche-arrêt de la série 800/Operation & Maintenance;application/pdf;348107;1z7q-k1DrPisEbbGnExMjEgU5JUb3rt9c;https://drive.google.com/file/d/1z7q-k1DrPisEbbGnExMjEgU5JUb3rt9c/view?usp=drivesdk
non_adherents;Nelson_Irrigation_Fiches_techniques;Automatisme et pilotage;Automate / E-S;Manuel / notice;800-Series_CF-Manual.PDF;FOURNISEURS NON ADHERENTS MAIS FICHE TECHNIQUE OUF/Nelson_Irrigation_Fiches_techniques/Vannes de commande/Vannes marche-arrêt de la série 800/Operation & Maintenance;application/pdf;117479;1nb2vpjH6zy9EqDf28fT6teP7zxTM6wAx;https://drive.google.com/file/d/1nb2vpjH6zy9EqDf28fT6teP7zxTM6wAx/view?usp=drivesdk
non_adherents;Nelson_Irrigation_Fiches_techniques;Tuyaux et raccords (réseau);Vanne;Fiche technique;ACV200_Installation.PDF;FOURNISEURS NON ADHERENTS MAIS FICHE TECHNIQUE OUF/Nelson_Irrigation_Fiches_techniques/Vannes à air/Vanne à air ACV200/Assembly & Installation;application/pdf;606006;16lrmbzgitlAbc0xAchZoJDcN-sNdugJq;https://drive.google.com/file/d/16lrmbzgitlAbc0xAchZoJDcN-sNdugJq/view?usp=drivesdk
non_adherents;Nelson_Irrigation_Fiches_techniques;Tuyaux et raccords (réseau);Vanne;Fiche technique;ACV200_Seat-Installation.PDF;FOURNISEURS NON ADHERENTS MAIS FICHE TECHNIQUE OUF/Nelson_Irrigation_Fiches_techniques/Vannes à air/Vanne à air ACV200/Assembly & Installation;application/pdf;86233;1lGXYldUa4ZbsBWIg3OJNmhmxvBZ56cPn;https://drive.google.com/file/d/1lGXYldUa4ZbsBWIg3OJNmhmxvBZ56cPn/view?usp=drivesdk
non_adherents;Nelson_Irrigation_Fiches_techniques;Tuyaux et raccords (réseau);Vanne;Brochure;ACV200_Brochure.PDF;FOURNISEURS NON ADHERENTS MAIS FICHE TECHNIQUE OUF/Nelson_Irrigation_Fiches_techniques/Vannes à air/Vanne à air ACV200/Brochures;application/pdf;1701766;1UsRAwhq2v3oY2Ao20jXTK-by94YJXeuH;https://drive.google.com/file/d/1UsRAwhq2v3oY2Ao20jXTK-by94YJXeuH/view?usp=drivesdk
non_adherents;Nelson_Irrigation_Fiches_techniques;Tuyaux et raccords (réseau);Vanne;Brochure;ACV200_Brochure_FR.pdf;FOURNISEURS NON ADHERENTS MAIS FICHE TECHNIQUE OUF/Nelson_Irrigation_Fiches_techniques/Vannes à air/Vanne à air ACV200/Brochures;application/pdf;3273725;1yXKm-JnboK93QNdAIyILQND96E-yT3f1;https://drive.google.com/file/d/1yXKm-JnboK93QNdAIyILQND96E-yT3f1/view?usp=drivesdk
non_adherents;ODIS-fiches-techniques-FR-aixe-o;Filtration;Filtre;Fiche technique;ODIS Série 1000 - Filtre à tamis oblique (FR).pdf;FOURNISEURS NON ADHERENTS MAIS FICHE TECHNIQUE OUF/ODIS-fiches-techniques-FR-aixe-o;application/pdf;414145;1a3OJYXsLejAzj74BiE42l7Cw4JdQpnpF;https://drive.google.com/file/d/1a3OJYXsLejAzj74BiE42l7Cw4JdQpnpF/view?usp=drivesdk
non_adherents;ODIS-fiches-techniques-FR-aixe-o;Filtration;Filtre;Fiche technique;ODIS Série 181 - Filtre hydraulique automatique.pdf;FOURNISEURS NON ADHERENTS MAIS FICHE TECHNIQUE OUF/ODIS-fiches-techniques-FR-aixe-o;application/pdf;584947;1QrWyISbJqJeZ5Ailvs7dtxAnDzmjJ3XI;https://drive.google.com/file/d/1QrWyISbJqJeZ5Ailvs7dtxAnDzmjJ3XI/view?usp=drivesdk
non_adherents;ODIS-fiches-techniques-FR-aixe-o;Filtration;Filtre;Fiche technique;ODIS Série 1900.pdf;FOURNISEURS NON ADHERENTS MAIS FICHE TECHNIQUE OUF/ODIS-fiches-techniques-FR-aixe-o;application/pdf;614571;1ymvit8X5Cb7Ffn4eUiTNGX2i8_fK-2uI;https://drive.google.com/file/d/1ymvit8X5Cb7Ffn4eUiTNGX2i8_fK-2uI/view?usp=drivesdk
non_adherents;ODIS-fiches-techniques-FR-aixe-o;Filtration;Filtre;Fiche technique;ODIS Série 2000 - Filtre à tamis en ligne (FR).pdf;FOURNISEURS NON ADHERENTS MAIS FICHE TECHNIQUE OUF/ODIS-fiches-techniques-FR-aixe-o;application/pdf;359476;1mkDogEiqk-RUCP1HRivbUeA8u__73iPF;https://drive.google.com/file/d/1mkDogEiqk-RUCP1HRivbUeA8u__73iPF/view?usp=drivesdk
non_adherents;ODIS-fiches-techniques-FR-aixe-o;Filtration;Filtre;Fiche technique;ODIS Série 3000 - Filtre centrifugeur forage.pdf;FOURNISEURS NON ADHERENTS MAIS FICHE TECHNIQUE OUF/ODIS-fiches-techniques-FR-aixe-o;application/pdf;482333;1KN8ix9j0YNf4t0k2VOTYcnRyeTAoX51y;https://drive.google.com/file/d/1KN8ix9j0YNf4t0k2VOTYcnRyeTAoX51y/view?usp=drivesdk
non_adherents;ODIS-fiches-techniques-FR-aixe-o;Filtration;Filtre;Fiche technique;ODIS Série 4000 - Filtre à sable.pdf;FOURNISEURS NON ADHERENTS MAIS FICHE TECHNIQUE OUF/ODIS-fiches-techniques-FR-aixe-o;application/pdf;1059610;1aHR4emuFzXOzUvmc-R7LPbU-lDrfLzmt;https://drive.google.com/file/d/1aHR4emuFzXOzUvmc-R7LPbU-lDrfLzmt/view?usp=drivesdk
non_adherents;ODIS-fiches-techniques-FR-aixe-o;Filtration;Filtre;Fiche technique;ODIS Série 5000.pdf;FOURNISEURS NON ADHERENTS MAIS FICHE TECHNIQUE OUF/ODIS-fiches-techniques-FR-aixe-o;application/pdf;648216;1hEmpbqWqzkwUwxhytOZZPrb9rhj0Rc8E;https://drive.google.com/file/d/1hEmpbqWqzkwUwxhytOZZPrb9rhj0Rc8E/view?usp=drivesdk
non_adherents;ODIS-fiches-techniques-FR-aixe-o;Filtration;Filtre;Fiche technique;ODIS Série 6000d.pdf;FOURNISEURS NON ADHERENTS MAIS FICHE TECHNIQUE OUF/ODIS-fiches-techniques-FR-aixe-o;application/pdf;560995;1e3gBE_eIaxoQrPpJ0enAhmvu39XH8lZe;https://drive.google.com/file/d/1e3gBE_eIaxoQrPpJ0enAhmvu39XH8lZe/view?usp=drivesdk
non_adherents;ODIS-fiches-techniques-FR-aixe-o;Filtration;Filtre;Fiche technique;ODIS Série 7000.pdf;FOURNISEURS NON ADHERENTS MAIS FICHE TECHNIQUE OUF/ODIS-fiches-techniques-FR-aixe-o;application/pdf;714881;1CGOOms1xReKaOUXGSluWQYnQmMv5vTi6;https://drive.google.com/file/d/1CGOOms1xReKaOUXGSluWQYnQmMv5vTi6/view?usp=drivesdk
non_adherents;ODIS-fiches-techniques-FR-aixe-o;Hors bibliothèque;Logo / image;Fiche technique;Odis_Hydrocyclone_packshot.jpg;FOURNISEURS NON ADHERENTS MAIS FICHE TECHNIQUE OUF/ODIS-fiches-techniques-FR-aixe-o;image/jpeg;16305;1SPaimIFzDrdvK-gcSSNDqZiXcpNK9R1g;https://drive.google.com/file/d/1SPaimIFzDrdvK-gcSSNDqZiXcpNK9R1g/view?usp=drivesdk
non_adherents;ROVATTI;Pompage;Pompe / groupe motopompe;Fiche technique;50HZ_ CU_IGFDE_MEW50HZ.pdf;FOURNISEURS NON ADHERENTS MAIS FICHE TECHNIQUE OUF/ROVATTI/01-Electropompes-de-surface/Elettropompe-monoblocco;application/pdf;646118;14Ycjcl6JZE_qr1yQSwsMToTxrPwKG53P;https://drive.google.com/file/d/14Ycjcl6JZE_qr1yQSwsMToTxrPwKG53P/view?usp=drivesdk
non_adherents;ROVATTI;Pompage;Pompe / groupe motopompe;Fiche technique;60HZ_ CU_IGFDE_MEW60HZ.pdf;FOURNISEURS NON ADHERENTS MAIS FICHE TECHNIQUE OUF/ROVATTI/01-Electropompes-de-surface/Elettropompe-monoblocco;application/pdf;640959;10ZkX08JPax1jxrH9dRVXCpQpTdxt7Wsp;https://drive.google.com/file/d/10ZkX08JPax1jxrH9dRVXCpQpTdxt7Wsp/view?usp=drivesdk
non_adherents;ROVATTI;Pompage;Pompe / groupe motopompe;Fiche technique;50HZ_ CU_IGFDE_MNE50HZ.pdf;FOURNISEURS NON ADHERENTS MAIS FICHE TECHNIQUE OUF/ROVATTI/01-Electropompes-de-surface/Elettropompe-monoblocco-normalizzate-EN733;application/pdf;4669908;1IVWL6crQggcnhVFkhsKL6RNWGn9kcPWn;https://drive.google.com/file/d/1IVWL6crQggcnhVFkhsKL6RNWGn9kcPWn/view?usp=drivesdk
non_adherents;ROVATTI;Pompage;Pompe / groupe motopompe;Fiche technique;50HZ_CHN_ CEME50-18-R3_C.pdf;FOURNISEURS NON ADHERENTS MAIS FICHE TECHNIQUE OUF/ROVATTI/01-Electropompes-de-surface/Elettropompe-monoblocco-normalizzate-EN733;application/pdf;2541467;1GLSY-BoY6MFvDHjk0yEGa4Kc4oBMqRws;https://drive.google.com/file/d/1GLSY-BoY6MFvDHjk0yEGa4Kc4oBMqRws/view?usp=drivesdk
non_adherents;ROVATTI;Pompage;Pompe / groupe motopompe;Fiche technique;60HZ_ CU_IGFDE_MNE60HZ.pdf;FOURNISEURS NON ADHERENTS MAIS FICHE TECHNIQUE OUF/ROVATTI/01-Electropompes-de-surface/Elettropompe-monoblocco-normalizzate-EN733;application/pdf;5899625;1owZCPDPmGSu0syLT_sevNnk9YBFayAXw;https://drive.google.com/file/d/1owZCPDPmGSu0syLT_sevNnk9YBFayAXw/view?usp=drivesdk
non_adherents;ROVATTI;Pompage;Pompe / groupe motopompe;Fiche technique;50HZ_ CU_IGFDE_MEK-MEKV-MEKDV50HZ.pdf;FOURNISEURS NON ADHERENTS MAIS FICHE TECHNIQUE OUF/ROVATTI/01-Electropompes-de-surface/Elettropompe-orizzontali-multistadio-EUROPA;application/pdf;11222361;1eV_kCmVi-ajCXfqCQ70uQfwm8AM0IyNu;https://drive.google.com/file/d/1eV_kCmVi-ajCXfqCQ70uQfwm8AM0IyNu/view?usp=drivesdk
non_adherents;ROVATTI;Pompage;Pompe / groupe motopompe;Fiche technique;50HZ_CHN_ CEMEUR50-18-R5_C.pdf;FOURNISEURS NON ADHERENTS MAIS FICHE TECHNIQUE OUF/ROVATTI/01-Electropompes-de-surface/Elettropompe-orizzontali-multistadio-EUROPA;application/pdf;3258988;1xlo4Y8V7Mvad5ZxUreEoeXNqZJU-_Nfo;https://drive.google.com/file/d/1xlo4Y8V7Mvad5ZxUreEoeXNqZJU-_Nfo/view?usp=drivesdk
non_adherents;ROVATTI;Pompage;Pompe / groupe motopompe;Fiche technique;60HZ_ CU_IGFDE_MEK-MEKV60HZ.pdf;FOURNISEURS NON ADHERENTS MAIS FICHE TECHNIQUE OUF/ROVATTI/01-Electropompes-de-surface/Elettropompe-orizzontali-multistadio-EUROPA;application/pdf;4779845;1XrA2oRxxoVv8OJxW7tpFTZ9-ebsZLh8Z;https://drive.google.com/file/d/1XrA2oRxxoVv8OJxW7tpFTZ9-ebsZLh8Z/view?usp=drivesdk
non_adherents;ROVATTI;Pompage;Pompe / groupe motopompe;Fiche technique;50HZ_ CU_IGFDE_MEK-MEKV-MEKDV50HZ.pdf;FOURNISEURS NON ADHERENTS MAIS FICHE TECHNIQUE OUF/ROVATTI/01-Electropompes-de-surface/Elettropompe-verticali-multistadio-EUROPA;application/pdf;11222361;1eMDcJ_L1xafhotpZ-IkoyGughVaOPPw2;https://drive.google.com/file/d/1eMDcJ_L1xafhotpZ-IkoyGughVaOPPw2/view?usp=drivesdk
non_adherents;ROVATTI;Pompage;Pompe / groupe motopompe;Fiche technique;50HZ_CHN_ CEMEUR50-18-R5_C.pdf;FOURNISEURS NON ADHERENTS MAIS FICHE TECHNIQUE OUF/ROVATTI/01-Electropompes-de-surface/Elettropompe-verticali-multistadio-EUROPA;application/pdf;3258988;1pKHvw16YWAXoiQ7srgxS5pFQMFCx8gMF;https://drive.google.com/file/d/1pKHvw16YWAXoiQ7srgxS5pFQMFCx8gMF/view?usp=drivesdk
non_adherents;ROVATTI;Pompage;Pompe / groupe motopompe;Fiche technique;60HZ_ CU_IGFDE_MEK-MEKV60HZ.pdf;FOURNISEURS NON ADHERENTS MAIS FICHE TECHNIQUE OUF/ROVATTI/01-Electropompes-de-surface/Elettropompe-verticali-multistadio-EUROPA;application/pdf;4779845;13U4hFmwP21HZWHJ_WQkyNB97_-4Bfd8J;https://drive.google.com/file/d/13U4hFmwP21HZWHJ_WQkyNB97_-4Bfd8J/view?usp=drivesdk
non_adherents;ROVATTI;Pompage;Pompe / groupe motopompe;Fiche technique;50HZ_ CU_IGFDE_MEKV50HZ.pdf;FOURNISEURS NON ADHERENTS MAIS FICHE TECHNIQUE OUF/ROVATTI/01-Electropompes-de-surface/Elettropompe-verticali-multistadio-compact;application/pdf;5652999;1M06CVUlu3qQYfIdk02Uv00qF3cU1Qwol;https://drive.google.com/file/d/1M06CVUlu3qQYfIdk02Uv00qF3cU1Qwol/view?usp=drivesdk
non_adherents;ROVATTI;Pompage;Pompe / groupe motopompe;Fiche technique;50HZ_CHN_ CEM50-16-IGFDE-R5.pdf;FOURNISEURS NON ADHERENTS MAIS FICHE TECHNIQUE OUF/ROVATTI/01-Electropompes-de-surface/Elettropompe-verticali-multistadio-compact;application/pdf;2259129;1HHaxc44asMRdJC82O6eVRYOh4HYH0EQF;https://drive.google.com/file/d/1HHaxc44asMRdJC82O6eVRYOh4HYH0EQF/view?usp=drivesdk
non_adherents;ROVATTI;Pompage;Pompe / groupe motopompe;Fiche technique;60HZ_ CU_IGFDE_MEKV60HZ.pdf;FOURNISEURS NON ADHERENTS MAIS FICHE TECHNIQUE OUF/ROVATTI/01-Electropompes-de-surface/Elettropompe-verticali-multistadio-compact;application/pdf;4095754;1wCQt-2ozy0HG73j50tTMejqk3aVkg5Tn;https://drive.google.com/file/d/1wCQt-2ozy0HG73j50tTMejqk3aVkg5Tn/view?usp=drivesdk
non_adherents;ROVATTI;Pompage;Pompe / groupe motopompe;Fiche technique;50HZ_ CU_IGFDE_MEKX-MEKRX-MEKVX50HZ.pdf;FOURNISEURS NON ADHERENTS MAIS FICHE TECHNIQUE OUF/ROVATTI/01-Electropompes-de-surface/Elettropompe-verticali-multistadio-in-acciaio-inox-AISI304-B;application/pdf;7161148;16d2KuZhGc0Fb-v7uFbwhiWFlvlEyKT5I;https://drive.google.com/file/d/16d2KuZhGc0Fb-v7uFbwhiWFlvlEyKT5I/view?usp=drivesdk
non_adherents;ROVATTI;Pompage;Pompe / groupe motopompe;Fiche technique;50HZ_CHN_ CEMX50-18-R3_C.pdf;FOURNISEURS NON ADHERENTS MAIS FICHE TECHNIQUE OUF/ROVATTI/01-Electropompes-de-surface/Elettropompe-verticali-multistadio-in-acciaio-inox-AISI304-B;application/pdf;3028369;1_faUQkDTMgJFfKre7iXhnJKGHXvgfyTd;https://drive.google.com/file/d/1_faUQkDTMgJFfKre7iXhnJKGHXvgfyTd/view?usp=drivesdk
non_adherents;ROVATTI;Pompage;Pompe / groupe motopompe;Fiche technique;60HZ_ CU_IGFDE_MEKX-MEKRX-MEKVX60HZ.pdf;FOURNISEURS NON ADHERENTS MAIS FICHE TECHNIQUE OUF/ROVATTI/01-Electropompes-de-surface/Elettropompe-verticali-multistadio-in-acciaio-inox-AISI304-B;application/pdf;9080307;1mBk9VWq95OT_wRph3gbxlAICMvERQwFm;https://drive.google.com/file/d/1mBk9VWq95OT_wRph3gbxlAICMvERQwFm/view?usp=drivesdk
non_adherents;ROVATTI;Pompage;Pompe / groupe motopompe;Fiche technique;50HZ_ CU_IGFDE_MEKV50HZ.pdf;FOURNISEURS NON ADHERENTS MAIS FICHE TECHNIQUE OUF/ROVATTI/01-Electropompes-de-surface/Elettropompe-verticali-multistadio-in-resina-termoplastica;application/pdf;5652999;1PW7q6f91iGL-3yExNSpuAFGQfLaQH8I0;https://drive.google.com/file/d/1PW7q6f91iGL-3yExNSpuAFGQfLaQH8I0/view?usp=drivesdk
non_adherents;ROVATTI;Pompage;Pompe / groupe motopompe;Fiche technique;50HZ_CHN_ CEM50-16-IGFDE-R5.pdf;FOURNISEURS NON ADHERENTS MAIS FICHE TECHNIQUE OUF/ROVATTI/01-Electropompes-de-surface/Elettropompe-verticali-multistadio-in-resina-termoplastica;application/pdf;2259129;1G5pvvwQt1BaRhDqtAXEuWbvm5Yr3stFA;https://drive.google.com/file/d/1G5pvvwQt1BaRhDqtAXEuWbvm5Yr3stFA/view?usp=drivesdk
non_adherents;ROVATTI;Pompage;Pompe / groupe motopompe;Fiche technique;60HZ_ CU_IGFDE_MEKV60HZ.pdf;FOURNISEURS NON ADHERENTS MAIS FICHE TECHNIQUE OUF/ROVATTI/01-Electropompes-de-surface/Elettropompe-verticali-multistadio-in-resina-termoplastica;application/pdf;4095754;1UKarw_jk6rQKVTfzWt6fRmMjMepEz0ly;https://drive.google.com/file/d/1UKarw_jk6rQKVTfzWt6fRmMjMepEz0ly/view?usp=drivesdk
non_adherents;ROVATTI;Pompage;Pompe / groupe motopompe;Fiche technique;50HZ_ CU_IGFDE_RH50HZ.pdf;FOURNISEURS NON ADHERENTS MAIS FICHE TECHNIQUE OUF/ROVATTI/02-Electropompes-submersibles/Elettropompe-sommergibili-per-acque-cariche-con-girante-bicanale;application/pdf;6314530;1BIDj16qe488tmnVeDadiwRmEMbYq6-lh;https://drive.google.com/file/d/1BIDj16qe488tmnVeDadiwRmEMbYq6-lh/view?usp=drivesdk
non_adherents;ROVATTI;Pompage;Pompe / groupe motopompe;Fiche technique;50HZ_CHN_ CEOS50-17-R0_C.pdf;FOURNISEURS NON ADHERENTS MAIS FICHE TECHNIQUE OUF/ROVATTI/02-Electropompes-submersibles/Elettropompe-sommergibili-per-acque-cariche-con-girante-bicanale;application/pdf;2027875;19G9S7q8qk1_etmm8JeTwMd4mnJyOds75;https://drive.google.com/file/d/19G9S7q8qk1_etmm8JeTwMd4mnJyOds75/view?usp=drivesdk
non_adherents;ROVATTI;Pompage;Pompe / groupe motopompe;Fiche technique;50HZ_ CU_IGFDE_RH50HZ.pdf;FOURNISEURS NON ADHERENTS MAIS FICHE TECHNIQUE OUF/ROVATTI/02-Electropompes-submersibles/Elettropompe-sommergibili-per-acque-cariche-con-girante-monocanale;application/pdf;6314530;1-OqHuX7vHDG-JSzJdQLdcamJGed19SrF;https://drive.google.com/file/d/1-OqHuX7vHDG-JSzJdQLdcamJGed19SrF/view?usp=drivesdk
non_adherents;ROVATTI;Pompage;Pompe / groupe motopompe;Fiche technique;50HZ_CHN_ CEOS50-17-R0_C.pdf;FOURNISEURS NON ADHERENTS MAIS FICHE TECHNIQUE OUF/ROVATTI/02-Electropompes-submersibles/Elettropompe-sommergibili-per-acque-cariche-con-girante-monocanale;application/pdf;2027875;14t5lr32pYIskxRlWdeK0IspYQFmmkTPm;https://drive.google.com/file/d/14t5lr32pYIskxRlWdeK0IspYQFmmkTPm/view?usp=drivesdk
non_adherents;ROVATTI;Pompage;Pompe / groupe motopompe;Fiche technique;50HZ_ CU_IGFDE_HS50HZ.pdf;FOURNISEURS NON ADHERENTS MAIS FICHE TECHNIQUE OUF/ROVATTI/02-Electropompes-submersibles/Elettropompe-sommergibili-per-acque-reflue;application/pdf;979306;1-QJ5Jtaz8Gi0S-i8jCTuD1p6qDMDoSC-;https://drive.google.com/file/d/1-QJ5Jtaz8Gi0S-i8jCTuD1p6qDMDoSC-/view?usp=drivesdk
non_adherents;ROVATTI;Pompage;Pompe / groupe motopompe;Fiche technique;50HZ_CHN_ CBEOHS-12-IGFDE-R0.pdf;FOURNISEURS NON ADHERENTS MAIS FICHE TECHNIQUE OUF/ROVATTI/02-Electropompes-submersibles/Elettropompe-sommergibili-per-acque-reflue;application/pdf;1634634;1i2XHPtjkGAQOojU9eHqEy13EFSsRzQgl;https://drive.google.com/file/d/1i2XHPtjkGAQOojU9eHqEy13EFSsRzQgl/view?usp=drivesdk
non_adherents;ROVATTI;Pompage;Pompe / groupe motopompe;Fiche technique;50HZ_ CU_IGFDE_MEA50HZ.pdf;FOURNISEURS NON ADHERENTS MAIS FICHE TECHNIQUE OUF/ROVATTI/03-Pompes-amorcage-automatique/Elettropompe-monoblocco-autoadescanti;application/pdf;1064380;1E3b38jvHFruJGO3z4JHkPsDcypV0biBy;https://drive.google.com/file/d/1E3b38jvHFruJGO3z4JHkPsDcypV0biBy/view?usp=drivesdk
non_adherents;ROVATTI;Pompage;Pompe / groupe motopompe;Fiche technique;50HZ_CHN_ CU_IGFDE_MEA50HZ.pdf;FOURNISEURS NON ADHERENTS MAIS FICHE TECHNIQUE OUF/ROVATTI/03-Pompes-amorcage-automatique/Elettropompe-monoblocco-autoadescanti;application/pdf;1064380;1HW3GGa8chQXwNcuEj1gU_ZKCtIrbcSIb;https://drive.google.com/file/d/1HW3GGa8chQXwNcuEj1gU_ZKCtIrbcSIb/view?usp=drivesdk
non_adherents;ROVATTI;Pompage;Pompe / groupe motopompe;Fiche technique;50HZ_ CU_IGFDE_HA.pdf;FOURNISEURS NON ADHERENTS MAIS FICHE TECHNIQUE OUF/ROVATTI/03-Pompes-amorcage-automatique/H2-90A;application/pdf;1259266;1VGeIuuJWhL7Ot_It1D2tAd9tHwRj4GPv;https://drive.google.com/file/d/1VGeIuuJWhL7Ot_It1D2tAd9tHwRj4GPv/view?usp=drivesdk
non_adherents;ROVATTI;Pompage;Pompe / groupe motopompe;Fiche technique;50HZ_CHN_ CU_IGFDE_HA.pdf;FOURNISEURS NON ADHERENTS MAIS FICHE TECHNIQUE OUF/ROVATTI/03-Pompes-amorcage-automatique/H2-90A;application/pdf;1288921;1-9d7oFNf4HvAZYWgHHLxmV6gCeyuNMJz;https://drive.google.com/file/d/1-9d7oFNf4HvAZYWgHHLxmV6gCeyuNMJz/view?usp=drivesdk
non_adherents;ROVATTI;Pompage;Pompe / groupe motopompe;Fiche technique;50HZ_ CU_IGFDE_SA.pdf;FOURNISEURS NON ADHERENTS MAIS FICHE TECHNIQUE OUF/ROVATTI/03-Pompes-amorcage-automatique/Pompe-autoadescanti-ad-asse-orizzontale;application/pdf;1324164;1xY1RL77QYfNwejF3xg4KrULJlmJH7haT;https://drive.google.com/file/d/1xY1RL77QYfNwejF3xg4KrULJlmJH7haT/view?usp=drivesdk
non_adherents;ROVATTI;Pompage;Pompe / groupe motopompe;Fiche technique;50HZ_CHN_ CU_IGFDE_SA.pdf;FOURNISEURS NON ADHERENTS MAIS FICHE TECHNIQUE OUF/ROVATTI/03-Pompes-amorcage-automatique/Pompe-autoadescanti-ad-asse-orizzontale;application/pdf;1303449;1JmMEud6Be6jVIbjZc-rOYplOuKk9bA35;https://drive.google.com/file/d/1JmMEud6Be6jVIbjZc-rOYplOuKk9bA35/view?usp=drivesdk
non_adherents;ROVATTI;Pompage;Pompe / groupe motopompe;Fiche technique;50HZ_ CU_IGFDE_FLA.pdf;FOURNISEURS NON ADHERENTS MAIS FICHE TECHNIQUE OUF/ROVATTI/03-Pompes-amorcage-automatique/Pompe-autoadescanti-flangiate-per-motori-termici;application/pdf;1064574;1mxHYIf3OETeoK9XKKh_FDkaICm5gbE4c;https://drive.google.com/file/d/1mxHYIf3OETeoK9XKKh_FDkaICm5gbE4c/view?usp=drivesdk
non_adherents;ROVATTI;Pompage;Pompe / groupe motopompe;Fiche technique;50HZ_CHN_ CU_IGFDE_FLA.pdf;FOURNISEURS NON ADHERENTS MAIS FICHE TECHNIQUE OUF/ROVATTI/03-Pompes-amorcage-automatique/Pompe-autoadescanti-flangiate-per-motori-termici;application/pdf;1057117;1T86iuNgQ78Epwdh1kdzv5l2w-pL3NzWg;https://drive.google.com/file/d/1T86iuNgQ78Epwdh1kdzv5l2w-pL3NzWg/view?usp=drivesdk
non_adherents;ROVATTI;Pompage;Pompe / groupe motopompe;Fiche technique;50HZ_ CU_IGFDE_HL.pdf;FOURNISEURS NON ADHERENTS MAIS FICHE TECHNIQUE OUF/ROVATTI/04-Pompes-de-surface/HL;application/pdf;2237978;1z3aHYv0T9TVX0icZqGYVdpYNNxM8dzdT;https://drive.google.com/file/d/1z3aHYv0T9TVX0icZqGYVdpYNNxM8dzdT/view?usp=drivesdk
non_adherents;ROVATTI;Pompage;Pompe / groupe motopompe;Fiche technique;50HZ_CHN_ CU_IGFDE_HL.pdf;FOURNISEURS NON ADHERENTS MAIS FICHE TECHNIQUE OUF/ROVATTI/04-Pompes-de-surface/HL;application/pdf;2237978;1WZus9aQuy6wQaxfFXA77CEtdGi5vzgpo;https://drive.google.com/file/d/1WZus9aQuy6wQaxfFXA77CEtdGi5vzgpo/view?usp=drivesdk
non_adherents;ROVATTI;Pompage;Pompe / groupe motopompe;Fiche technique;50HZ_ CU_IGFDE_HX.pdf;FOURNISEURS NON ADHERENTS MAIS FICHE TECHNIQUE OUF/ROVATTI/04-Pompes-de-surface/HX;application/pdf;2631544;1M2g8rw01ErWibc47l3OCJDBNX2_OosNU;https://drive.google.com/file/d/1M2g8rw01ErWibc47l3OCJDBNX2_OosNU/view?usp=drivesdk
non_adherents;ROVATTI;Pompage;Pompe / groupe motopompe;Fiche technique;50HZ_CHN_ CU_IGFDE_HX.pdf;FOURNISEURS NON ADHERENTS MAIS FICHE TECHNIQUE OUF/ROVATTI/04-Pompes-de-surface/HX;application/pdf;2631544;1LHS2UX_IIrbWvh4CaZnc_mUJW_Wo4w_u;https://drive.google.com/file/d/1LHS2UX_IIrbWvh4CaZnc_mUJW_Wo4w_u/view?usp=drivesdk
non_adherents;ROVATTI;Pompage;Pompe / groupe motopompe;Fiche technique;50HZ_ CU_IGFDE_TK-T-MB-T0.pdf;FOURNISEURS NON ADHERENTS MAIS FICHE TECHNIQUE OUF/ROVATTI/04-Pompes-de-surface/Pompe-con-moltiplicatore-di-ridotte-dimensioni;application/pdf;3724668;1OVRXPV6hTezRU7o_P1X7rNKjUjH9eVWU;https://drive.google.com/file/d/1OVRXPV6hTezRU7o_P1X7rNKjUjH9eVWU/view?usp=drivesdk
non_adherents;ROVATTI;Pompage;Pompe / groupe motopompe;Fiche technique;50HZ_CHN_ CPT-16-R1_C.pdf;FOURNISEURS NON ADHERENTS MAIS FICHE TECHNIQUE OUF/ROVATTI/04-Pompes-de-surface/Pompe-con-moltiplicatore-di-ridotte-dimensioni;application/pdf;3178147;1V8NE8uZyIDCwIaAxRNYSz76tOsVQjhic;https://drive.google.com/file/d/1V8NE8uZyIDCwIaAxRNYSz76tOsVQjhic/view?usp=drivesdk
non_adherents;ROVATTI;Pompage;Pompe / groupe motopompe;Fiche technique;50HZ_ CU_IGFDE_FL.pdf;FOURNISEURS NON ADHERENTS MAIS FICHE TECHNIQUE OUF/ROVATTI/04-Pompes-de-surface/Pompe-flangiate-per-motori-termici;application/pdf;9917825;113xQNFSiwxOvahkxJBkGT9rZ1HzxPxAY;https://drive.google.com/file/d/113xQNFSiwxOvahkxJBkGT9rZ1HzxPxAY/view?usp=drivesdk
non_adherents;ROVATTI;Pompage;Pompe / groupe motopompe;Fiche technique;50HZ_CHN_ CPFL-12-IGFDE-R1_POMPE-FLANGIATE.pdf;FOURNISEURS NON ADHERENTS MAIS FICHE TECHNIQUE OUF/ROVATTI/04-Pompes-de-surface/Pompe-flangiate-per-motori-termici;application/pdf;6048553;1h_EolHHIfGgyTGH1lGmRKXY1RR_TcYy1;https://drive.google.com/file/d/1h_EolHHIfGgyTGH1lGmRKXY1RR_TcYy1/view?usp=drivesdk
non_adherents;ROVATTI;Pompage;Pompe / groupe motopompe;Fiche technique;50HZ_ CU_IGFDE_TK-T-MB-T0.pdf;FOURNISEURS NON ADHERENTS MAIS FICHE TECHNIQUE OUF/ROVATTI/04-Pompes-de-surface/Pompe-monostadio-con-moltiplicatore;application/pdf;3724668;13L6ij29NnFJShOnWqUgTl15njuZUvf4A;https://drive.google.com/file/d/13L6ij29NnFJShOnWqUgTl15njuZUvf4A/view?usp=drivesdk
non_adherents;ROVATTI;Pompage;Pompe / groupe motopompe;Fiche technique;50HZ_CHN_ CPT-16-R1_C.pdf;FOURNISEURS NON ADHERENTS MAIS FICHE TECHNIQUE OUF/ROVATTI/04-Pompes-de-surface/Pompe-monostadio-con-moltiplicatore;application/pdf;3178147;1uI_X5R7wkji874mPXPzjU2qjgqeznN8E;https://drive.google.com/file/d/1uI_X5R7wkji874mPXPzjU2qjgqeznN8E/view?usp=drivesdk
non_adherents;ROVATTI;Pompage;Pompe / groupe motopompe;Fiche technique;50HZ_ CU_IGFDE_FK-FP-FQN-FSN.pdf;FOURNISEURS NON ADHERENTS MAIS FICHE TECHNIQUE OUF/ROVATTI/04-Pompes-de-surface/Pompe-multistadio-flangiate-SAE-per-motori-termici;application/pdf;6275443;1Z6rfok1qzNyRr96Qz6g3r2phSN0hfbSa;https://drive.google.com/file/d/1Z6rfok1qzNyRr96Qz6g3r2phSN0hfbSa/view?usp=drivesdk
non_adherents;ROVATTI;Pompage;Pompe / groupe motopompe;Fiche technique;50HZ_CHN_ CPFS-18-R1_C.pdf;FOURNISEURS NON ADHERENTS MAIS FICHE TECHNIQUE OUF/ROVATTI/04-Pompes-de-surface/Pompe-multistadio-flangiate-SAE-per-motori-termici;application/pdf;3817235;1okr8aoJhG_-d-EAbznVFb-9TLN7zVKQr;https://drive.google.com/file/d/1okr8aoJhG_-d-EAbznVFb-9TLN7zVKQr/view?usp=drivesdk
non_adherents;ROVATTI;Pompage;Pompe / groupe motopompe;Fiche technique;50HZ_ CU_IGFDE_FK-FP-FQN-FSN.pdf;FOURNISEURS NON ADHERENTS MAIS FICHE TECHNIQUE OUF/ROVATTI/04-Pompes-de-surface/Pompe-multistadio-flangiate-SAE-per-motori-termici-serie-EUROPA;application/pdf;6275443;1Tvs9nhRCdXBVyrLUydKwsHnC2IMxYofT;https://drive.google.com/file/d/1Tvs9nhRCdXBVyrLUydKwsHnC2IMxYofT/view?usp=drivesdk
non_adherents;ROVATTI;Pompage;Pompe / groupe motopompe;Fiche technique;50HZ_CHN_ CPFS-18-R1_C.pdf;FOURNISEURS NON ADHERENTS MAIS FICHE TECHNIQUE OUF/ROVATTI/04-Pompes-de-surface/Pompe-multistadio-flangiate-SAE-per-motori-termici-serie-EUROPA;application/pdf;3817235;1NHTonmFO2goLS9Izd9hIqmfW8b92OgOY;https://drive.google.com/file/d/1NHTonmFO2goLS9Izd9hIqmfW8b92OgOY/view?usp=drivesdk
non_adherents;ROVATTI;Pompage;Pompe / groupe motopompe;Fiche technique;50HZ_ CU_IGFDE_SNE.pdf;FOURNISEURS NON ADHERENTS MAIS FICHE TECHNIQUE OUF/ROVATTI/04-Pompes-de-surface/Pompe-normalizzate-EN733-serie-SNE;application/pdf;7073912;1JjvxVk0g230MhfW2V70Qj3HfVSqFUn3K;https://drive.google.com/file/d/1JjvxVk0g230MhfW2V70Qj3HfVSqFUn3K/view?usp=drivesdk
non_adherents;ROVATTI;Pompage;Pompe / groupe motopompe;Fiche technique;50HZ_CHN_ CPNE-15-R4_C.pdf;FOURNISEURS NON ADHERENTS MAIS FICHE TECHNIQUE OUF/ROVATTI/04-Pompes-de-surface/Pompe-normalizzate-EN733-serie-SNE;application/pdf;7036104;1uSjH1vCN7--14snOM7SgM3FOaIqi5LKQ;https://drive.google.com/file/d/1uSjH1vCN7--14snOM7SgM3FOaIqi5LKQ/view?usp=drivesdk
non_adherents;ROVATTI;Pompage;Pompe / groupe motopompe;Fiche technique;50HZ_ CU_IGFDE_SNF.pdf;FOURNISEURS NON ADHERENTS MAIS FICHE TECHNIQUE OUF/ROVATTI/04-Pompes-de-surface/Pompe-orizzontali-monostadio;application/pdf;2362801;15zKhvK6kzbSYXotPk3FOCGdMYVEIMOvt;https://drive.google.com/file/d/15zKhvK6kzbSYXotPk3FOCGdMYVEIMOvt/view?usp=drivesdk
non_adherents;ROVATTI;Pompage;Pompe / groupe motopompe;Fiche technique;50HZ_CHN_ CPSE-18-IGFDE-R3.pdf;FOURNISEURS NON ADHERENTS MAIS FICHE TECHNIQUE OUF/ROVATTI/04-Pompes-de-surface/Pompe-orizzontali-monostadio;application/pdf;1389302;1Sq87au1uJux8rwZ9VSzPAZ9ebKr3YobR;https://drive.google.com/file/d/1Sq87au1uJux8rwZ9VSzPAZ9ebKr3YobR/view?usp=drivesdk
non_adherents;ROVATTI;Pompage;Pompe / groupe motopompe;Fiche technique;50HZ_ CU_IGFDE_SK-SKD.pdf;FOURNISEURS NON ADHERENTS MAIS FICHE TECHNIQUE OUF/ROVATTI/04-Pompes-de-surface/Pompe-orizzontali-multistadio-ad-alta-pressione-con-doppio-supporto-serie-EUROPA;application/pdf;6853184;1lk44as25V1Z6tzc2ZS3EBgdlGUifEjpT;https://drive.google.com/file/d/1lk44as25V1Z6tzc2ZS3EBgdlGUifEjpT/view?usp=drivesdk
non_adherents;ROVATTI;Pompage;Pompe / groupe motopompe;Fiche technique;50HZ_CHN_ CPAPEUR-17-R1_C.pdf;FOURNISEURS NON ADHERENTS MAIS FICHE TECHNIQUE OUF/ROVATTI/04-Pompes-de-surface/Pompe-orizzontali-multistadio-ad-alta-pressione-con-doppio-supporto-serie-EUROPA;application/pdf;3444870;1Pyh6DSew_IcYR7Wfn5dU40bbavZVsIbE;https://drive.google.com/file/d/1Pyh6DSew_IcYR7Wfn5dU40bbavZVsIbE/view?usp=drivesdk
non_adherents;ROVATTI;Pompage;Pompe / groupe motopompe;Fiche technique;50HZ_ CU_IGFDE_SK-SKD.pdf;FOURNISEURS NON ADHERENTS MAIS FICHE TECHNIQUE OUF/ROVATTI/04-Pompes-de-surface/Pompe-orizzontali-multistadio-ad-alta-pressione-serie-Europa;application/pdf;6853184;1D_U2AAm-yC8ebG-52_fTSKxf6zbJcL13;https://drive.google.com/file/d/1D_U2AAm-yC8ebG-52_fTSKxf6zbJcL13/view?usp=drivesdk
non_adherents;ROVATTI;Pompage;Pompe / groupe motopompe;Fiche technique;50HZ_CHN_ CPAPEUR-17-R1_C.pdf;FOURNISEURS NON ADHERENTS MAIS FICHE TECHNIQUE OUF/ROVATTI/04-Pompes-de-surface/Pompe-orizzontali-multistadio-ad-alta-pressione-serie-Europa;application/pdf;3444870;1b7HEBiW-RqmLtzCaasSk8_4GgWrsDA2t;https://drive.google.com/file/d/1b7HEBiW-RqmLtzCaasSk8_4GgWrsDA2t/view?usp=drivesdk
non_adherents;ROVATTI;Pompage;Pompe / groupe motopompe;Fiche technique;50HZ_ CU_IGFDE_SL-SLK-SD-TL-TLK.pdf;FOURNISEURS NON ADHERENTS MAIS FICHE TECHNIQUE OUF/ROVATTI/05-Pompes-liquides-charges/Pompe-con-moltiplicatore;application/pdf;3756466;1-VZ5oQvAO5P0KAURWLKLrgi0sOLxonXq;https://drive.google.com/file/d/1-VZ5oQvAO5P0KAURWLKLrgi0sOLxonXq/view?usp=drivesdk
non_adherents;ROVATTI;Pompage;Pompe / groupe motopompe;Fiche technique;50HZ_CHN_ CPOL-20-IGFDE-R1_POMPE-PER-LIQUAMI.pdf;FOURNISEURS NON ADHERENTS MAIS FICHE TECHNIQUE OUF/ROVATTI/05-Pompes-liquides-charges/Pompe-con-moltiplicatore;application/pdf;2480236;1A4z6uZuBUwNLz3yMXdF7288Yb3rKXWVu;https://drive.google.com/file/d/1A4z6uZuBUwNLz3yMXdF7288Yb3rKXWVu/view?usp=drivesdk
non_adherents;ROVATTI;Pompage;Pompe / groupe motopompe;Fiche technique;50HZ_ CU_IGFDE_SL-SLK-SD-TL-TLK.pdf;FOURNISEURS NON ADHERENTS MAIS FICHE TECHNIQUE OUF/ROVATTI/05-Pompes-liquides-charges/Pompe-con-moltiplicatore-e-con-cono-trituratore;application/pdf;3756466;1wuNp4c86eJ5vq9LdqCDMi_fTcOvjBF2J;https://drive.google.com/file/d/1wuNp4c86eJ5vq9LdqCDMi_fTcOvjBF2J/view?usp=drivesdk
non_adherents;ROVATTI;Pompage;Pompe / groupe motopompe;Fiche technique;50HZ_CHN_ CPOL-20-IGFDE-R1_POMPE-PER-LIQUAMI.pdf;FOURNISEURS NON ADHERENTS MAIS FICHE TECHNIQUE OUF/ROVATTI/05-Pompes-liquides-charges/Pompe-con-moltiplicatore-e-con-cono-trituratore;application/pdf;2480236;1Y0uw4z0RPNp3zi_RAni9NHguBisFy_i2;https://drive.google.com/file/d/1Y0uw4z0RPNp3zi_RAni9NHguBisFy_i2/view?usp=drivesdk
non_adherents;ROVATTI;Pompage;Pompe / groupe motopompe;Fiche technique;50HZ_ CU_IGFDE_SL-SLK-SD-TL-TLK.pdf;FOURNISEURS NON ADHERENTS MAIS FICHE TECHNIQUE OUF/ROVATTI/05-Pompes-liquides-charges/Pompe-orizzontali-monostadio-ad-asse-nudo-A;application/pdf;3756466;1-yZxJcsR25cHPiYV1fQ7oyxJIbDUCRk7;https://drive.google.com/file/d/1-yZxJcsR25cHPiYV1fQ7oyxJIbDUCRk7/view?usp=drivesdk
non_adherents;ROVATTI;Pompage;Pompe / groupe motopompe;Fiche technique;50HZ_CHN_ CPOL-20-IGFDE-R1_POMPE-PER-LIQUAMI.pdf;FOURNISEURS NON ADHERENTS MAIS FICHE TECHNIQUE OUF/ROVATTI/05-Pompes-liquides-charges/Pompe-orizzontali-monostadio-ad-asse-nudo-A;application/pdf;2480236;17_3CrOkjFoSi0hffSn6CIy8zA7AqKr6g;https://drive.google.com/file/d/17_3CrOkjFoSi0hffSn6CIy8zA7AqKr6g/view?usp=drivesdk
non_adherents;ROVATTI;Pompage;Pompe / groupe motopompe;Fiche technique;50HZ_ CU_IGFDE_SL-SLK-SD-TL-TLK.pdf;FOURNISEURS NON ADHERENTS MAIS FICHE TECHNIQUE OUF/ROVATTI/05-Pompes-liquides-charges/Pompe-orizzontali-monostadio-ad-asse-nudo-B;application/pdf;3756466;1v--SPYXj0g_w3JXjjhCIqX5MxKddlGTZ;https://drive.google.com/file/d/1v--SPYXj0g_w3JXjjhCIqX5MxKddlGTZ/view?usp=drivesdk
non_adherents;ROVATTI;Pompage;Pompe / groupe motopompe;Fiche technique;50HZ_CHN_ CPOL-20-IGFDE-R1_POMPE-PER-LIQUAMI.pdf;FOURNISEURS NON ADHERENTS MAIS FICHE TECHNIQUE OUF/ROVATTI/05-Pompes-liquides-charges/Pompe-orizzontali-monostadio-ad-asse-nudo-B;application/pdf;2480236;1RsORTfDfuoLxJGqD5hHkL54IBMWCjMVt;https://drive.google.com/file/d/1RsORTfDfuoLxJGqD5hHkL54IBMWCjMVt/view?usp=drivesdk
non_adherents;ROVATTI;Pompage;Pompe / groupe motopompe;Fiche technique;50HZ_ CU_IGFDE_SL-SLK-SD-TL-TLK.pdf;FOURNISEURS NON ADHERENTS MAIS FICHE TECHNIQUE OUF/ROVATTI/05-Pompes-liquides-charges/Pompe-orizzontali-monostadio-ad-asse-nudo-con-cono-trituratore;application/pdf;3756466;1Xif2eXLJuCTboAC8-DpxgXKf0Tvdt-ir;https://drive.google.com/file/d/1Xif2eXLJuCTboAC8-DpxgXKf0Tvdt-ir/view?usp=drivesdk
non_adherents;ROVATTI;Pompage;Pompe / groupe motopompe;Fiche technique;50HZ_CHN_ CPOL-20-IGFDE-R1_POMPE-PER-LIQUAMI.pdf;FOURNISEURS NON ADHERENTS MAIS FICHE TECHNIQUE OUF/ROVATTI/05-Pompes-liquides-charges/Pompe-orizzontali-monostadio-ad-asse-nudo-con-cono-trituratore;application/pdf;2480236;14Dy_K9yRl0V0QuzyNpZfagcbgkmIKkPy;https://drive.google.com/file/d/14Dy_K9yRl0V0QuzyNpZfagcbgkmIKkPy/view?usp=drivesdk
non_adherents;ROVATTI;Pompage;Pompe / groupe motopompe;Fiche technique;50HZ_ CU_IGFDE_6-16E-ER-ERC-EC50HZ.pdf;FOURNISEURS NON ADHERENTS MAIS FICHE TECHNIQUE OUF/ROVATTI/06-Pompes-pour-forages/6-16-Semiassiali;application/pdf;6294738;1Zib5stqmnTVdcQoK5bS-D1ENU61KhYaM;https://drive.google.com/file/d/1Zib5stqmnTVdcQoK5bS-D1ENU61KhYaM/view?usp=drivesdk
non_adherents;ROVATTI;Pompage;Pompe / groupe motopompe;Fiche technique;50HZ_CHN_ CES50-17-R9_C.pdf;FOURNISEURS NON ADHERENTS MAIS FICHE TECHNIQUE OUF/ROVATTI/06-Pompes-pour-forages/6-16-Semiassiali;application/pdf;3817544;1m9HyTIJYs54UwfPU-KWoUn1N1QjKhk-M;https://drive.google.com/file/d/1m9HyTIJYs54UwfPU-KWoUn1N1QjKhk-M/view?usp=drivesdk
non_adherents;ROVATTI;Pompage;Pompe / groupe motopompe;Fiche technique;60HZ_ CU_IGFDE_6-14E-ER-ERC-EC60HZ.pdf;FOURNISEURS NON ADHERENTS MAIS FICHE TECHNIQUE OUF/ROVATTI/06-Pompes-pour-forages/6-16-Semiassiali;application/pdf;5411441;1ICv11fjdDp2ZUzi4elMn3x3QMjIffSld;https://drive.google.com/file/d/1ICv11fjdDp2ZUzi4elMn3x3QMjIffSld/view?usp=drivesdk
non_adherents;ROVATTI;Pompage;Pompe / groupe motopompe;Fiche technique;50HZ_ CU_IGFDE_6-16E-ER-ERC-EC50HZ.pdf;FOURNISEURS NON ADHERENTS MAIS FICHE TECHNIQUE OUF/ROVATTI/06-Pompes-pour-forages/6-Incamiciate-Copia-Mod;application/pdf;6294738;1XfHZjMqfFTiqx1Jq3xLlrj33k2waNJKX;https://drive.google.com/file/d/1XfHZjMqfFTiqx1Jq3xLlrj33k2waNJKX/view?usp=drivesdk
non_adherents;ROVATTI;Pompage;Pompe / groupe motopompe;Fiche technique;50HZ_CHN_ CES50-17-R9_C.pdf;FOURNISEURS NON ADHERENTS MAIS FICHE TECHNIQUE OUF/ROVATTI/06-Pompes-pour-forages/6-Incamiciate-Copia-Mod;application/pdf;3817544;12V21mnzQ9BmeD3beP0BHPc-d2QbOXdYY;https://drive.google.com/file/d/12V21mnzQ9BmeD3beP0BHPc-d2QbOXdYY/view?usp=drivesdk
non_adherents;ROVATTI;Pompage;Pompe / groupe motopompe;Fiche technique;60HZ_ CU_IGFDE_6-14E-ER-ERC-EC60HZ.pdf;FOURNISEURS NON ADHERENTS MAIS FICHE TECHNIQUE OUF/ROVATTI/06-Pompes-pour-forages/6-Incamiciate-Copia-Mod;application/pdf;5411441;1JDHcqhgqkIz0wsDHgEpts9dIuGQcujRS;https://drive.google.com/file/d/1JDHcqhgqkIz0wsDHgEpts9dIuGQcujRS/view?usp=drivesdk
non_adherents;ROVATTI;Pompage;Pompe / groupe motopompe;Fiche technique;50HZ_ CU_IGFDE_8-16EX5060HZ.pdf;FOURNISEURS NON ADHERENTS MAIS FICHE TECHNIQUE OUF/ROVATTI/06-Pompes-pour-forages/8-16-Extreme;application/pdf;5255284;1Ae5KVmP93t901G9fKO0LJtbSU7gAxFHZ;https://drive.google.com/file/d/1Ae5KVmP93t901G9fKO0LJtbSU7gAxFHZ/view?usp=drivesdk
non_adherents;ROVATTI;Pompage;Pompe / groupe motopompe;Fiche technique;50HZ_CHN_ CESX-15-R4_C.pdf;FOURNISEURS NON ADHERENTS MAIS FICHE TECHNIQUE OUF/ROVATTI/06-Pompes-pour-forages/8-16-Extreme;application/pdf;4445486;1bSzrpTVo03_uwAQMYDyMFk3um_8EBDmY;https://drive.google.com/file/d/1bSzrpTVo03_uwAQMYDyMFk3um_8EBDmY/view?usp=drivesdk
non_adherents;ROVATTI;Pompage;Pompe / groupe motopompe;Fiche technique;60HZ_ CU_IGFDE_8-16EX5060HZ.pdf;FOURNISEURS NON ADHERENTS MAIS FICHE TECHNIQUE OUF/ROVATTI/06-Pompes-pour-forages/8-16-Extreme;application/pdf;5255284;1g85MrWkjhLngATYIQcVaMcSXlB6AVzlj;https://drive.google.com/file/d/1g85MrWkjhLngATYIQcVaMcSXlB6AVzlj/view?usp=drivesdk
non_adherents;ROVATTI;Pompage;Pompe / groupe motopompe;Fiche technique;50HZ_ CU_IGFDE_6-8VX5060HZ.pdf;FOURNISEURS NON ADHERENTS MAIS FICHE TECHNIQUE OUF/ROVATTI/06-Pompes-pour-forages/Pompe-ad-asse-verticale-da-6-e-8-in-acciaio-inox-AISI316;application/pdf;4587289;1CEl1VcRcTHAs_pNs4WEsvdRm7de-InnH;https://drive.google.com/file/d/1CEl1VcRcTHAs_pNs4WEsvdRm7de-InnH/view?usp=drivesdk
non_adherents;ROVATTI;Pompage;Pompe / groupe motopompe;Fiche technique;50HZ_CHN_ CPVX-18-R2_C.pdf;FOURNISEURS NON ADHERENTS MAIS FICHE TECHNIQUE OUF/ROVATTI/06-Pompes-pour-forages/Pompe-ad-asse-verticale-da-6-e-8-in-acciaio-inox-AISI316;application/pdf;2204827;1C6-8DHelGdjaDUfw2JZ8E2kG7yUgsPlC;https://drive.google.com/file/d/1C6-8DHelGdjaDUfw2JZ8E2kG7yUgsPlC/view?usp=drivesdk
non_adherents;ROVATTI;Pompage;Pompe / groupe motopompe;Fiche technique;60HZ_ CU_IGFDE_6-8VX5060HZ.pdf;FOURNISEURS NON ADHERENTS MAIS FICHE TECHNIQUE OUF/ROVATTI/06-Pompes-pour-forages/Pompe-ad-asse-verticale-da-6-e-8-in-acciaio-inox-AISI316;application/pdf;4587289;1pLovA4UcHAc0Vn9eHRlmEkOqx0_95TxZ;https://drive.google.com/file/d/1pLovA4UcHAc0Vn9eHRlmEkOqx0_95TxZ/view?usp=drivesdk
non_adherents;SCHNEIDER;Électricité et régulation;Appareillage / armoire;Fiche technique;LUCA1XB.pdf;FOURNISEURS NON ADHERENTS MAIS FICHE TECHNIQUE OUF/SCHNEIDER;application/pdf;268259;1Ks1_OnIpP37HgS8kKpLx91ik1eB6uF-F;https://drive.google.com/file/d/1Ks1_OnIpP37HgS8kKpLx91ik1eB6uF-F/view?usp=drivesdk
non_adherents;SCHNEIDER;Électricité et régulation;Appareillage / armoire;Fiche technique;LUCD12BL.pdf;FOURNISEURS NON ADHERENTS MAIS FICHE TECHNIQUE OUF/SCHNEIDER;application/pdf;268358;1B0D6tMj7S0Nik79_rNMezOpkE0Z1nULY;https://drive.google.com/file/d/1B0D6tMj7S0Nik79_rNMezOpkE0Z1nULY/view?usp=drivesdk
non_adherents;SCHNEIDER;Électricité et régulation;Appareillage / armoire;Fiche technique;LV426804.pdf;FOURNISEURS NON ADHERENTS MAIS FICHE TECHNIQUE OUF/SCHNEIDER;application/pdf;206215;1y74Zs0PIR_k1LENWxvo-X2YQlGC0qf1w;https://drive.google.com/file/d/1y74Zs0PIR_k1LENWxvo-X2YQlGC0qf1w/view?usp=drivesdk
non_adherents;SCHNEIDER;Électricité et régulation;Appareillage / armoire;Fiche technique;LV426936T.pdf;FOURNISEURS NON ADHERENTS MAIS FICHE TECHNIQUE OUF/SCHNEIDER;application/pdf;202325;1A7eX92s9x93xUJDiH2RJNtB_8WQuwzif;https://drive.google.com/file/d/1A7eX92s9x93xUJDiH2RJNtB_8WQuwzif/view?usp=drivesdk
non_adherents;SCHNEIDER;Électricité et régulation;Appareillage / armoire;Fiche technique;LV428941.pdf;FOURNISEURS NON ADHERENTS MAIS FICHE TECHNIQUE OUF/SCHNEIDER;application/pdf;216376;10byfpaXDUvgD7F_jW2V2zenfuilxMtvh;https://drive.google.com/file/d/10byfpaXDUvgD7F_jW2V2zenfuilxMtvh/view?usp=drivesdk
non_adherents;SCHNEIDER;Électricité et régulation;Appareillage / armoire;Fiche technique;LV429414.pdf;FOURNISEURS NON ADHERENTS MAIS FICHE TECHNIQUE OUF/SCHNEIDER;application/pdf;241067;1t-OQOPp4HGoqDIgTAPqG-M1Cy2u8AEtX;https://drive.google.com/file/d/1t-OQOPp4HGoqDIgTAPqG-M1Cy2u8AEtX/view?usp=drivesdk
non_adherents;SCHNEIDER;Électricité et régulation;Appareillage / armoire;Fiche technique;LV429427.pdf;FOURNISEURS NON ADHERENTS MAIS FICHE TECHNIQUE OUF/SCHNEIDER;application/pdf;252938;1uYawM4FLDItP7wcMbbzTQP2OipVNw2wy;https://drive.google.com/file/d/1uYawM4FLDItP7wcMbbzTQP2OipVNw2wy/view?usp=drivesdk
non_adherents;SCHNEIDER;Électricité et régulation;Appareillage / armoire;Fiche technique;LV430562.pdf;FOURNISEURS NON ADHERENTS MAIS FICHE TECHNIQUE OUF/SCHNEIDER;application/pdf;252454;1foTj4XejkVmGAD4gesUplQ6diNZbUZDK;https://drive.google.com/file/d/1foTj4XejkVmGAD4gesUplQ6diNZbUZDK/view?usp=drivesdk
non_adherents;SCHNEIDER;Électricité et régulation;Appareillage / armoire;Fiche technique;LV432492.pdf;FOURNISEURS NON ADHERENTS MAIS FICHE TECHNIQUE OUF/SCHNEIDER;application/pdf;227808;13a9WJChCItKfKnOD-fdTPCniLUnHjzML;https://drive.google.com/file/d/13a9WJChCItKfKnOD-fdTPCniLUnHjzML/view?usp=drivesdk
non_adherents;SCHNEIDER;Électricité et régulation;Appareillage / armoire;Fiche technique;LV432526.pdf;FOURNISEURS NON ADHERENTS MAIS FICHE TECHNIQUE OUF/SCHNEIDER;application/pdf;229457;1AEf3-hfmIbI8bCElyPO85D4Hjr5Qo3VZ;https://drive.google.com/file/d/1AEf3-hfmIbI8bCElyPO85D4Hjr5Qo3VZ/view?usp=drivesdk
non_adherents;SCHNEIDER;Électricité et régulation;Appareillage / armoire;Fiche technique;LV432620.pdf;FOURNISEURS NON ADHERENTS MAIS FICHE TECHNIQUE OUF/SCHNEIDER;application/pdf;217947;1t3CjbyBD46iR3FJmllWAuySjWLYIPd6g;https://drive.google.com/file/d/1t3CjbyBD46iR3FJmllWAuySjWLYIPd6g/view?usp=drivesdk
non_adherents;SCHNEIDER;Électricité et régulation;Appareillage / armoire;Fiche technique;LVS03181.pdf;FOURNISEURS NON ADHERENTS MAIS FICHE TECHNIQUE OUF/SCHNEIDER;application/pdf;242060;1xDCG5xn-4nioILmr-ddpHdGATU0RF_fO;https://drive.google.com/file/d/1xDCG5xn-4nioILmr-ddpHdGATU0RF_fO/view?usp=drivesdk
non_adherents;SCHNEIDER;Électricité et régulation;Appareillage / armoire;Fiche technique;LVS03208.pdf;FOURNISEURS NON ADHERENTS MAIS FICHE TECHNIQUE OUF/SCHNEIDER;application/pdf;191904;1vg8R-8A7sVIv3eU11-XamB7Qy8bkTTGa;https://drive.google.com/file/d/1vg8R-8A7sVIv3eU11-XamB7Qy8bkTTGa/view?usp=drivesdk
non_adherents;SCHNEIDER;Électricité et régulation;Appareillage / armoire;Fiche technique;LVS03283.pdf;FOURNISEURS NON ADHERENTS MAIS FICHE TECHNIQUE OUF/SCHNEIDER;application/pdf;209735;1iHBy0mlgTrktilQqGsQsvkaeFACvIcq2;https://drive.google.com/file/d/1iHBy0mlgTrktilQqGsQsvkaeFACvIcq2/view?usp=drivesdk
non_adherents;SCHNEIDER;Électricité et régulation;Appareillage / armoire;Fiche technique;LVS04060.pdf;FOURNISEURS NON ADHERENTS MAIS FICHE TECHNIQUE OUF/SCHNEIDER;application/pdf;311107;1OQe_LVF1YRUUdvQaCg70E2t3_ZybNjmd;https://drive.google.com/file/d/1OQe_LVF1YRUUdvQaCg70E2t3_ZybNjmd/view?usp=drivesdk
non_adherents;SCHNEIDER;Électricité et régulation;Appareillage / armoire;Fiche technique;LVS04487.pdf;FOURNISEURS NON ADHERENTS MAIS FICHE TECHNIQUE OUF/SCHNEIDER;application/pdf;202693;1YlqbHp9rJmML9kiZYF2LtTmFI6_zD8fb;https://drive.google.com/file/d/1YlqbHp9rJmML9kiZYF2LtTmFI6_zD8fb/view?usp=drivesdk
non_adherents;SCHNEIDER;Électricité et régulation;Appareillage / armoire;Fiche technique;LVS04498.pdf;FOURNISEURS NON ADHERENTS MAIS FICHE TECHNIQUE OUF/SCHNEIDER;application/pdf;213826;1CAQ8vWm9X0qat9TUd6g-tmkZnO41JFcA;https://drive.google.com/file/d/1CAQ8vWm9X0qat9TUd6g-tmkZnO41JFcA/view?usp=drivesdk
non_adherents;SCHNEIDER;Électricité et régulation;Appareillage / armoire;Fiche technique;LVS04525.pdf;FOURNISEURS NON ADHERENTS MAIS FICHE TECHNIQUE OUF/SCHNEIDER;application/pdf;208682;1yRmJNth-jliPe9yIQ6eGRJ_yrOzFMpyL;https://drive.google.com/file/d/1yRmJNth-jliPe9yIQ6eGRJ_yrOzFMpyL/view?usp=drivesdk
non_adherents;SCHNEIDER;Électricité et régulation;Appareillage / armoire;Fiche technique;LVS08866.pdf;FOURNISEURS NON ADHERENTS MAIS FICHE TECHNIQUE OUF/SCHNEIDER;application/pdf;210696;1gef2aiUo1GbKgKecajAvHeAO3YAewj1r;https://drive.google.com/file/d/1gef2aiUo1GbKgKecajAvHeAO3YAewj1r/view?usp=drivesdk
non_adherents;SCHNEIDER;Électricité et régulation;Appareillage / armoire;Fiche technique;METSEPM3200.pdf;FOURNISEURS NON ADHERENTS MAIS FICHE TECHNIQUE OUF/SCHNEIDER;application/pdf;221732;1Kl56T5M_pPUB-UBMyrZVj2WJEQ5NjcBW;https://drive.google.com/file/d/1Kl56T5M_pPUB-UBMyrZVj2WJEQ5NjcBW/view?usp=drivesdk
non_adherents;SCHNEIDER;Électricité et régulation;Appareillage / armoire;Fiche technique;METSEPM3255.pdf;FOURNISEURS NON ADHERENTS MAIS FICHE TECHNIQUE OUF/SCHNEIDER;application/pdf;254359;1p5WBFjQpd8ov4A3m7zT-s5k4Oz_soiNY;https://drive.google.com/file/d/1p5WBFjQpd8ov4A3m7zT-s5k4Oz_soiNY/view?usp=drivesdk
non_adherents;SCHNEIDER;Électricité et régulation;Appareillage / armoire;Fiche technique;NSYAMRD24357TB.pdf;FOURNISEURS NON ADHERENTS MAIS FICHE TECHNIQUE OUF/SCHNEIDER;application/pdf;189194;16ICdg1mPpO_lTfgnfj45AU7SNSEX1IFX;https://drive.google.com/file/d/16ICdg1mPpO_lTfgnfj45AU7SNSEX1IFX/view?usp=drivesdk
non_adherents;SCHNEIDER;Électricité et régulation;Appareillage / armoire;Fiche technique;NSYBP207.pdf;FOURNISEURS NON ADHERENTS MAIS FICHE TECHNIQUE OUF/SCHNEIDER;application/pdf;203909;1fmYc2KyqDMYgtC9cDSVsW832KJgl4Ojl;https://drive.google.com/file/d/1fmYc2KyqDMYgtC9cDSVsW832KJgl4Ojl/view?usp=drivesdk
non_adherents;SCHNEIDER;Électricité et régulation;Appareillage / armoire;Fiche technique;NSYCVF85M230PF.pdf;FOURNISEURS NON ADHERENTS MAIS FICHE TECHNIQUE OUF/SCHNEIDER;application/pdf;243278;1lq5L8btzwalgIeqI9XW1_WwG9YW297iY;https://drive.google.com/file/d/1lq5L8btzwalgIeqI9XW1_WwG9YW297iY/view?usp=drivesdk
non_adherents;SCHNEIDER;Électricité et régulation;Appareillage / armoire;Fiche technique;NSYDLA112G.pdf;FOURNISEURS NON ADHERENTS MAIS FICHE TECHNIQUE OUF/SCHNEIDER;application/pdf;233499;1U6RqfEQZ9V9AFgtR_H4suhNHYSmGmbMV;https://drive.google.com/file/d/1U6RqfEQZ9V9AFgtR_H4suhNHYSmGmbMV/view?usp=drivesdk
non_adherents;SCHNEIDER;Électricité et régulation;Appareillage / armoire;Fiche technique;NSYEC1041.pdf;FOURNISEURS NON ADHERENTS MAIS FICHE TECHNIQUE OUF/SCHNEIDER;application/pdf;217692;1JkAWLCHXwCGkCxBVpe1Ja0iW1WgCHNl4;https://drive.google.com/file/d/1JkAWLCHXwCGkCxBVpe1Ja0iW1WgCHNl4/view?usp=drivesdk
non_adherents;SCHNEIDER;Électricité et régulation;Appareillage / armoire;Fiche technique;NSYEC1061.pdf;FOURNISEURS NON ADHERENTS MAIS FICHE TECHNIQUE OUF/SCHNEIDER;application/pdf;217603;106_RaL2Bu36Mv8VE6VsPb4A2q2oSumAU;https://drive.google.com/file/d/106_RaL2Bu36Mv8VE6VsPb4A2q2oSumAU/view?usp=drivesdk
non_adherents;SCHNEIDER;Électricité et régulation;Appareillage / armoire;Fiche technique;NSYEC1251.pdf;FOURNISEURS NON ADHERENTS MAIS FICHE TECHNIQUE OUF/SCHNEIDER;application/pdf;218063;1HmrkS-62gfXvIx8zIQ8EkzYhwoXUCOnS;https://drive.google.com/file/d/1HmrkS-62gfXvIx8zIQ8EkzYhwoXUCOnS/view?usp=drivesdk
non_adherents;SCHNEIDER;Électricité et régulation;Appareillage / armoire;Fiche technique;NSYMF32.pdf;FOURNISEURS NON ADHERENTS MAIS FICHE TECHNIQUE OUF/SCHNEIDER;application/pdf;241381;1eDCmB2WEZLqUz-RqYWFhR9AMZ-umutZQ;https://drive.google.com/file/d/1eDCmB2WEZLqUz-RqYWFhR9AMZ-umutZQ/view?usp=drivesdk
non_adherents;SCHNEIDER;Électricité et régulation;Appareillage / armoire;Fiche technique;NSYMM64.pdf;FOURNISEURS NON ADHERENTS MAIS FICHE TECHNIQUE OUF/SCHNEIDER;application/pdf;217214;1vsfT8X5OO-ltgCHXqhzrULW_WavND4gR;https://drive.google.com/file/d/1vsfT8X5OO-ltgCHXqhzrULW_WavND4gR/view?usp=drivesdk
non_adherents;SCHNEIDER;Électricité et régulation;Appareillage / armoire;Fiche technique;NSYMP1810.pdf;FOURNISEURS NON ADHERENTS MAIS FICHE TECHNIQUE OUF/SCHNEIDER;application/pdf;226860;18bheZhJKowMEKvKyWL2EV9Qttq-j-ud9;https://drive.google.com/file/d/18bheZhJKowMEKvKyWL2EV9Qttq-j-ud9/view?usp=drivesdk
non_adherents;SCHNEIDER;Électricité et régulation;Appareillage / armoire;Fiche technique;NSYMR108.pdf;FOURNISEURS NON ADHERENTS MAIS FICHE TECHNIQUE OUF/SCHNEIDER;application/pdf;278721;12-MJ4BHfdYJatMP70XV07u5rKvgOLi35;https://drive.google.com/file/d/12-MJ4BHfdYJatMP70XV07u5rKvgOLi35/view?usp=drivesdk
non_adherents;SCHNEIDER;Électricité et régulation;Appareillage / armoire;Fiche technique;NSYMR68.pdf;FOURNISEURS NON ADHERENTS MAIS FICHE TECHNIQUE OUF/SCHNEIDER;application/pdf;227079;185zhHR1iVV_dDKSgrn-Am1F5VubiDCYv;https://drive.google.com/file/d/185zhHR1iVV_dDKSgrn-Am1F5VubiDCYv/view?usp=drivesdk
non_adherents;SCHNEIDER;Électricité et régulation;Appareillage / armoire;Fiche technique;NSYMR88.pdf;FOURNISEURS NON ADHERENTS MAIS FICHE TECHNIQUE OUF/SCHNEIDER;application/pdf;293251;1h_vCeIKvUfuTzaV398fBohf1RmXnS_-U;https://drive.google.com/file/d/1h_vCeIKvUfuTzaV398fBohf1RmXnS_-U/view?usp=drivesdk
non_adherents;SCHNEIDER;Électricité et régulation;Appareillage / armoire;Fiche technique;NSYTLG2FL.pdf;FOURNISEURS NON ADHERENTS MAIS FICHE TECHNIQUE OUF/SCHNEIDER;application/pdf;203750;10FgT64Dl88YRBnxT64q5uhkawzo9Qrnw;https://drive.google.com/file/d/10FgT64Dl88YRBnxT64q5uhkawzo9Qrnw/view?usp=drivesdk
non_adherents;SCHNEIDER;Électricité et régulation;Appareillage / armoire;Fiche technique;PKF32M423.pdf;FOURNISEURS NON ADHERENTS MAIS FICHE TECHNIQUE OUF/SCHNEIDER;application/pdf;219633;1brWc9qfobREQ5MYqju46RfS8UWA_mAxq;https://drive.google.com/file/d/1brWc9qfobREQ5MYqju46RfS8UWA_mAxq/view?usp=drivesdk
non_adherents;SCHNEIDER;Électricité et régulation;Appareillage / armoire;Fiche technique;PKY16M423.pdf;FOURNISEURS NON ADHERENTS MAIS FICHE TECHNIQUE OUF/SCHNEIDER;application/pdf;220823;1AoM7-o56ERrs_ddWh9tdJxRkeuEpTIH5;https://drive.google.com/file/d/1AoM7-o56ERrs_ddWh9tdJxRkeuEpTIH5/view?usp=drivesdk
non_adherents;SCHNEIDER;Électricité et régulation;Appareillage / armoire;Fiche technique;RE22R2MYMR.pdf;FOURNISEURS NON ADHERENTS MAIS FICHE TECHNIQUE OUF/SCHNEIDER;application/pdf;1032900;1KmL0KiL7el5jU2qumEgZ4CNzUC0at_3T;https://drive.google.com/file/d/1KmL0KiL7el5jU2qumEgZ4CNzUC0at_3T/view?usp=drivesdk
non_adherents;SCHNEIDER;Électricité et régulation;Appareillage / armoire;Fiche technique;RM35JA32MR.pdf;FOURNISEURS NON ADHERENTS MAIS FICHE TECHNIQUE OUF/SCHNEIDER;application/pdf;752636;1CNEFCUKZXz3r5cX7DzdG_9FoHd73jc5K;https://drive.google.com/file/d/1CNEFCUKZXz3r5cX7DzdG_9FoHd73jc5K/view?usp=drivesdk
non_adherents;SCHNEIDER;Électricité et régulation;Appareillage / armoire;Fiche technique;RPZR235.pdf;FOURNISEURS NON ADHERENTS MAIS FICHE TECHNIQUE OUF/SCHNEIDER;application/pdf;196499;1wA3lhsCCKWocMmKXF97XOTtMZ70RBgXu;https://drive.google.com/file/d/1wA3lhsCCKWocMmKXF97XOTtMZ70RBgXu/view?usp=drivesdk
non_adherents;SCHNEIDER;Électricité et régulation;Appareillage / armoire;Fiche technique;RSL1AB4BD.pdf;FOURNISEURS NON ADHERENTS MAIS FICHE TECHNIQUE OUF/SCHNEIDER;application/pdf;468123;1o4Fq8NjPBv5Isr3eHrD6-vAx5uz-oaER;https://drive.google.com/file/d/1o4Fq8NjPBv5Isr3eHrD6-vAx5uz-oaER/view?usp=drivesdk
non_adherents;SCHNEIDER;Électricité et régulation;Appareillage / armoire;Fiche technique;RXG22F7.pdf;FOURNISEURS NON ADHERENTS MAIS FICHE TECHNIQUE OUF/SCHNEIDER;application/pdf;769313;1XV-FKaKzTnRwijW8XCQg4L6cAtmmGT6B;https://drive.google.com/file/d/1XV-FKaKzTnRwijW8XCQg4L6cAtmmGT6B/view?usp=drivesdk
non_adherents;SCHNEIDER;Électricité et régulation;Appareillage / armoire;Fiche technique;TRV00121.pdf;FOURNISEURS NON ADHERENTS MAIS FICHE TECHNIQUE OUF/SCHNEIDER;application/pdf;252515;1AJWcTA0osAx0pRzSIV6koetknTjBbee_;https://drive.google.com/file/d/1AJWcTA0osAx0pRzSIV6koetknTjBbee_/view?usp=drivesdk
non_adherents;SCHNEIDER;Électricité et régulation;Appareillage / armoire;Fiche technique;TRV00850.pdf;FOURNISEURS NON ADHERENTS MAIS FICHE TECHNIQUE OUF/SCHNEIDER;application/pdf;236354;1BickWIw3d90Jm-HhGJNDrW7adQS_K_fD;https://drive.google.com/file/d/1BickWIw3d90Jm-HhGJNDrW7adQS_K_fD/view?usp=drivesdk
non_adherents;SCHNEIDER;Électricité et régulation;Appareillage / armoire;Fiche technique;VBDN12.pdf;FOURNISEURS NON ADHERENTS MAIS FICHE TECHNIQUE OUF/SCHNEIDER;application/pdf;388303;1AmyyeBpBA_I7DaeC40qfTZFtsOPkL-q4;https://drive.google.com/file/d/1AmyyeBpBA_I7DaeC40qfTZFtsOPkL-q4/view?usp=drivesdk
non_adherents;SCHNEIDER;Électricité et régulation;Appareillage / armoire;Fiche technique;VBF2.pdf;FOURNISEURS NON ADHERENTS MAIS FICHE TECHNIQUE OUF/SCHNEIDER;application/pdf;255571;12clp4d6YBjtcWGSgKQjLZgpQCZzeYEH2;https://drive.google.com/file/d/12clp4d6YBjtcWGSgKQjLZgpQCZzeYEH2/view?usp=drivesdk
non_adherents;SCHNEIDER;Électricité et régulation;Variateur de fréquence;Fiche technique;VW3A8306RC.pdf;FOURNISEURS NON ADHERENTS MAIS FICHE TECHNIQUE OUF/SCHNEIDER;application/pdf;233115;1pCgFJTePJI0vvgliSWSq4D23hfGhKWyI;https://drive.google.com/file/d/1pCgFJTePJI0vvgliSWSq4D23hfGhKWyI/view?usp=drivesdk
non_adherents;SCHNEIDER;Électricité et régulation;Appareillage / armoire;Fiche technique;XALD02.pdf;FOURNISEURS NON ADHERENTS MAIS FICHE TECHNIQUE OUF/SCHNEIDER;application/pdf;367157;1jI2FrnijvpM-Ag8oTBH8n2zOXs4Cww-Q;https://drive.google.com/file/d/1jI2FrnijvpM-Ag8oTBH8n2zOXs4Cww-Q/view?usp=drivesdk
non_adherents;SCHNEIDER;Électricité et régulation;Appareillage / armoire;Fiche technique;XALK178.pdf;FOURNISEURS NON ADHERENTS MAIS FICHE TECHNIQUE OUF/SCHNEIDER;application/pdf;543625;1nnPkLCGxFsIYf064LPTvunfLPGP-DTvt;https://drive.google.com/file/d/1nnPkLCGxFsIYf064LPTvunfLPGP-DTvt/view?usp=drivesdk
non_adherents;SCHNEIDER;Électricité et régulation;Appareillage / armoire;Fiche technique;XAPA1120.pdf;FOURNISEURS NON ADHERENTS MAIS FICHE TECHNIQUE OUF/SCHNEIDER;application/pdf;293452;1gQyYlXZ3ZsOuc4A6vIkvNssSq3MXx0Lc;https://drive.google.com/file/d/1gQyYlXZ3ZsOuc4A6vIkvNssSq3MXx0Lc/view?usp=drivesdk
non_adherents;SCHNEIDER;Électricité et régulation;Appareillage / armoire;Fiche technique;XB4BL42.pdf;FOURNISEURS NON ADHERENTS MAIS FICHE TECHNIQUE OUF/SCHNEIDER;application/pdf;468047;1mrJKsLGmGs_C5FRAu6neXEaaLOGXlW13;https://drive.google.com/file/d/1mrJKsLGmGs_C5FRAu6neXEaaLOGXlW13/view?usp=drivesdk
non_adherents;SCHNEIDER;Électricité et régulation;Appareillage / armoire;Fiche technique;XB4BVB1.pdf;FOURNISEURS NON ADHERENTS MAIS FICHE TECHNIQUE OUF/SCHNEIDER;application/pdf;467023;1luSmnnooJYOf_PJSLW6eoWzIFuDDn0T3;https://drive.google.com/file/d/1luSmnnooJYOf_PJSLW6eoWzIFuDDn0T3/view?usp=drivesdk
non_adherents;SCHNEIDER;Électricité et régulation;Appareillage / armoire;Fiche technique;XB5EVB1.pdf;FOURNISEURS NON ADHERENTS MAIS FICHE TECHNIQUE OUF/SCHNEIDER;application/pdf;394473;1wpJ4l_eAxUSf7w1_24lGJKjBqH9w4iwG;https://drive.google.com/file/d/1wpJ4l_eAxUSf7w1_24lGJKjBqH9w4iwG/view?usp=drivesdk
non_adherents;SCHNEIDER;Électricité et régulation;Appareillage / armoire;Fiche technique;XB7NA11.pdf;FOURNISEURS NON ADHERENTS MAIS FICHE TECHNIQUE OUF/SCHNEIDER;application/pdf;330170;12NtlVlTcHAdgJQ5IyhUXBjTtFwuPZH21;https://drive.google.com/file/d/12NtlVlTcHAdgJQ5IyhUXBjTtFwuPZH21/view?usp=drivesdk
non_adherents;SCHNEIDER;Électricité et régulation;Appareillage / armoire;Fiche technique;XD2PA12.pdf;FOURNISEURS NON ADHERENTS MAIS FICHE TECHNIQUE OUF/SCHNEIDER;application/pdf;410307;1zGorlJgawgVL4ff_jUYEC19R_1qAXNP8;https://drive.google.com/file/d/1zGorlJgawgVL4ff_jUYEC19R_1qAXNP8/view?usp=drivesdk
non_adherents;SCHNEIDER;Électricité et régulation;Appareillage / armoire;Fiche technique;XS612B1NAL2.pdf;FOURNISEURS NON ADHERENTS MAIS FICHE TECHNIQUE OUF/SCHNEIDER;application/pdf;475950;1HfBnCe0zBUDUsSCJB0TG1cl7Q_PKqvq5;https://drive.google.com/file/d/1HfBnCe0zBUDUsSCJB0TG1cl7Q_PKqvq5/view?usp=drivesdk
non_adherents;SCHNEIDER;Électricité et régulation;Appareillage / armoire;Fiche technique;XSZB112.pdf;FOURNISEURS NON ADHERENTS MAIS FICHE TECHNIQUE OUF/SCHNEIDER;application/pdf;313007;1spQ0hg4eiN6r-KL3qkMF5iZfjA5yBJ15;https://drive.google.com/file/d/1spQ0hg4eiN6r-KL3qkMF5iZfjA5yBJ15/view?usp=drivesdk
non_adherents;SCHNEIDER;Électricité et régulation;Appareillage / armoire;Fiche technique;XUX1ARCNT16.pdf;FOURNISEURS NON ADHERENTS MAIS FICHE TECHNIQUE OUF/SCHNEIDER;application/pdf;353987;1SRIYn7pu2RfUvYKNE3tVwMNJVh2au5ds;https://drive.google.com/file/d/1SRIYn7pu2RfUvYKNE3tVwMNJVh2au5ds/view?usp=drivesdk
non_adherents;SCHNEIDER;Électricité et régulation;Appareillage / armoire;Fiche technique;XUZA118.pdf;FOURNISEURS NON ADHERENTS MAIS FICHE TECHNIQUE OUF/SCHNEIDER;application/pdf;259883;1TAQt9Y8J1wBERl8NccV7RcfQtVDQC7QA;https://drive.google.com/file/d/1TAQt9Y8J1wBERl8NccV7RcfQtVDQC7QA/view?usp=drivesdk
non_adherents;SCHNEIDER;Électricité et régulation;Appareillage / armoire;Fiche technique;XUZC80.pdf;FOURNISEURS NON ADHERENTS MAIS FICHE TECHNIQUE OUF/SCHNEIDER;application/pdf;275030;18ntnh8-47ksYkBRlv_9XbWutfLa8Z9mr;https://drive.google.com/file/d/18ntnh8-47ksYkBRlv_9XbWutfLa8Z9mr/view?usp=drivesdk
non_adherents;SCHNEIDER;Électricité et régulation;Appareillage / armoire;Fiche technique;XVMB2RAGSSB.pdf;FOURNISEURS NON ADHERENTS MAIS FICHE TECHNIQUE OUF/SCHNEIDER;application/pdf;344945;11lChLeCQhqdEBVrRHGPX3tGLgZgr_UnT;https://drive.google.com/file/d/11lChLeCQhqdEBVrRHGPX3tGLgZgr_UnT/view?usp=drivesdk
non_adherents;SCHNEIDER;Électricité et régulation;Appareillage / armoire;Fiche technique;ZB4BD4.pdf;FOURNISEURS NON ADHERENTS MAIS FICHE TECHNIQUE OUF/SCHNEIDER;application/pdf;729244;1TtoJEuvLpaxe2oxE7qtsudCCIu-jLI_D;https://drive.google.com/file/d/1TtoJEuvLpaxe2oxE7qtsudCCIu-jLI_D/view?usp=drivesdk
non_adherents;SCHNEIDER;Électricité et régulation;Appareillage / armoire;Fiche technique;ZBRRC.pdf;FOURNISEURS NON ADHERENTS MAIS FICHE TECHNIQUE OUF/SCHNEIDER;application/pdf;506423;1VFjeEFF68Woqqg3Vd7Woqya6vLFg7ZMj;https://drive.google.com/file/d/1VFjeEFF68Woqqg3Vd7Woqya6vLFg7ZMj/view?usp=drivesdk
non_adherents;SCHNEIDER;Électricité et régulation;Appareillage / armoire;Fiche technique;ZBY9130M.pdf;FOURNISEURS NON ADHERENTS MAIS FICHE TECHNIQUE OUF/SCHNEIDER;application/pdf;251224;1twj5nuXZ0Lz0DiOwvLzcTI54uQIIfbbe;https://drive.google.com/file/d/1twj5nuXZ0Lz0DiOwvLzcTI54uQIIfbbe/view?usp=drivesdk
non_adherents;SCHNEIDER;Électricité et régulation;Appareillage / armoire;Fiche technique;ZBY9530.pdf;FOURNISEURS NON ADHERENTS MAIS FICHE TECHNIQUE OUF/SCHNEIDER;application/pdf;222593;1glIWoFYW4APuXSw0XatllY5EhPX0iOVf;https://drive.google.com/file/d/1glIWoFYW4APuXSw0XatllY5EhPX0iOVf/view?usp=drivesdk
non_adherents;Sime_fiches_techniques_FRA-DE_et_pieces_detachees;Hors bibliothèque;Index / extraction;Pièces détachées;INDEX.csv;FOURNISEURS NON ADHERENTS MAIS FICHE TECHNIQUE OUF/Sime_fiches_techniques_FRA-DE_et_pieces_detachees;text/csv;9181;114rqp3FKEbA3jdpFysHUDv1NDrq6Ui0U;https://drive.google.com/file/d/114rqp3FKEbA3jdpFysHUDv1NDrq6Ui0U/view?usp=drivesdk
non_adherents;Sime_fiches_techniques_FRA-DE_et_pieces_detachees;Aspersion;Canon;Catalogue;Catalogo Ricambi - Spares Catalog.pdf;FOURNISEURS NON ADHERENTS MAIS FICHE TECHNIQUE OUF/Sime_fiches_techniques_FRA-DE_et_pieces_detachees/Catalogues;application/pdf;14130442;1SOpmBKYY3qCqhzi5qQnXxxA9czEr9B4N;https://drive.google.com/file/d/1SOpmBKYY3qCqhzi5qQnXxxA9czEr9B4N/view?usp=drivesdk
non_adherents;Sime_fiches_techniques_FRA-DE_et_pieces_detachees;Aspersion;Canon;Pièces détachées;Ambo_FRADE.pdf;FOURNISEURS NON ADHERENTS MAIS FICHE TECHNIQUE OUF/Sime_fiches_techniques_FRA-DE_et_pieces_detachees/Fiches_techniques_FRA-DE;application/pdf;700500;13YsNz1ameW3uzDWaz1x5PavRl-s66YVQ;https://drive.google.com/file/d/13YsNz1ameW3uzDWaz1x5PavRl-s66YVQ/view?usp=drivesdk
non_adherents;Sime_fiches_techniques_FRA-DE_et_pieces_detachees;Aspersion;Canon;Pièces détachées;Climber_FRA-DE.pdf;FOURNISEURS NON ADHERENTS MAIS FICHE TECHNIQUE OUF/Sime_fiches_techniques_FRA-DE_et_pieces_detachees/Fiches_techniques_FRA-DE;application/pdf;752224;1VB0wEVDzPDA9uOaBec_F-AAoCqhUpaM4;https://drive.google.com/file/d/1VB0wEVDzPDA9uOaBec_F-AAoCqhUpaM4/view?usp=drivesdk
non_adherents;Sime_fiches_techniques_FRA-DE_et_pieces_detachees;Aspersion;Canon;Pièces détachées;Duplex_FRADE.pdf;FOURNISEURS NON ADHERENTS MAIS FICHE TECHNIQUE OUF/Sime_fiches_techniques_FRA-DE_et_pieces_detachees/Fiches_techniques_FRA-DE;application/pdf;718501;1fqYvBLwfPaqUOr_tUxLh8NdanAbgBzRm;https://drive.google.com/file/d/1fqYvBLwfPaqUOr_tUxLh8NdanAbgBzRm/view?usp=drivesdk
non_adherents;Sime_fiches_techniques_FRA-DE_et_pieces_detachees;Aspersion;Canon;Pièces détachées;Dynamic_FRADE.pdf;FOURNISEURS NON ADHERENTS MAIS FICHE TECHNIQUE OUF/Sime_fiches_techniques_FRA-DE_et_pieces_detachees/Fiches_techniques_FRA-DE;application/pdf;716260;1ZEXCqGJ1hhgrYZ9KX6R8K7SZL4yRlLvA;https://drive.google.com/file/d/1ZEXCqGJ1hhgrYZ9KX6R8K7SZL4yRlLvA/view?usp=drivesdk
non_adherents;Sime_fiches_techniques_FRA-DE_et_pieces_detachees;Aspersion;Canon;Pièces détachées;E-border_FRA-DE.pdf;FOURNISEURS NON ADHERENTS MAIS FICHE TECHNIQUE OUF/Sime_fiches_techniques_FRA-DE_et_pieces_detachees/Fiches_techniques_FRA-DE;application/pdf;436895;1-VRY4AkCIXAIKzAboCu_48xiR_Kwelm5;https://drive.google.com/file/d/1-VRY4AkCIXAIKzAboCu_48xiR_Kwelm5/view?usp=drivesdk
non_adherents;Sime_fiches_techniques_FRA-DE_et_pieces_detachees;Aspersion;Canon;Pièces détachées;Elektrorain_FRA-DE.pdf;FOURNISEURS NON ADHERENTS MAIS FICHE TECHNIQUE OUF/Sime_fiches_techniques_FRA-DE_et_pieces_detachees/Fiches_techniques_FRA-DE;application/pdf;550074;1C0nA9dw-atRrc3VwMozNWtFnzx1VneFN;https://drive.google.com/file/d/1C0nA9dw-atRrc3VwMozNWtFnzx1VneFN/view?usp=drivesdk
non_adherents;Sime_fiches_techniques_FRA-DE_et_pieces_detachees;Aspersion;Canon;Pièces détachées;Explorer_FRADE.pdf;FOURNISEURS NON ADHERENTS MAIS FICHE TECHNIQUE OUF/Sime_fiches_techniques_FRA-DE_et_pieces_detachees/Fiches_techniques_FRA-DE;application/pdf;669381;1E95lkO_vcGi26UQ8cDasFUKM1avCRmi7;https://drive.google.com/file/d/1E95lkO_vcGi26UQ8cDasFUKM1avCRmi7/view?usp=drivesdk
non_adherents;Sime_fiches_techniques_FRA-DE_et_pieces_detachees;Aspersion;Canon;Pièces détachées;Funny_FRADE.pdf;FOURNISEURS NON ADHERENTS MAIS FICHE TECHNIQUE OUF/Sime_fiches_techniques_FRA-DE_et_pieces_detachees/Fiches_techniques_FRA-DE;application/pdf;694822;17zLElZG2mofQt10J_lHbiVjcxNnE0_Rb;https://drive.google.com/file/d/17zLElZG2mofQt10J_lHbiVjcxNnE0_Rb/view?usp=drivesdk
non_adherents;Sime_fiches_techniques_FRA-DE_et_pieces_detachees;Aspersion;Canon;Pièces détachées;Gemini_FRADE.pdf;FOURNISEURS NON ADHERENTS MAIS FICHE TECHNIQUE OUF/Sime_fiches_techniques_FRA-DE_et_pieces_detachees/Fiches_techniques_FRA-DE;application/pdf;764274;1LiJJhsTm7ds5qho13K_xOO4VRpY7bbUW;https://drive.google.com/file/d/1LiJJhsTm7ds5qho13K_xOO4VRpY7bbUW/view?usp=drivesdk
non_adherents;Sime_fiches_techniques_FRA-DE_et_pieces_detachees;Aspersion;Canon;Pièces détachées;Greenmap_FRA-DE.pdf;FOURNISEURS NON ADHERENTS MAIS FICHE TECHNIQUE OUF/Sime_fiches_techniques_FRA-DE_et_pieces_detachees/Fiches_techniques_FRA-DE;application/pdf;750325;12vPgigBxiu_6iAp-RVY5Da5Wf7MQH8p9;https://drive.google.com/file/d/12vPgigBxiu_6iAp-RVY5Da5Wf7MQH8p9/view?usp=drivesdk
non_adherents;Sime_fiches_techniques_FRA-DE_et_pieces_detachees;Aspersion;Canon;Pièces détachées;Hidra_FRA_DE.pdf;FOURNISEURS NON ADHERENTS MAIS FICHE TECHNIQUE OUF/Sime_fiches_techniques_FRA-DE_et_pieces_detachees/Fiches_techniques_FRA-DE;application/pdf;543596;1uxbz9aSAPkV8HpfIWaCJOwwC5kCu04Yx;https://drive.google.com/file/d/1uxbz9aSAPkV8HpfIWaCJOwwC5kCu04Yx/view?usp=drivesdk
non_adherents;Sime_fiches_techniques_FRA-DE_et_pieces_detachees;Aspersion;Canon;Pièces détachées;Ibis_FRADE.pdf;FOURNISEURS NON ADHERENTS MAIS FICHE TECHNIQUE OUF/Sime_fiches_techniques_FRA-DE_et_pieces_detachees/Fiches_techniques_FRA-DE;application/pdf;702249;1XgUtOxcMYrUfWZYpTQsgcUpPVqmki_b6;https://drive.google.com/file/d/1XgUtOxcMYrUfWZYpTQsgcUpPVqmki_b6/view?usp=drivesdk
non_adherents;Sime_fiches_techniques_FRA-DE_et_pieces_detachees;Aspersion;Canon;Pièces détachées;Jardin_FRADE.pdf;FOURNISEURS NON ADHERENTS MAIS FICHE TECHNIQUE OUF/Sime_fiches_techniques_FRA-DE_et_pieces_detachees/Fiches_techniques_FRA-DE;application/pdf;649372;1M7Ux7dTZKxgiDOpUGSpLO9gurKx1mdWK;https://drive.google.com/file/d/1M7Ux7dTZKxgiDOpUGSpLO9gurKx1mdWK/view?usp=drivesdk
non_adherents;Sime_fiches_techniques_FRA-DE_et_pieces_detachees;Aspersion;Canon;Pièces détachées;Jolly_FRADE.pdf;FOURNISEURS NON ADHERENTS MAIS FICHE TECHNIQUE OUF/Sime_fiches_techniques_FRA-DE_et_pieces_detachees/Fiches_techniques_FRA-DE;application/pdf;697976;13RccDfngd6QDtwiHgdVaAlx_fxiNFFUt;https://drive.google.com/file/d/13RccDfngd6QDtwiHgdVaAlx_fxiNFFUt/view?usp=drivesdk
non_adherents;Sime_fiches_techniques_FRA-DE_et_pieces_detachees;Aspersion;Canon;Pièces détachées;Jumbo_FRADE.pdf;FOURNISEURS NON ADHERENTS MAIS FICHE TECHNIQUE OUF/Sime_fiches_techniques_FRA-DE_et_pieces_detachees/Fiches_techniques_FRA-DE;application/pdf;652252;1d5R8KThz-h9iVRNCZInSG4tKT0cRHidv;https://drive.google.com/file/d/1d5R8KThz-h9iVRNCZInSG4tKT0cRHidv/view?usp=drivesdk
non_adherents;Sime_fiches_techniques_FRA-DE_et_pieces_detachees;Aspersion;Canon;Pièces détachées;Jumbo_teso_FRADE.pdf;FOURNISEURS NON ADHERENTS MAIS FICHE TECHNIQUE OUF/Sime_fiches_techniques_FRA-DE_et_pieces_detachees/Fiches_techniques_FRA-DE;application/pdf;653363;1CDLu8WSkRNDFhHuV5Ci04l-whefzdt-Z;https://drive.google.com/file/d/1CDLu8WSkRNDFhHuV5Ci04l-whefzdt-Z/view?usp=drivesdk
non_adherents;Sime_fiches_techniques_FRA-DE_et_pieces_detachees;Aspersion;Canon;Pièces détachées;Junior_FRADE.pdf;FOURNISEURS NON ADHERENTS MAIS FICHE TECHNIQUE OUF/Sime_fiches_techniques_FRA-DE_et_pieces_detachees/Fiches_techniques_FRA-DE;application/pdf;777330;1Ww6w1OMORlzl2cs9wDI2B6fYzeLTxjLQ;https://drive.google.com/file/d/1Ww6w1OMORlzl2cs9wDI2B6fYzeLTxjLQ/view?usp=drivesdk
non_adherents;Sime_fiches_techniques_FRA-DE_et_pieces_detachees;Aspersion;Canon;Pièces détachées;Klicker_FRADE.pdf;FOURNISEURS NON ADHERENTS MAIS FICHE TECHNIQUE OUF/Sime_fiches_techniques_FRA-DE_et_pieces_detachees/Fiches_techniques_FRA-DE;application/pdf;684488;1iKntH9BmY87tvARfS_n4u6-7ov6_4cmx;https://drive.google.com/file/d/1iKntH9BmY87tvARfS_n4u6-7ov6_4cmx/view?usp=drivesdk
non_adherents;Sime_fiches_techniques_FRA-DE_et_pieces_detachees;Aspersion;Canon;Pièces détachées;Koala_FRADE.pdf;FOURNISEURS NON ADHERENTS MAIS FICHE TECHNIQUE OUF/Sime_fiches_techniques_FRA-DE_et_pieces_detachees/Fiches_techniques_FRA-DE;application/pdf;674662;1fRH28mtOMOGacqefL_4eVQIkN7g344VB;https://drive.google.com/file/d/1fRH28mtOMOGacqefL_4eVQIkN7g344VB/view?usp=drivesdk
non_adherents;Sime_fiches_techniques_FRA-DE_et_pieces_detachees;Aspersion;Canon;Pièces détachées;Konkord_FRADE.pdf;FOURNISEURS NON ADHERENTS MAIS FICHE TECHNIQUE OUF/Sime_fiches_techniques_FRA-DE_et_pieces_detachees/Fiches_techniques_FRA-DE;application/pdf;688838;1sgWxFF-4utirNplPjSdOiQiTkdhEiTLv;https://drive.google.com/file/d/1sgWxFF-4utirNplPjSdOiQiTkdhEiTLv/view?usp=drivesdk
non_adherents;Sime_fiches_techniques_FRA-DE_et_pieces_detachees;Aspersion;Canon;Pièces détachées;Kronos_FRADE.pdf;FOURNISEURS NON ADHERENTS MAIS FICHE TECHNIQUE OUF/Sime_fiches_techniques_FRA-DE_et_pieces_detachees/Fiches_techniques_FRA-DE;application/pdf;692166;1PoTPZBBLK-ZXu0kwn6hZuBLPYf2toprL;https://drive.google.com/file/d/1PoTPZBBLK-ZXu0kwn6hZuBLPYf2toprL/view?usp=drivesdk
non_adherents;Sime_fiches_techniques_FRA-DE_et_pieces_detachees;Aspersion;Canon;Pièces détachées;Lancer_FRA_DE.pdf;FOURNISEURS NON ADHERENTS MAIS FICHE TECHNIQUE OUF/Sime_fiches_techniques_FRA-DE_et_pieces_detachees/Fiches_techniques_FRA-DE;application/pdf;497036;1EiTm3arrO2_CUX9c9Q_e2VjE-beXHgjM;https://drive.google.com/file/d/1EiTm3arrO2_CUX9c9Q_e2VjE-beXHgjM/view?usp=drivesdk
non_adherents;Sime_fiches_techniques_FRA-DE_et_pieces_detachees;Aspersion;Canon;Pièces détachées;Luxor_FRADE.pdf;FOURNISEURS NON ADHERENTS MAIS FICHE TECHNIQUE OUF/Sime_fiches_techniques_FRA-DE_et_pieces_detachees/Fiches_techniques_FRA-DE;application/pdf;699412;1eMHJ9WyqFiP1P0dKuVSaXG_w3ecGseAb;https://drive.google.com/file/d/1eMHJ9WyqFiP1P0dKuVSaXG_w3ecGseAb/view?usp=drivesdk
non_adherents;Sime_fiches_techniques_FRA-DE_et_pieces_detachees;Aspersion;Canon;Pièces détachées;Mariner_FRADE.pdf;FOURNISEURS NON ADHERENTS MAIS FICHE TECHNIQUE OUF/Sime_fiches_techniques_FRA-DE_et_pieces_detachees/Fiches_techniques_FRA-DE;application/pdf;795870;13mvAAJ0tmfdssyuK-9ll-XA8ZL-PdIcE;https://drive.google.com/file/d/13mvAAJ0tmfdssyuK-9ll-XA8ZL-PdIcE/view?usp=drivesdk
non_adherents;Sime_fiches_techniques_FRA-DE_et_pieces_detachees;Aspersion;Canon;Pièces détachées;Master_FRA_DE.pdf;FOURNISEURS NON ADHERENTS MAIS FICHE TECHNIQUE OUF/Sime_fiches_techniques_FRA-DE_et_pieces_detachees/Fiches_techniques_FRA-DE;application/pdf;486976;1zHOXc2PAyFgC9FnkQ8TCxG65eRTrowdg;https://drive.google.com/file/d/1zHOXc2PAyFgC9FnkQ8TCxG65eRTrowdg/view?usp=drivesdk
non_adherents;Sime_fiches_techniques_FRA-DE_et_pieces_detachees;Aspersion;Canon;Pièces détachées;Playgroound_FRADE.pdf;FOURNISEURS NON ADHERENTS MAIS FICHE TECHNIQUE OUF/Sime_fiches_techniques_FRA-DE_et_pieces_detachees/Fiches_techniques_FRA-DE;application/pdf;465603;1xKNbB9Ys-YKaStSFWIGfU3NOZoacJPl-;https://drive.google.com/file/d/1xKNbB9Ys-YKaStSFWIGfU3NOZoacJPl-/view?usp=drivesdk
non_adherents;Sime_fiches_techniques_FRA-DE_et_pieces_detachees;Aspersion;Canon;Pièces détachées;Quasar_FRADE.pdf;FOURNISEURS NON ADHERENTS MAIS FICHE TECHNIQUE OUF/Sime_fiches_techniques_FRA-DE_et_pieces_detachees/Fiches_techniques_FRA-DE;application/pdf;698662;1mPQVPke-5rINEwSOAojUVaEsREpcLYnx;https://drive.google.com/file/d/1mPQVPke-5rINEwSOAojUVaEsREpcLYnx/view?usp=drivesdk
non_adherents;Sime_fiches_techniques_FRA-DE_et_pieces_detachees;Aspersion;Canon;Pièces détachées;Ranger_43_FRADE.pdf;FOURNISEURS NON ADHERENTS MAIS FICHE TECHNIQUE OUF/Sime_fiches_techniques_FRA-DE_et_pieces_detachees/Fiches_techniques_FRA-DE;application/pdf;685772;1xRdB0q3VwWj_FGSZkELT8PUBErnpY6Dj;https://drive.google.com/file/d/1xRdB0q3VwWj_FGSZkELT8PUBErnpY6Dj/view?usp=drivesdk
non_adherents;Sime_fiches_techniques_FRA-DE_et_pieces_detachees;Aspersion;Canon;Pièces détachées;Ranger_FRADE.pdf;FOURNISEURS NON ADHERENTS MAIS FICHE TECHNIQUE OUF/Sime_fiches_techniques_FRA-DE_et_pieces_detachees/Fiches_techniques_FRA-DE;application/pdf;695611;1-T2QYwlQxKt2X7EkZTekmrESHRFvmnU6;https://drive.google.com/file/d/1-T2QYwlQxKt2X7EkZTekmrESHRFvmnU6/view?usp=drivesdk
non_adherents;Sime_fiches_techniques_FRA-DE_et_pieces_detachees;Aspersion;Canon;Pièces détachées;Reflex_FRADE.pdf;FOURNISEURS NON ADHERENTS MAIS FICHE TECHNIQUE OUF/Sime_fiches_techniques_FRA-DE_et_pieces_detachees/Fiches_techniques_FRA-DE;application/pdf;732704;1KqgV2ntI9QO6kb3q6LE54VM2fRD2gwnJ;https://drive.google.com/file/d/1KqgV2ntI9QO6kb3q6LE54VM2fRD2gwnJ/view?usp=drivesdk
non_adherents;Sime_fiches_techniques_FRA-DE_et_pieces_detachees;Aspersion;Canon;Pièces détachées;Rotorkit_FRADE.pdf;FOURNISEURS NON ADHERENTS MAIS FICHE TECHNIQUE OUF/Sime_fiches_techniques_FRA-DE_et_pieces_detachees/Fiches_techniques_FRA-DE;application/pdf;1492822;1ptHMU88KEXxAZtl89TIrAEp2j7kJZF3y;https://drive.google.com/file/d/1ptHMU88KEXxAZtl89TIrAEp2j7kJZF3y/view?usp=drivesdk
non_adherents;Sime_fiches_techniques_FRA-DE_et_pieces_detachees;Aspersion;Canon;Pièces détachées;Royal44_FRA-DE.pdf;FOURNISEURS NON ADHERENTS MAIS FICHE TECHNIQUE OUF/Sime_fiches_techniques_FRA-DE_et_pieces_detachees/Fiches_techniques_FRA-DE;application/pdf;428917;1D-6CLl8uTqOH_nlQ5EgMK7oTUcS346lm;https://drive.google.com/file/d/1D-6CLl8uTqOH_nlQ5EgMK7oTUcS346lm/view?usp=drivesdk
non_adherents;Sime_fiches_techniques_FRA-DE_et_pieces_detachees;Aspersion;Canon;Pièces détachées;Royal_FRADE.pdf;FOURNISEURS NON ADHERENTS MAIS FICHE TECHNIQUE OUF/Sime_fiches_techniques_FRA-DE_et_pieces_detachees/Fiches_techniques_FRA-DE;application/pdf;716675;1hN3s7zK4t22L0LPFkYmHhLdGIjoOsdLy;https://drive.google.com/file/d/1hN3s7zK4t22L0LPFkYmHhLdGIjoOsdLy/view?usp=drivesdk
non_adherents;Sime_fiches_techniques_FRA-DE_et_pieces_detachees;Aspersion;Canon;Pièces détachées;Senior_FRADE.pdf;FOURNISEURS NON ADHERENTS MAIS FICHE TECHNIQUE OUF/Sime_fiches_techniques_FRA-DE_et_pieces_detachees/Fiches_techniques_FRA-DE;application/pdf;675397;1YQWDXmOyNeYy8F_z0Vmc7g4cMkHacfA5;https://drive.google.com/file/d/1YQWDXmOyNeYy8F_z0Vmc7g4cMkHacfA5/view?usp=drivesdk
non_adherents;Sime_fiches_techniques_FRA-DE_et_pieces_detachees;Aspersion;Canon;Pièces détachées;Silver_FRADE.pdf;FOURNISEURS NON ADHERENTS MAIS FICHE TECHNIQUE OUF/Sime_fiches_techniques_FRA-DE_et_pieces_detachees/Fiches_techniques_FRA-DE;application/pdf;645667;1Sa76eR1-6gFPJDCdfRjuLheN1Jxi3PRw;https://drive.google.com/file/d/1Sa76eR1-6gFPJDCdfRjuLheN1Jxi3PRw/view?usp=drivesdk
non_adherents;Sime_fiches_techniques_FRA-DE_et_pieces_detachees;Aspersion;Canon;Pièces détachées;Skipper_FRADE.pdf;FOURNISEURS NON ADHERENTS MAIS FICHE TECHNIQUE OUF/Sime_fiches_techniques_FRA-DE_et_pieces_detachees/Fiches_techniques_FRA-DE;application/pdf;926398;1vGQCt9rz7Ar-fc98HnRQTkl0kCZ7zMER;https://drive.google.com/file/d/1vGQCt9rz7Ar-fc98HnRQTkl0kCZ7zMER/view?usp=drivesdk
non_adherents;Sime_fiches_techniques_FRA-DE_et_pieces_detachees;Aspersion;Canon;Pièces détachées;Sportgun_FRADE.pdf;FOURNISEURS NON ADHERENTS MAIS FICHE TECHNIQUE OUF/Sime_fiches_techniques_FRA-DE_et_pieces_detachees/Fiches_techniques_FRA-DE;application/pdf;675650;1WJWw8flvD3VAkzbqDJvG5zaFdbA1c3_1;https://drive.google.com/file/d/1WJWw8flvD3VAkzbqDJvG5zaFdbA1c3_1/view?usp=drivesdk
non_adherents;Sime_fiches_techniques_FRA-DE_et_pieces_detachees;Aspersion;Canon;Pièces détachées;Spring__FRADE.pdf;FOURNISEURS NON ADHERENTS MAIS FICHE TECHNIQUE OUF/Sime_fiches_techniques_FRA-DE_et_pieces_detachees/Fiches_techniques_FRA-DE;application/pdf;659079;1Tu8Sx9BvP4A1TuYWfiuSmUrjAGaUs6dC;https://drive.google.com/file/d/1Tu8Sx9BvP4A1TuYWfiuSmUrjAGaUs6dC/view?usp=drivesdk
non_adherents;Sime_fiches_techniques_FRA-DE_et_pieces_detachees;Aspersion;Canon;Pièces détachées;Synkro_FRADE.pdf;FOURNISEURS NON ADHERENTS MAIS FICHE TECHNIQUE OUF/Sime_fiches_techniques_FRA-DE_et_pieces_detachees/Fiches_techniques_FRA-DE;application/pdf;696789;149jmWEguQjrAcMGlORr-NmpRRg3kQoNi;https://drive.google.com/file/d/149jmWEguQjrAcMGlORr-NmpRRg3kQoNi/view?usp=drivesdk
non_adherents;Sime_fiches_techniques_FRA-DE_et_pieces_detachees;Aspersion;Canon;Pièces détachées;Syrio_FRADE.pdf;FOURNISEURS NON ADHERENTS MAIS FICHE TECHNIQUE OUF/Sime_fiches_techniques_FRA-DE_et_pieces_detachees/Fiches_techniques_FRA-DE;application/pdf;694178;1wIVt9_lLRLCXT7merOkhcXpBHZjC3yZJ;https://drive.google.com/file/d/1wIVt9_lLRLCXT7merOkhcXpBHZjC3yZJ/view?usp=drivesdk
non_adherents;Sime_fiches_techniques_FRA-DE_et_pieces_detachees;Aspersion;Canon;Pièces détachées;Teknik_FRADE.pdf;FOURNISEURS NON ADHERENTS MAIS FICHE TECHNIQUE OUF/Sime_fiches_techniques_FRA-DE_et_pieces_detachees/Fiches_techniques_FRA-DE;application/pdf;677878;1AhnonYoc2p9FLXGCe8TWE6flf35Ivlhm;https://drive.google.com/file/d/1AhnonYoc2p9FLXGCe8TWE6flf35Ivlhm/view?usp=drivesdk
non_adherents;Sime_fiches_techniques_FRA-DE_et_pieces_detachees;Aspersion;Canon;Pièces détachées;Wing_FRADE.pdf;FOURNISEURS NON ADHERENTS MAIS FICHE TECHNIQUE OUF/Sime_fiches_techniques_FRA-DE_et_pieces_detachees/Fiches_techniques_FRA-DE;application/pdf;697577;1MPCjXFUKZdubCEMHyZmKIfTKN5hrKkDe;https://drive.google.com/file/d/1MPCjXFUKZdubCEMHyZmKIfTKN5hrKkDe/view?usp=drivesdk
non_adherents;Sime_fiches_techniques_FRA-DE_et_pieces_detachees;Aspersion;Canon;Pièces détachées;Zenit_FRADE.pdf;FOURNISEURS NON ADHERENTS MAIS FICHE TECHNIQUE OUF/Sime_fiches_techniques_FRA-DE_et_pieces_detachees/Fiches_techniques_FRA-DE;application/pdf;642207;10YjXN39bo6E57NsXgE9ylrThV-mMhZ03;https://drive.google.com/file/d/10YjXN39bo6E57NsXgE9ylrThV-mMhZ03/view?usp=drivesdk
non_adherents;Sime_fiches_techniques_FRA-DE_et_pieces_detachees;Aspersion;Canon;Pièces détachées;Zenitteso_FRADE.pdf;FOURNISEURS NON ADHERENTS MAIS FICHE TECHNIQUE OUF/Sime_fiches_techniques_FRA-DE_et_pieces_detachees/Fiches_techniques_FRA-DE;application/pdf;658795;1BXCylpgT42_c3lHCxMJhl0H3a1GoJuuW;https://drive.google.com/file/d/1BXCylpgT42_c3lHCxMJhl0H3a1GoJuuW/view?usp=drivesdk
non_adherents;Sime_fiches_techniques_FRA-DE_et_pieces_detachees;Aspersion;Canon;Pièces détachées;juniorteso_FRADE.pdf;FOURNISEURS NON ADHERENTS MAIS FICHE TECHNIQUE OUF/Sime_fiches_techniques_FRA-DE_et_pieces_detachees/Fiches_techniques_FRA-DE;application/pdf;686903;1WmKSemfM8J1-3M_gYrWi2mEK991RMxfP;https://drive.google.com/file/d/1WmKSemfM8J1-3M_gYrWi2mEK991RMxfP/view?usp=drivesdk
non_adherents;Sime_fiches_techniques_FRA-DE_et_pieces_detachees;Aspersion;Canon;Pièces détachées;k1_FRADE.pdf;FOURNISEURS NON ADHERENTS MAIS FICHE TECHNIQUE OUF/Sime_fiches_techniques_FRA-DE_et_pieces_detachees/Fiches_techniques_FRA-DE;application/pdf;677720;11MlRSd_in5TwC6Cqbdn0yflQpNyaIlJ2;https://drive.google.com/file/d/11MlRSd_in5TwC6Cqbdn0yflQpNyaIlJ2/view?usp=drivesdk
non_adherents;Sime_fiches_techniques_FRA-DE_et_pieces_detachees;Aspersion;Canon;Pièces détachées;k1teso_FRADE.pdf;FOURNISEURS NON ADHERENTS MAIS FICHE TECHNIQUE OUF/Sime_fiches_techniques_FRA-DE_et_pieces_detachees/Fiches_techniques_FRA-DE;application/pdf;703439;1fa_oKnLk5enidc-bQjcmNJ0VxbqPfD3P;https://drive.google.com/file/d/1fa_oKnLk5enidc-bQjcmNJ0VxbqPfD3P/view?usp=drivesdk
non_adherents;Sime_fiches_techniques_FRA-DE_et_pieces_detachees;Aspersion;Canon;Pièces détachées;AMBO.pdf;FOURNISEURS NON ADHERENTS MAIS FICHE TECHNIQUE OUF/Sime_fiches_techniques_FRA-DE_et_pieces_detachees/Pieces_detachees;application/pdf;782371;1FUdfDMcBfaVBOZGu8NCb_VCGsT4sX58u;https://drive.google.com/file/d/1FUdfDMcBfaVBOZGu8NCb_VCGsT4sX58u/view?usp=drivesdk
non_adherents;Sime_fiches_techniques_FRA-DE_et_pieces_detachees;Aspersion;Canon;Pièces détachées;DUPLEX.pdf;FOURNISEURS NON ADHERENTS MAIS FICHE TECHNIQUE OUF/Sime_fiches_techniques_FRA-DE_et_pieces_detachees/Pieces_detachees;application/pdf;1043150;1fbTZ5imXDX4WUzplKg6NjnioVDg69MDB;https://drive.google.com/file/d/1fbTZ5imXDX4WUzplKg6NjnioVDg69MDB/view?usp=drivesdk
non_adherents;Sime_fiches_techniques_FRA-DE_et_pieces_detachees;Aspersion;Canon;Pièces détachées;ELEKTRORAIN.pdf;FOURNISEURS NON ADHERENTS MAIS FICHE TECHNIQUE OUF/Sime_fiches_techniques_FRA-DE_et_pieces_detachees/Pieces_detachees;application/pdf;654630;1lCkEOXqXs-gTwvccQnZ44SsOwdXTBkcV;https://drive.google.com/file/d/1lCkEOXqXs-gTwvccQnZ44SsOwdXTBkcV/view?usp=drivesdk
non_adherents;Sime_fiches_techniques_FRA-DE_et_pieces_detachees;Aspersion;Canon;Pièces détachées;EXTRALEVER.pdf;FOURNISEURS NON ADHERENTS MAIS FICHE TECHNIQUE OUF/Sime_fiches_techniques_FRA-DE_et_pieces_detachees/Pieces_detachees;application/pdf;367901;13sy4ZRmnzBqsniY2ySmqQv0NnQ8ZsMKg;https://drive.google.com/file/d/13sy4ZRmnzBqsniY2ySmqQv0NnQ8ZsMKg/view?usp=drivesdk
non_adherents;Sime_fiches_techniques_FRA-DE_et_pieces_detachees;Aspersion;Canon;Pièces détachées;FUNNY.pdf;FOURNISEURS NON ADHERENTS MAIS FICHE TECHNIQUE OUF/Sime_fiches_techniques_FRA-DE_et_pieces_detachees/Pieces_detachees;application/pdf;458839;10yoVV4XHEuNW4FbykttcfBWztp9UiZFj;https://drive.google.com/file/d/10yoVV4XHEuNW4FbykttcfBWztp9UiZFj/view?usp=drivesdk
non_adherents;Sime_fiches_techniques_FRA-DE_et_pieces_detachees;Aspersion;Canon;Pièces détachées;GREENMAP.pdf;FOURNISEURS NON ADHERENTS MAIS FICHE TECHNIQUE OUF/Sime_fiches_techniques_FRA-DE_et_pieces_detachees/Pieces_detachees;application/pdf;671435;1CFCQy6D4VtmUq9BYuaKZGctC_dThkUwG;https://drive.google.com/file/d/1CFCQy6D4VtmUq9BYuaKZGctC_dThkUwG/view?usp=drivesdk
non_adherents;Sime_fiches_techniques_FRA-DE_et_pieces_detachees;Aspersion;Canon;Pièces détachées;HIDRA.pdf;FOURNISEURS NON ADHERENTS MAIS FICHE TECHNIQUE OUF/Sime_fiches_techniques_FRA-DE_et_pieces_detachees/Pieces_detachees;application/pdf;627749;1qItyhYf4hgNVWHrHkBfvOHB-oHA0w9CN;https://drive.google.com/file/d/1qItyhYf4hgNVWHrHkBfvOHB-oHA0w9CN/view?usp=drivesdk
non_adherents;Sime_fiches_techniques_FRA-DE_et_pieces_detachees;Aspersion;Canon;Pièces détachées;IBIS.pdf;FOURNISEURS NON ADHERENTS MAIS FICHE TECHNIQUE OUF/Sime_fiches_techniques_FRA-DE_et_pieces_detachees/Pieces_detachees;application/pdf;484336;1M54njOOfqtJMKMl8ZwK1vULhP9iaTgaK;https://drive.google.com/file/d/1M54njOOfqtJMKMl8ZwK1vULhP9iaTgaK/view?usp=drivesdk
non_adherents;Sime_fiches_techniques_FRA-DE_et_pieces_detachees;Aspersion;Canon;Pièces détachées;JOLLY.pdf;FOURNISEURS NON ADHERENTS MAIS FICHE TECHNIQUE OUF/Sime_fiches_techniques_FRA-DE_et_pieces_detachees/Pieces_detachees;application/pdf;735274;1TRLRhUmbRVC_4Y7WV88uHxm1cNeN2XXg;https://drive.google.com/file/d/1TRLRhUmbRVC_4Y7WV88uHxm1cNeN2XXg/view?usp=drivesdk
non_adherents;Sime_fiches_techniques_FRA-DE_et_pieces_detachees;Aspersion;Canon;Pièces détachées;JUMBO.pdf;FOURNISEURS NON ADHERENTS MAIS FICHE TECHNIQUE OUF/Sime_fiches_techniques_FRA-DE_et_pieces_detachees/Pieces_detachees;application/pdf;478354;1BpxxXS-1umCF5f2xYmOmshybl-njYxyB;https://drive.google.com/file/d/1BpxxXS-1umCF5f2xYmOmshybl-njYxyB/view?usp=drivesdk
non_adherents;Sime_fiches_techniques_FRA-DE_et_pieces_detachees;Aspersion;Canon;Pièces détachées;JUNIOR TESO.pdf;FOURNISEURS NON ADHERENTS MAIS FICHE TECHNIQUE OUF/Sime_fiches_techniques_FRA-DE_et_pieces_detachees/Pieces_detachees;application/pdf;330201;1djyNajhbkIxYgwzXSbKpqYzcA4JMz7-E;https://drive.google.com/file/d/1djyNajhbkIxYgwzXSbKpqYzcA4JMz7-E/view?usp=drivesdk
non_adherents;Sime_fiches_techniques_FRA-DE_et_pieces_detachees;Aspersion;Canon;Pièces détachées;JUNIOR.pdf;FOURNISEURS NON ADHERENTS MAIS FICHE TECHNIQUE OUF/Sime_fiches_techniques_FRA-DE_et_pieces_detachees/Pieces_detachees;application/pdf;321646;1lztl0HhLwLPLV-S4DmbOzgFcPwvrOxDs;https://drive.google.com/file/d/1lztl0HhLwLPLV-S4DmbOzgFcPwvrOxDs/view?usp=drivesdk
non_adherents;Sime_fiches_techniques_FRA-DE_et_pieces_detachees;Aspersion;Canon;Pièces détachées;K1.pdf;FOURNISEURS NON ADHERENTS MAIS FICHE TECHNIQUE OUF/Sime_fiches_techniques_FRA-DE_et_pieces_detachees/Pieces_detachees;application/pdf;930198;1OfX-YuX-3kfCQimrr1yknyhoxvsHS2dz;https://drive.google.com/file/d/1OfX-YuX-3kfCQimrr1yknyhoxvsHS2dz/view?usp=drivesdk
non_adherents;Sime_fiches_techniques_FRA-DE_et_pieces_detachees;Aspersion;Canon;Pièces détachées;K1TESO.pdf;FOURNISEURS NON ADHERENTS MAIS FICHE TECHNIQUE OUF/Sime_fiches_techniques_FRA-DE_et_pieces_detachees/Pieces_detachees;application/pdf;557296;18LSWhjo4XVMkEDcHYgBNErKWVJBotHNf;https://drive.google.com/file/d/18LSWhjo4XVMkEDcHYgBNErKWVJBotHNf/view?usp=drivesdk
non_adherents;Sime_fiches_techniques_FRA-DE_et_pieces_detachees;Aspersion;Canon;Pièces détachées;KOALA.pdf;FOURNISEURS NON ADHERENTS MAIS FICHE TECHNIQUE OUF/Sime_fiches_techniques_FRA-DE_et_pieces_detachees/Pieces_detachees;application/pdf;561709;168Q1ByUkbWVCEl4gK2Ju8rDxHgG-fXbV;https://drive.google.com/file/d/168Q1ByUkbWVCEl4gK2Ju8rDxHgG-fXbV/view?usp=drivesdk
non_adherents;Sime_fiches_techniques_FRA-DE_et_pieces_detachees;Aspersion;Canon;Pièces détachées;MULTIANGLES.pdf;FOURNISEURS NON ADHERENTS MAIS FICHE TECHNIQUE OUF/Sime_fiches_techniques_FRA-DE_et_pieces_detachees/Pieces_detachees;application/pdf;513020;1aD2QOXqe4kljXgDnA4Z31Knhpj1TQ5Z7;https://drive.google.com/file/d/1aD2QOXqe4kljXgDnA4Z31Knhpj1TQ5Z7/view?usp=drivesdk
non_adherents;Sime_fiches_techniques_FRA-DE_et_pieces_detachees;Aspersion;Canon;Pièces détachées;ROYAL_44.pdf;FOURNISEURS NON ADHERENTS MAIS FICHE TECHNIQUE OUF/Sime_fiches_techniques_FRA-DE_et_pieces_detachees/Pieces_detachees;application/pdf;2731812;1MGbL4VlF0Z9qEhPT3L5da45wSCOcqR3A;https://drive.google.com/file/d/1MGbL4VlF0Z9qEhPT3L5da45wSCOcqR3A/view?usp=drivesdk
non_adherents;Sime_fiches_techniques_FRA-DE_et_pieces_detachees;Aspersion;Canon;Pièces détachées;SENIOR.pdf;FOURNISEURS NON ADHERENTS MAIS FICHE TECHNIQUE OUF/Sime_fiches_techniques_FRA-DE_et_pieces_detachees/Pieces_detachees;application/pdf;918727;18sQssuVTu0pdYsrU-smI2M5qdZqF3bLK;https://drive.google.com/file/d/18sQssuVTu0pdYsrU-smI2M5qdZqF3bLK/view?usp=drivesdk
non_adherents;Sime_fiches_techniques_FRA-DE_et_pieces_detachees;Aspersion;Canon;Pièces détachées;SILVER.pdf;FOURNISEURS NON ADHERENTS MAIS FICHE TECHNIQUE OUF/Sime_fiches_techniques_FRA-DE_et_pieces_detachees/Pieces_detachees;application/pdf;95018;1N0x9bVz6nABqJik1UD0oo2_7oHrR_sQf;https://drive.google.com/file/d/1N0x9bVz6nABqJik1UD0oo2_7oHrR_sQf/view?usp=drivesdk
non_adherents;Sime_fiches_techniques_FRA-DE_et_pieces_detachees;Aspersion;Canon;Pièces détachées;SKIPPER.pdf;FOURNISEURS NON ADHERENTS MAIS FICHE TECHNIQUE OUF/Sime_fiches_techniques_FRA-DE_et_pieces_detachees/Pieces_detachees;application/pdf;2556795;1irYEAIo9nJC9Ab95cGVdKH-hjPD4sVfV;https://drive.google.com/file/d/1irYEAIo9nJC9Ab95cGVdKH-hjPD4sVfV/view?usp=drivesdk
non_adherents;Sime_fiches_techniques_FRA-DE_et_pieces_detachees;Aspersion;Canon;Pièces détachées;SLIDEWAY.pdf;FOURNISEURS NON ADHERENTS MAIS FICHE TECHNIQUE OUF/Sime_fiches_techniques_FRA-DE_et_pieces_detachees/Pieces_detachees;application/pdf;736492;1lgFzQAqgXVW56vn3f5xMLNuVZtpFHz-w;https://drive.google.com/file/d/1lgFzQAqgXVW56vn3f5xMLNuVZtpFHz-w/view?usp=drivesdk
non_adherents;Sime_fiches_techniques_FRA-DE_et_pieces_detachees;Aspersion;Canon;Pièces détachées;SPRING.pdf;FOURNISEURS NON ADHERENTS MAIS FICHE TECHNIQUE OUF/Sime_fiches_techniques_FRA-DE_et_pieces_detachees/Pieces_detachees;application/pdf;83759;1hNoFY7MmXeLRkg9wOzyhOAh-wOaq2w6l;https://drive.google.com/file/d/1hNoFY7MmXeLRkg9wOzyhOAh-wOaq2w6l/view?usp=drivesdk
non_adherents;Sime_fiches_techniques_FRA-DE_et_pieces_detachees;Aspersion;Canon;Pièces détachées;Slitta da giardino.pdf;FOURNISEURS NON ADHERENTS MAIS FICHE TECHNIQUE OUF/Sime_fiches_techniques_FRA-DE_et_pieces_detachees/Pieces_detachees;application/pdf;98874;1K3VHBRjaEY0NPVFjej9xgB9tH4OA208S;https://drive.google.com/file/d/1K3VHBRjaEY0NPVFjej9xgB9tH4OA208S/view?usp=drivesdk
non_adherents;Sime_fiches_techniques_FRA-DE_et_pieces_detachees;Aspersion;Canon;Pièces détachées;ZENITH.pdf;FOURNISEURS NON ADHERENTS MAIS FICHE TECHNIQUE OUF/Sime_fiches_techniques_FRA-DE_et_pieces_detachees/Pieces_detachees;application/pdf;142839;1yeDpLaB5ApOmgGVUAMXmAoOHngl06a6l;https://drive.google.com/file/d/1yeDpLaB5ApOmgGVUAMXmAoOHngl06a6l/view?usp=drivesdk
plateforme;ELYDAN;Tuyaux et raccords (réseau);Tube PE;Fiche technique;FT-IRR-080 - TUBSER TUBE PEHD POUR CHAUFFAGE DE SERRE.pdf;FICHES TECHNIQUES PLATEFORME CULTIVEAU/ELYDAN;application/pdf;310791;1HJyWOSASP2PwWkjSJrpjj0fKMx4uEkPd;https://drive.google.com/file/d/1HJyWOSASP2PwWkjSJrpjj0fKMx4uEkPd/view?usp=drivesdk
plateforme;ELYDAN;Tuyaux et raccords (réseau);Tube PE;Fiche technique;FT-IRR-077 - POLYTER TUBE PEBD IRRIGATION.pdf;FICHES TECHNIQUES PLATEFORME CULTIVEAU/ELYDAN;application/pdf;314151;1frzUe8PiLKhqfCkf7440MPyY1Rbzm1pJ;https://drive.google.com/file/d/1frzUe8PiLKhqfCkf7440MPyY1Rbzm1pJ/view?usp=drivesdk
plateforme;ELYDAN;Goutte à goutte / micro-irrigation;Gaine / goutteur;Fiche technique;FT-IRR-076 - DRIPTER TUBE PEBD MICRO-IRRIGATION.pdf;FICHES TECHNIQUES PLATEFORME CULTIVEAU/ELYDAN;application/pdf;300555;1XBzfjfs6AzRW-X18nxX9R_qHJTJDurTJ;https://drive.google.com/file/d/1XBzfjfs6AzRW-X18nxX9R_qHJTJDurTJ/view?usp=drivesdk
plateforme;ELYDAN;Tuyaux et raccords (réseau);Tube PE;Fiche technique;FT-IRR-079 - GREEN100 TUBE PE100RC ARROSAGE.pdf;FICHES TECHNIQUES PLATEFORME CULTIVEAU/ELYDAN;application/pdf;508925;1ZpAKnl4D1hVU1o8f-2W7JE9QJ66cjaXb;https://drive.google.com/file/d/1ZpAKnl4D1hVU1o8f-2W7JE9QJ66cjaXb/view?usp=drivesdk
plateforme;ELYDAN;Goutte à goutte / micro-irrigation;Gaine / goutteur;Fiche technique;FT-IRR-078 - DRIPTENE TUBE PEHD IRRIGATION.pdf;FICHES TECHNIQUES PLATEFORME CULTIVEAU/ELYDAN;application/pdf;352441;1IO4rqx1TA5vLiRsi8S-fq44cqQlwXVep;https://drive.google.com/file/d/1IO4rqx1TA5vLiRsi8S-fq44cqQlwXVep/view?usp=drivesdk
plateforme;ATUSA;Filtration;Filtre;Fiche technique;FILTRE FT RÉF. 565.pdf;FICHES TECHNIQUES PLATEFORME CULTIVEAU/ATUSA;application/pdf;299207;1ND2W7N-b0x08C6K2EbaHqb8fAQiKWDq2;https://drive.google.com/file/d/1ND2W7N-b0x08C6K2EbaHqb8fAQiKWDq2/view?usp=drivesdk
plateforme;ATUSA;Tuyaux et raccords (réseau);Bride / joint / boulonnerie;Fiche technique;FT BRIDE EMBOUTIE INOX AISI 316L EN 10028-7.pdf;FICHES TECHNIQUES PLATEFORME CULTIVEAU/ATUSA;application/pdf;301791;19Rg9FP6J5ye83rJNPp369CcqJFKeqt5F;https://drive.google.com/file/d/19Rg9FP6J5ye83rJNPp369CcqJFKeqt5F/view?usp=drivesdk
plateforme;ATUSA;À classer;;Fiche technique;FT COURBES 5D 90º EN  10253-2 GALVANISÉ.pdf;FICHES TECHNIQUES PLATEFORME CULTIVEAU/ATUSA;application/pdf;407981;1dyhzyZi2JYtNKji3_rRAc9LxWprolbjx;https://drive.google.com/file/d/1dyhzyZi2JYtNKji3_rRAc9LxWprolbjx/view?usp=drivesdk
plateforme;ATUSA;Tuyaux et raccords (réseau);Raccord laiton;Fiche technique;FT LAITON FIG. 90R.pdf;FICHES TECHNIQUES PLATEFORME CULTIVEAU/ATUSA;application/pdf;391945;1naDJyg9qKKkm6ETRelV_rkxpvZkKQTT3;https://drive.google.com/file/d/1naDJyg9qKKkm6ETRelV_rkxpvZkKQTT3/view?usp=drivesdk
plateforme;ATUSA;Tuyaux et raccords (réseau);Raccord laiton;Fiche technique;FT LAITON PER COUDE APPLIQUE.pdf;FICHES TECHNIQUES PLATEFORME CULTIVEAU/ATUSA;application/pdf;557395;1HvYOMLbtvoUoaSACDkS5DngGIQcE8T3B;https://drive.google.com/file/d/1HvYOMLbtvoUoaSACDkS5DngGIQcE8T3B/view?usp=drivesdk
plateforme;ATUSA;Tuyaux et raccords (réseau);Raccord inox / acier;Fiche technique;FT TÉ INOX AISI 316 DIN 11852 SERIE 1.pdf;FICHES TECHNIQUES PLATEFORME CULTIVEAU/ATUSA;application/pdf;235076;1_m2r6xPYHVfDv1asp7HGeQHogR-KFHBA;https://drive.google.com/file/d/1_m2r6xPYHVfDv1asp7HGeQHogR-KFHBA/view?usp=drivesdk
plateforme;ATUSA;Tuyaux et raccords (réseau);Raccord inox / acier;Fiche technique;FT TÉ INOX AISI 304L DIN 11852 SERIE 2.pdf;FICHES TECHNIQUES PLATEFORME CULTIVEAU/ATUSA;application/pdf;208745;1I0-E5ZBz1OVXIfGu_Iyc_BC_RG_we5xl;https://drive.google.com/file/d/1I0-E5ZBz1OVXIfGu_Iyc_BC_RG_we5xl/view?usp=drivesdk
plateforme;ATUSA;Tuyaux et raccords (réseau);Vanne;Fiche technique;FT VANNE À OPERCULE REF. 503.pdf;FICHES TECHNIQUES PLATEFORME CULTIVEAU/ATUSA;application/pdf;341658;1gNYeyu8_4hXAbOCzlCbGFdWdrjJCf9RB;https://drive.google.com/file/d/1gNYeyu8_4hXAbOCzlCbGFdWdrjJCf9RB/view?usp=drivesdk
plateforme;ATUSA;Tuyaux et raccords (réseau);Vanne;Fiche technique;FT VANNE À SPHÈRE POIGNÉE INOX REF. 50_I.pdf;FICHES TECHNIQUES PLATEFORME CULTIVEAU/ATUSA;application/pdf;807187;1EcM-UvVhj2x_RYyig7udognuITl9ZPYW;https://drive.google.com/file/d/1EcM-UvVhj2x_RYyig7udognuITl9ZPYW/view?usp=drivesdk
plateforme;ATUSA;Filtration;Filtre;Fiche technique;FILTRE FT RÉF. 565 (1).pdf;FICHES TECHNIQUES PLATEFORME CULTIVEAU/ATUSA;application/pdf;299207;1qSsdfwB-7LeeaBocPuemezKsk6fxwczO;https://drive.google.com/file/d/1qSsdfwB-7LeeaBocPuemezKsk6fxwczO/view?usp=drivesdk
plateforme;ATUSA;Tuyaux et raccords (réseau);Raccord laiton;Fiche technique;FT LAITON FIG. 245 NICKELÉE.pdf;FICHES TECHNIQUES PLATEFORME CULTIVEAU/ATUSA;application/pdf;320997;1x8025dRQD2gkhrFc5KYbMDjFOb5ppRnz;https://drive.google.com/file/d/1x8025dRQD2gkhrFc5KYbMDjFOb5ppRnz/view?usp=drivesdk
plateforme;ATUSA;Tuyaux et raccords (réseau);Raccord laiton;Fiche technique;FT LAITON RONCAL COUDE MÂLE.pdf;FICHES TECHNIQUES PLATEFORME CULTIVEAU/ATUSA;application/pdf;280057;1er2efr6UF23QccptlZ0UDiGscopILCc6;https://drive.google.com/file/d/1er2efr6UF23QccptlZ0UDiGscopILCc6/view?usp=drivesdk
plateforme;ATUSA;Tuyaux et raccords (réseau);Raccord inox / acier;Fiche technique;FT RÉDUCTION CONCENTRIQUE INOX AISI 304L SCH 10S (1).pdf;FICHES TECHNIQUES PLATEFORME CULTIVEAU/ATUSA;application/pdf;483028;1ttxV3ifRK2ECcWGDIXYl3x_-JyH0T4qB;https://drive.google.com/file/d/1ttxV3ifRK2ECcWGDIXYl3x_-JyH0T4qB/view?usp=drivesdk
plateforme;ATUSA;Tuyaux et raccords (réseau);Vanne;Fiche technique;FT VANNE À SPHÈRE RÉF. 1012.pdf;FICHES TECHNIQUES PLATEFORME CULTIVEAU/ATUSA;application/pdf;649940;1MzTlNKru9EqPSpgZSD6hdb52QTmhOEXm;https://drive.google.com/file/d/1MzTlNKru9EqPSpgZSD6hdb52QTmhOEXm/view?usp=drivesdk
plateforme;ATUSA;Tuyaux et raccords (réseau);Vanne;Fiche technique;FT VANNE RÉF. 901 (1).pdf;FICHES TECHNIQUES PLATEFORME CULTIVEAU/ATUSA;application/pdf;4581356;15Iekp93gXl_RBsTzykyBoW8KyYdsryYp;https://drive.google.com/file/d/15Iekp93gXl_RBsTzykyBoW8KyYdsryYp/view?usp=drivesdk
plateforme;ATUSA;Tuyaux et raccords (réseau);Clapet / purge / ventouse;Fiche technique;FT CLAPET DE RETENUE REF. 560.pdf;FICHES TECHNIQUES PLATEFORME CULTIVEAU/ATUSA;application/pdf;386289;1b6cNKjCroruXfIOPC-Fkfda4pkb9J4tN;https://drive.google.com/file/d/1b6cNKjCroruXfIOPC-Fkfda4pkb9J4tN/view?usp=drivesdk
plateforme;ATUSA;Fixation / consommables;Fixation;Fiche technique;FT COLLIER RENFORCÉ POUR GAZ.pdf;FICHES TECHNIQUES PLATEFORME CULTIVEAU/ATUSA;application/pdf;240050;1d-rshtFHNvc_aMNqzhvG0e8uFxEZ75FT;https://drive.google.com/file/d/1d-rshtFHNvc_aMNqzhvG0e8uFxEZ75FT/view?usp=drivesdk
plateforme;ATUSA;Tuyaux et raccords (réseau);Raccord inox / acier;Fiche technique;FT COUDE 90º INOX AISI 316L MILLIMÉTRIQUE (1).pdf;FICHES TECHNIQUES PLATEFORME CULTIVEAU/ATUSA;application/pdf;404475;1IxJJYZ4wH6ldNzlTfP46ECj-xH3Zwa6y;https://drive.google.com/file/d/1IxJJYZ4wH6ldNzlTfP46ECj-xH3Zwa6y/view?usp=drivesdk
plateforme;ATUSA;Tuyaux et raccords (réseau);Raccord laiton;Fiche technique;FT LAITON FIG. 341.pdf;FICHES TECHNIQUES PLATEFORME CULTIVEAU/ATUSA;application/pdf;351330;16HhdhbVDLp1cfAE5PJWgf9jMu8YkDxHC;https://drive.google.com/file/d/16HhdhbVDLp1cfAE5PJWgf9jMu8YkDxHC/view?usp=drivesdk
plateforme;ATUSA;Tuyaux et raccords (réseau);Raccord laiton;Fiche technique;FT LAITON FIG. 529H NICKELÉE.pdf;FICHES TECHNIQUES PLATEFORME CULTIVEAU/ATUSA;application/pdf;250771;1a4xI9edhNTZoTLPY-k6IIW7qi4fqNDJw;https://drive.google.com/file/d/1a4xI9edhNTZoTLPY-k6IIW7qi4fqNDJw/view?usp=drivesdk
plateforme;ATUSA;Tuyaux et raccords (réseau);Mesure;Fiche technique;FT THERMOMÈTRE REF. 650.pdf;FICHES TECHNIQUES PLATEFORME CULTIVEAU/ATUSA;application/pdf;290133;1ELNmCnmulkcwhJvPPS_tddrQBsR1BmWe;https://drive.google.com/file/d/1ELNmCnmulkcwhJvPPS_tddrQBsR1BmWe/view?usp=drivesdk
plateforme;ATUSA;Tuyaux et raccords (réseau);Vanne;Fiche technique;FT VANNE À SPHÈRE RÉF. 355.pdf;FICHES TECHNIQUES PLATEFORME CULTIVEAU/ATUSA;application/pdf;684246;1nfo9Sf1r2ScF8hJKlov2b0pNTD7bKsU2;https://drive.google.com/file/d/1nfo9Sf1r2ScF8hJKlov2b0pNTD7bKsU2/view?usp=drivesdk
plateforme;ATUSA;Tuyaux et raccords (réseau);Vanne;Fiche technique;FT VANNE RÉF. 570 (1).pdf;FICHES TECHNIQUES PLATEFORME CULTIVEAU/ATUSA;application/pdf;592206;1MViUs83onAmH330DOy4FGlxkislnM5rR;https://drive.google.com/file/d/1MViUs83onAmH330DOy4FGlxkislnM5rR/view?usp=drivesdk
plateforme;ATUSA;Tuyaux et raccords (réseau);Tube PVC;Fiche technique;FT ADAPTATEUR À TUBE DE BRIDE PVC RÉF. 760.pdf;FICHES TECHNIQUES PLATEFORME CULTIVEAU/ATUSA;application/pdf;236817;12D3X6WBibXbRFhb_oqoACAyirqIeDwf0;https://drive.google.com/file/d/12D3X6WBibXbRFhb_oqoACAyirqIeDwf0/view?usp=drivesdk
plateforme;ATUSA;Tuyaux et raccords (réseau);Raccord inox / acier;Fiche technique;FT BOUCHON INOX AISI 316L SCH 10S (1).pdf;FICHES TECHNIQUES PLATEFORME CULTIVEAU/ATUSA;application/pdf;400171;1SRzRDnlA-yI7xYsy7g6cKm9CneYEqika;https://drive.google.com/file/d/1SRzRDnlA-yI7xYsy7g6cKm9CneYEqika/view?usp=drivesdk
plateforme;ATUSA;Tuyaux et raccords (réseau);Bride / joint / boulonnerie;Fiche technique;FT BRIDE PLAT EN 1092-1 PN 6.pdf;FICHES TECHNIQUES PLATEFORME CULTIVEAU/ATUSA;application/pdf;436403;11CosrveA1Nx6EBh8bYJGzk5NUnuqDB5j;https://drive.google.com/file/d/11CosrveA1Nx6EBh8bYJGzk5NUnuqDB5j/view?usp=drivesdk
plateforme;ATUSA;Tuyaux et raccords (réseau);Bride / joint / boulonnerie;Fiche technique;FT BRIDE PLATE INOX AISI 304L EN 1092-1.pdf;FICHES TECHNIQUES PLATEFORME CULTIVEAU/ATUSA;application/pdf;500766;1-jZZYZHXWR6G8V4Vy1k7SJDH-ykZ4_8M;https://drive.google.com/file/d/1-jZZYZHXWR6G8V4Vy1k7SJDH-ykZ4_8M/view?usp=drivesdk
plateforme;ATUSA;Fixation / consommables;Consommable;Fiche technique;FT COLLET SDR11.pdf;FICHES TECHNIQUES PLATEFORME CULTIVEAU/ATUSA;application/pdf;656095;1YVrsP2Q78T4O9_naFYl_zB4P8UbSPiLA;https://drive.google.com/file/d/1YVrsP2Q78T4O9_naFYl_zB4P8UbSPiLA/view?usp=drivesdk
plateforme;ATUSA;Tuyaux et raccords (réseau);Raccord inox / acier;Fiche technique;FT COURBE GRAND RAYON 180 STD ASTM (1).pdf;FICHES TECHNIQUES PLATEFORME CULTIVEAU/ATUSA;application/pdf;457332;1n4vYw-mzWM7TUln-pOBPK4FcrIkxqn1B;https://drive.google.com/file/d/1n4vYw-mzWM7TUln-pOBPK4FcrIkxqn1B/view?usp=drivesdk
plateforme;ATUSA;Tuyaux et raccords (réseau);Raccord inox / acier;Fiche technique;FT INOX FIG. 245L.pdf;FICHES TECHNIQUES PLATEFORME CULTIVEAU/ATUSA;application/pdf;214978;1PVIU4hSLT1RP6ZX4kZWWfIfXK5cgLaHn;https://drive.google.com/file/d/1PVIU4hSLT1RP6ZX4kZWWfIfXK5cgLaHn/view?usp=drivesdk
plateforme;ATUSA;Tuyaux et raccords (réseau);Raccord laiton;Fiche technique;FT LAITON RONCAL MANCHON.pdf;FICHES TECHNIQUES PLATEFORME CULTIVEAU/ATUSA;application/pdf;211173;1Fb-UeChhyTnqMdI0ThdEtghWCBS1fPlZ;https://drive.google.com/file/d/1Fb-UeChhyTnqMdI0ThdEtghWCBS1fPlZ/view?usp=drivesdk
plateforme;ATUSA;Tuyaux et raccords (réseau);Raccord inox / acier;Fiche technique;FT MALLÉABLE FIG. 40.pdf;FICHES TECHNIQUES PLATEFORME CULTIVEAU/ATUSA;application/pdf;383402;1fzWwg3EuTPymw26X_jkg1Uu8HSNkVAYb;https://drive.google.com/file/d/1fzWwg3EuTPymw26X_jkg1Uu8HSNkVAYb/view?usp=drivesdk
plateforme;ATUSA;Tuyaux et raccords (réseau);Vanne;Fiche technique;FT VANNE RÉF. 950 (1).pdf;FICHES TECHNIQUES PLATEFORME CULTIVEAU/ATUSA;application/pdf;4541689;1JEzBf7SPc1i9BtSsZYFvAE1tcu5I5yxn;https://drive.google.com/file/d/1JEzBf7SPc1i9BtSsZYFvAE1tcu5I5yxn/view?usp=drivesdk
plateforme;ATUSA;Tuyaux et raccords (réseau);Vanne;Fiche technique;FT VANNE À SPHÈRE RÉF. 519.pdf;FICHES TECHNIQUES PLATEFORME CULTIVEAU/ATUSA;application/pdf;581892;1pUp-RAgUK93Zn0HckvKdJof5lQiHBWTx;https://drive.google.com/file/d/1pUp-RAgUK93Zn0HckvKdJof5lQiHBWTx/view?usp=drivesdk
plateforme;ATUSA;Tuyaux et raccords (réseau);Bride / joint / boulonnerie;Fiche technique;FT BRIDE WELDING NECK 300 LBS.pdf;FICHES TECHNIQUES PLATEFORME CULTIVEAU/ATUSA;application/pdf;335892;1H2rjZz4wZki7qyXbM4Se1534OxyoGadn;https://drive.google.com/file/d/1H2rjZz4wZki7qyXbM4Se1534OxyoGadn/view?usp=drivesdk
plateforme;ATUSA;Fixation / consommables;Fixation;Fiche technique;FT COLLIER _EXTRA_.pdf;FICHES TECHNIQUES PLATEFORME CULTIVEAU/ATUSA;application/pdf;311461;1WKKfePF8TkAPbRUsdtJoSbk7ddP3vfjF;https://drive.google.com/file/d/1WKKfePF8TkAPbRUsdtJoSbk7ddP3vfjF/view?usp=drivesdk
plateforme;ATUSA;Tuyaux et raccords (réseau);Raccord inox / acier;Fiche technique;FT MALLÉABLE FIG. 95.pdf;FICHES TECHNIQUES PLATEFORME CULTIVEAU/ATUSA;application/pdf;403415;1oX4l9bheO3f6gbtVySlE2AeHksUc0-mo;https://drive.google.com/file/d/1oX4l9bheO3f6gbtVySlE2AeHksUc0-mo/view?usp=drivesdk
plateforme;ATUSA;Tuyaux et raccords (réseau);Raccord inox / acier;Fiche technique;FT MALLÉABLE FIG. 529.pdf;FICHES TECHNIQUES PLATEFORME CULTIVEAU/ATUSA;application/pdf;379322;1t1eCE9lwMVeRF5CvTZewfX_G0vEjMTQH;https://drive.google.com/file/d/1t1eCE9lwMVeRF5CvTZewfX_G0vEjMTQH/view?usp=drivesdk
plateforme;ATUSA;Tuyaux et raccords (réseau);Raccord rainuré;Fiche technique;FT RAINURÉ FN.pdf;FICHES TECHNIQUES PLATEFORME CULTIVEAU/ATUSA;application/pdf;465875;1NsH1BqGp343eehWWQ9eIyZj0tWFnKlDm;https://drive.google.com/file/d/1NsH1BqGp343eehWWQ9eIyZj0tWFnKlDm/view?usp=drivesdk
plateforme;ATUSA;Tuyaux et raccords (réseau);Vanne;Fiche technique;FT VANNE À OPERCULE REF. 503 (1).pdf;FICHES TECHNIQUES PLATEFORME CULTIVEAU/ATUSA;application/pdf;341658;170F87uhknUpsiUss-lxPDV2ShXT9aPRR;https://drive.google.com/file/d/170F87uhknUpsiUss-lxPDV2ShXT9aPRR/view?usp=drivesdk
plateforme;ATUSA;Tuyaux et raccords (réseau);Vanne;Fiche technique;FT VANNE À SPHÈRE DEUX PIÈCES M_F - PAPILLON.pdf;FICHES TECHNIQUES PLATEFORME CULTIVEAU/ATUSA;application/pdf;472566;1oRMH-BIlCLhZnaDZkHdQ13h1zXD7nLTX;https://drive.google.com/file/d/1oRMH-BIlCLhZnaDZkHdQ13h1zXD7nLTX/view?usp=drivesdk
plateforme;ATUSA;Filtration;Filtre;Fiche technique;FT CLAPET ANTI RETOUR À DISQUE INOX.pdf;FICHES TECHNIQUES PLATEFORME CULTIVEAU/ATUSA;application/pdf;603361;1soKPNd8e9bk0u0-0G0brIhtDs4byuQLB;https://drive.google.com/file/d/1soKPNd8e9bk0u0-0G0brIhtDs4byuQLB/view?usp=drivesdk
plateforme;ATUSA;Fixation / consommables;Fixation;Fiche technique;FT COLLIER INOXYDABLE AISI 304.pdf;FICHES TECHNIQUES PLATEFORME CULTIVEAU/ATUSA;application/pdf;365031;1pW5KFRKYJ9Y04aFP0f8tsJEWoKqh-z_l;https://drive.google.com/file/d/1pW5KFRKYJ9Y04aFP0f8tsJEWoKqh-z_l/view?usp=drivesdk
plateforme;ATUSA;Tuyaux et raccords (réseau);Raccord inox / acier;Fiche technique;FT FOND BOMBE ASTM A-420 WPL6 STD.pdf;FICHES TECHNIQUES PLATEFORME CULTIVEAU/ATUSA;application/pdf;405045;1Us1UbwvKBSyuon9PGtELqhiCZoc3h4FJ;https://drive.google.com/file/d/1Us1UbwvKBSyuon9PGtELqhiCZoc3h4FJ/view?usp=drivesdk
plateforme;ATUSA;Tuyaux et raccords (réseau);Raccord inox / acier;Fiche technique;FT INOX FIG. 341.pdf;FICHES TECHNIQUES PLATEFORME CULTIVEAU/ATUSA;application/pdf;244164;17Yog_dhPgaZo3L2OztYLJEIq11kFDnHh;https://drive.google.com/file/d/17Yog_dhPgaZo3L2OztYLJEIq11kFDnHh/view?usp=drivesdk
plateforme;ATUSA;Tuyaux et raccords (réseau);Raccord inox / acier;Fiche technique;FT MALLÉABLE FIG. 715.pdf;FICHES TECHNIQUES PLATEFORME CULTIVEAU/ATUSA;application/pdf;375592;1FAkqKbRfxPWrv77GIftXTGhpvX8X3Wfg;https://drive.google.com/file/d/1FAkqKbRfxPWrv77GIftXTGhpvX8X3Wfg/view?usp=drivesdk
plateforme;ATUSA;Tuyaux et raccords (réseau);Raccord rainuré;Fiche technique;FT RAINURÉ FIG. 90S.pdf;FICHES TECHNIQUES PLATEFORME CULTIVEAU/ATUSA;application/pdf;402230;1-4kL7xx4ik6fKtAlUfp5eqnD4vfxYVMy;https://drive.google.com/file/d/1-4kL7xx4ik6fKtAlUfp5eqnD4vfxYVMy/view?usp=drivesdk
plateforme;ATUSA;Tuyaux et raccords (réseau);Raccord électrosoudable / bout à bout;Fiche technique;FT SOUDAGE BOUT À BOUT RÉDUCTION.pdf;FICHES TECHNIQUES PLATEFORME CULTIVEAU/ATUSA;application/pdf;611185;1IFY7rh2DVUkXZi-1Ez7lWN6B7Fvi-M3K;https://drive.google.com/file/d/1IFY7rh2DVUkXZi-1Ez7lWN6B7Fvi-M3K/view?usp=drivesdk
plateforme;ATUSA;Tuyaux et raccords (réseau);Vanne;Fiche technique;FT VANNE À OPERCULE REF. 501.pdf;FICHES TECHNIQUES PLATEFORME CULTIVEAU/ATUSA;application/pdf;379930;1Fuj7vTlZPWSCOB4kE00hNpo5nsts2VuJ;https://drive.google.com/file/d/1Fuj7vTlZPWSCOB4kE00hNpo5nsts2VuJ/view?usp=drivesdk
plateforme;ATUSA;Tuyaux et raccords (réseau);Vanne;Fiche technique;FT VANNE À SPHÈRE 3 VOIES.pdf;FICHES TECHNIQUES PLATEFORME CULTIVEAU/ATUSA;application/pdf;684063;1uolvFcsPownpc1GWiCCjinCFIs_C_UQs;https://drive.google.com/file/d/1uolvFcsPownpc1GWiCCjinCFIs_C_UQs/view?usp=drivesdk
plateforme;ATUSA;Tuyaux et raccords (réseau);Vanne;Fiche technique;FT VANNE RÉF. 521 (1).pdf;FICHES TECHNIQUES PLATEFORME CULTIVEAU/ATUSA;application/pdf;407006;1OFObgdy3obs-DYPnf8XcKThHNlAkop9p;https://drive.google.com/file/d/1OFObgdy3obs-DYPnf8XcKThHNlAkop9p/view?usp=drivesdk
plateforme;ATUSA;Tuyaux et raccords (réseau);Raccord inox / acier;Fiche technique;FT INOX FIG. 600.pdf;FICHES TECHNIQUES PLATEFORME CULTIVEAU/ATUSA;application/pdf;212622;1gYi1MlxEbKfrpBnjoqF1nQNHATiF8ThL;https://drive.google.com/file/d/1gYi1MlxEbKfrpBnjoqF1nQNHATiF8ThL/view?usp=drivesdk
plateforme;ATUSA;Tuyaux et raccords (réseau);Raccord laiton;Fiche technique;FT LAITON A SOUDER FIG. 359.pdf;FICHES TECHNIQUES PLATEFORME CULTIVEAU/ATUSA;application/pdf;267281;1KL86cTMAnvcib1yh2n_j7e7lVsYy4wF0;https://drive.google.com/file/d/1KL86cTMAnvcib1yh2n_j7e7lVsYy4wF0/view?usp=drivesdk
plateforme;ATUSA;Tuyaux et raccords (réseau);Raccord laiton;Fiche technique;FT LAITON FIG. 90.pdf;FICHES TECHNIQUES PLATEFORME CULTIVEAU/ATUSA;application/pdf;329130;1XMZhCNwaidbasAVUIcrsGMYGpCyTl-yA;https://drive.google.com/file/d/1XMZhCNwaidbasAVUIcrsGMYGpCyTl-yA/view?usp=drivesdk
plateforme;ATUSA;Tuyaux et raccords (réseau);Raccord inox / acier;Fiche technique;FT MALLÉABLE FIG. 130R.pdf;FICHES TECHNIQUES PLATEFORME CULTIVEAU/ATUSA;application/pdf;1503887;1v2dw7WGjekx4tkkIe4mkSBUkFSZhqSXp;https://drive.google.com/file/d/1v2dw7WGjekx4tkkIe4mkSBUkFSZhqSXp/view?usp=drivesdk
plateforme;ATUSA;Tuyaux et raccords (réseau);Raccord inox / acier;Fiche technique;FT MALLÉABLE FIG. 92.pdf;FICHES TECHNIQUES PLATEFORME CULTIVEAU/ATUSA;application/pdf;396246;1SCPmVNuk_dpKIxXSccBaAJ4U49SPfsXd;https://drive.google.com/file/d/1SCPmVNuk_dpKIxXSccBaAJ4U49SPfsXd/view?usp=drivesdk
plateforme;ATUSA;Tuyaux et raccords (réseau);Vanne;Fiche technique;FT VANNE À OPERCULE REF. 500 (1).pdf;FICHES TECHNIQUES PLATEFORME CULTIVEAU/ATUSA;application/pdf;1290399;1pawhIjOEML-ZywI_NUD6S8xqWQMlBf0q;https://drive.google.com/file/d/1pawhIjOEML-ZywI_NUD6S8xqWQMlBf0q/view?usp=drivesdk
plateforme;ATUSA;Tuyaux et raccords (réseau);Vanne;Fiche technique;FT VANNE D’ANGLE RÉF. 62.pdf;FICHES TECHNIQUES PLATEFORME CULTIVEAU/ATUSA;application/pdf;401546;1JStpaq2GxFztXSbbm1Ssty-2e9LuVgy0;https://drive.google.com/file/d/1JStpaq2GxFztXSbbm1Ssty-2e9LuVgy0/view?usp=drivesdk
plateforme;ATUSA;Tuyaux et raccords (réseau);Raccord plastique / compression;Fiche technique;FT DEMI MANCHONS TARAUDES.pdf;FICHES TECHNIQUES PLATEFORME CULTIVEAU/ATUSA;application/pdf;274476;1bndICKNcIb5Axm_G4CU_-RLg4BDJ7idN;https://drive.google.com/file/d/1bndICKNcIb5Axm_G4CU_-RLg4BDJ7idN/view?usp=drivesdk
plateforme;ATUSA;Tuyaux et raccords (réseau);Raccord inox / acier;Fiche technique;FT INOX FIG. 240.pdf;FICHES TECHNIQUES PLATEFORME CULTIVEAU/ATUSA;application/pdf;334902;16grpe3ZhDjn9-bgL6-5bx8VBE8YNDT3q;https://drive.google.com/file/d/16grpe3ZhDjn9-bgL6-5bx8VBE8YNDT3q/view?usp=drivesdk
plateforme;ATUSA;Tuyaux et raccords (réseau);Raccord inox / acier;Fiche technique;FT INOX FIG. 245.pdf;FICHES TECHNIQUES PLATEFORME CULTIVEAU/ATUSA;application/pdf;277112;1azQFxgFTugt6oQRa__af58Uv1kyz_JRI;https://drive.google.com/file/d/1azQFxgFTugt6oQRa__af58Uv1kyz_JRI/view?usp=drivesdk
plateforme;ATUSA;Tuyaux et raccords (réseau);Vanne;Fiche technique;FT ROBINET AVEC LEVIER PLAT.pdf;FICHES TECHNIQUES PLATEFORME CULTIVEAU/ATUSA;application/pdf;264423;1gKZ3liaNopuilZ-gqnCUbr2UHoWXIkuU;https://drive.google.com/file/d/1gKZ3liaNopuilZ-gqnCUbr2UHoWXIkuU/view?usp=drivesdk
plateforme;ATUSA;Tuyaux et raccords (réseau);Raccord électrosoudable / bout à bout;Fiche technique;FT SOUDAGE BOUT À BOUT BOUCHON.pdf;FICHES TECHNIQUES PLATEFORME CULTIVEAU/ATUSA;application/pdf;566625;1y4M1ULPrMKUn3Xvlap8s0YDiPFbYuUcR;https://drive.google.com/file/d/1y4M1ULPrMKUn3Xvlap8s0YDiPFbYuUcR/view?usp=drivesdk
plateforme;ATUSA;Tuyaux et raccords (réseau);Vanne;Fiche technique;FT VANNE À SPHÈRE TROIS PIÈCES BUTT WELDING INOX.pdf;FICHES TECHNIQUES PLATEFORME CULTIVEAU/ATUSA;application/pdf;640479;10FMyIgOgxExHoQLsJyyWTyUEREFMht8g;https://drive.google.com/file/d/10FMyIgOgxExHoQLsJyyWTyUEREFMht8g/view?usp=drivesdk
plateforme;ATUSA;Filtration;Filtre;Fiche technique;FILTRE FT _Y_ RÉF. 511 (1).pdf;FICHES TECHNIQUES PLATEFORME CULTIVEAU/ATUSA;application/pdf;259154;1sdL69v5Rz4dxZ6qTweV3cMltG0a8p1XR;https://drive.google.com/file/d/1sdL69v5Rz4dxZ6qTweV3cMltG0a8p1XR/view?usp=drivesdk
plateforme;ATUSA;Tuyaux et raccords (réseau);Raccord électrosoudable / bout à bout;Fiche technique;FT ÉLECTROSOUDABLE COUDE 45.pdf;FICHES TECHNIQUES PLATEFORME CULTIVEAU/ATUSA;application/pdf;1160907;1zvxi-4VItrvayGW0Xi_LmpYH5tXfpGSP;https://drive.google.com/file/d/1zvxi-4VItrvayGW0Xi_LmpYH5tXfpGSP/view?usp=drivesdk
plateforme;ATUSA;Tuyaux et raccords (réseau);Raccord laiton;Fiche technique;FT LAITON FIG. 241.pdf;FICHES TECHNIQUES PLATEFORME CULTIVEAU/ATUSA;application/pdf;382801;13t2Ky-8NDoRMzKt6xbSNg1vqr82vwi8-;https://drive.google.com/file/d/13t2Ky-8NDoRMzKt6xbSNg1vqr82vwi8-/view?usp=drivesdk
plateforme;ATUSA;Tuyaux et raccords (réseau);Raccord laiton;Fiche technique;FT LAITON PER DROIT FEMELLE.pdf;FICHES TECHNIQUES PLATEFORME CULTIVEAU/ATUSA;application/pdf;403650;11ugWSb_Phm4UjFs3mAd5PNlOsLp90J_F;https://drive.google.com/file/d/11ugWSb_Phm4UjFs3mAd5PNlOsLp90J_F/view?usp=drivesdk
plateforme;ATUSA;Tuyaux et raccords (réseau);Raccord inox / acier;Fiche technique;FT MALLÉABLE FIG. 134.pdf;FICHES TECHNIQUES PLATEFORME CULTIVEAU/ATUSA;application/pdf;378188;1P-MdsycB0cWGZRFIx6iQsu6HhsWNHFgW;https://drive.google.com/file/d/1P-MdsycB0cWGZRFIx6iQsu6HhsWNHFgW/view?usp=drivesdk
plateforme;ATUSA;Tuyaux et raccords (réseau);Vanne;Fiche technique;FT ROBINET DE PUISAGE REF. 43.pdf;FICHES TECHNIQUES PLATEFORME CULTIVEAU/ATUSA;application/pdf;544426;1zD4Qt63tSCLrpPqNhXxQ0yj3rtwbwewp;https://drive.google.com/file/d/1zD4Qt63tSCLrpPqNhXxQ0yj3rtwbwewp/view?usp=drivesdk
plateforme;ATUSA;Tuyaux et raccords (réseau);Bride / joint / boulonnerie;Fiche technique;FT BRIDE BLIND 150 LBS.pdf;FICHES TECHNIQUES PLATEFORME CULTIVEAU/ATUSA;application/pdf;322543;1vZX5LnzBv-CFlMHkkbjPxL-DiIvZS0FV;https://drive.google.com/file/d/1vZX5LnzBv-CFlMHkkbjPxL-DiIvZS0FV/view?usp=drivesdk
plateforme;ATUSA;Tuyaux et raccords (réseau);Raccord électrosoudable / bout à bout;Fiche technique;FT ÉLECTROSOUDABLE  MANCHON.pdf;FICHES TECHNIQUES PLATEFORME CULTIVEAU/ATUSA;application/pdf;1213492;1fyqSMzB3EX57WWpfv87lB84ytjngwEyx;https://drive.google.com/file/d/1fyqSMzB3EX57WWpfv87lB84ytjngwEyx/view?usp=drivesdk
plateforme;ATUSA;Tuyaux et raccords (réseau);Raccord laiton;Fiche technique;FT LAITON MULTICOUCHE COUDE DOUBLE.pdf;FICHES TECHNIQUES PLATEFORME CULTIVEAU/ATUSA;application/pdf;229602;15yIAS7QjGBw3TUgEhjKul8sf56Lw2MqA;https://drive.google.com/file/d/15yIAS7QjGBw3TUgEhjKul8sf56Lw2MqA/view?usp=drivesdk
plateforme;ATUSA;Tuyaux et raccords (réseau);Raccord laiton;Fiche technique;FT LAITON PER TÉ DOUBLE.pdf;FICHES TECHNIQUES PLATEFORME CULTIVEAU/ATUSA;application/pdf;345247;1EMMskTQ8TsKOGu5w_jQTdu1mr__JBMKJ;https://drive.google.com/file/d/1EMMskTQ8TsKOGu5w_jQTdu1mr__JBMKJ/view?usp=drivesdk
plateforme;ATUSA;Tuyaux et raccords (réseau);Raccord laiton;Fiche technique;FT LAITON PER COUDE MÂLE.pdf;FICHES TECHNIQUES PLATEFORME CULTIVEAU/ATUSA;application/pdf;351899;1QC18U73GYIZ1LbTOt_8TCMzBuWQTmmVP;https://drive.google.com/file/d/1QC18U73GYIZ1LbTOt_8TCMzBuWQTmmVP/view?usp=drivesdk
plateforme;ATUSA;Tuyaux et raccords (réseau);Raccord plastique / compression;Fiche technique;FT MANCHON UNIVERSEL REF. 770 (1).pdf;FICHES TECHNIQUES PLATEFORME CULTIVEAU/ATUSA;application/pdf;357434;1RgJTu58kVGYMK5c9_0m7iY2V9fFrcoIQ;https://drive.google.com/file/d/1RgJTu58kVGYMK5c9_0m7iY2V9fFrcoIQ/view?usp=drivesdk
plateforme;ATUSA;Tuyaux et raccords (réseau);Bride / joint / boulonnerie;Fiche technique;FT MALLÉABLE FIG. 740 ÉCROU.pdf;FICHES TECHNIQUES PLATEFORME CULTIVEAU/ATUSA;application/pdf;534040;17fhQvYF3jSvFys9pgXMtKYE5D2buicPY;https://drive.google.com/file/d/17fhQvYF3jSvFys9pgXMtKYE5D2buicPY/view?usp=drivesdk
plateforme;ATUSA;Tuyaux et raccords (réseau);Raccord rainuré;Fiche technique;FT RAINURÉ RS.pdf;FICHES TECHNIQUES PLATEFORME CULTIVEAU/ATUSA;application/pdf;464120;1qn3EUEfr0FRio-_5RA_DQKab6CQ9BbBK;https://drive.google.com/file/d/1qn3EUEfr0FRio-_5RA_DQKab6CQ9BbBK/view?usp=drivesdk
plateforme;ATUSA;Tuyaux et raccords (réseau);Vanne;Fiche technique;FT VANNE MIXTE RÉF. 1300.pdf;FICHES TECHNIQUES PLATEFORME CULTIVEAU/ATUSA;application/pdf;387939;1M-rbwkWPqWNIgaKcvywdYy-u1rcicg0d;https://drive.google.com/file/d/1M-rbwkWPqWNIgaKcvywdYy-u1rcicg0d/view?usp=drivesdk
plateforme;ATUSA;Tuyaux et raccords (réseau);Vanne;Fiche technique;FT VANNE RÉF. 911 (1).pdf;FICHES TECHNIQUES PLATEFORME CULTIVEAU/ATUSA;application/pdf;4509522;1qY0CPM1AAb4TxXOpRX5gkpfVvwkCjlKl;https://drive.google.com/file/d/1qY0CPM1AAb4TxXOpRX5gkpfVvwkCjlKl/view?usp=drivesdk
plateforme;ATUSA;Tuyaux et raccords (réseau);Bride / joint / boulonnerie;Fiche technique;FT BRIDE BLIND 300 LBS.pdf;FICHES TECHNIQUES PLATEFORME CULTIVEAU/ATUSA;application/pdf;323059;16fPgm2Rnb0XA9gai0e4s0lTdLvQltAkw;https://drive.google.com/file/d/16fPgm2Rnb0XA9gai0e4s0lTdLvQltAkw/view?usp=drivesdk
plateforme;ATUSA;Tuyaux et raccords (réseau);Bride / joint / boulonnerie;Fiche technique;FT BRIDE PLEINE EN 1092-1 PN 40.pdf;FICHES TECHNIQUES PLATEFORME CULTIVEAU/ATUSA;application/pdf;384020;1mTHhohb8klNKda4midKBpHEjbgWct8hb;https://drive.google.com/file/d/1mTHhohb8klNKda4midKBpHEjbgWct8hb/view?usp=drivesdk
plateforme;ATUSA;Fixation / consommables;Fixation;Fiche technique;FT COLLIERS DE RÉPARATION DEUX BANDES.pdf;FICHES TECHNIQUES PLATEFORME CULTIVEAU/ATUSA;application/pdf;1573916;1etiEnTZROPbew1YF_saxOfC2oNk8BysP;https://drive.google.com/file/d/1etiEnTZROPbew1YF_saxOfC2oNk8BysP/view?usp=drivesdk
plateforme;ATUSA;Tuyaux et raccords (réseau);Raccord inox / acier;Fiche technique;FT DOUILLE A SOUDER DIN 11851 MANDRINAR.pdf;FICHES TECHNIQUES PLATEFORME CULTIVEAU/ATUSA;application/pdf;272086;1a-wG9g4gDBwBfl-GhhgTtd5TJU9kcBu5;https://drive.google.com/file/d/1a-wG9g4gDBwBfl-GhhgTtd5TJU9kcBu5/view?usp=drivesdk
plateforme;ATUSA;Tuyaux et raccords (réseau);Raccord inox / acier;Fiche technique;FT INOX FIG. 130RL.pdf;FICHES TECHNIQUES PLATEFORME CULTIVEAU/ATUSA;application/pdf;240216;1rstnAX_0dcf_5NG0vFRlK6kCA6rITEWc;https://drive.google.com/file/d/1rstnAX_0dcf_5NG0vFRlK6kCA6rITEWc/view?usp=drivesdk
plateforme;ATUSA;Tuyaux et raccords (réseau);Bride / joint / boulonnerie;Fiche technique;FT JOINT PN 10 (1).pdf;FICHES TECHNIQUES PLATEFORME CULTIVEAU/ATUSA;application/pdf;435730;1Ub4QpKO9NHcXP2lReZuen83rBz4PuQ9V;https://drive.google.com/file/d/1Ub4QpKO9NHcXP2lReZuen83rBz4PuQ9V/view?usp=drivesdk
plateforme;ATUSA;Tuyaux et raccords (réseau);Raccord inox / acier;Fiche technique;FT MALLÉABLE FIG. 280.pdf;FICHES TECHNIQUES PLATEFORME CULTIVEAU/ATUSA;application/pdf;398824;11G7KxR1s87-BOnm48lg0E-zJTHUR7d74;https://drive.google.com/file/d/11G7KxR1s87-BOnm48lg0E-zJTHUR7d74/view?usp=drivesdk
plateforme;ATUSA;Tuyaux et raccords (réseau);Raccord inox / acier;Fiche technique;FT MALLÉABLE FIG. 270.pdf;FICHES TECHNIQUES PLATEFORME CULTIVEAU/ATUSA;application/pdf;410952;1bDA7uoGqoJJQqiXDuYg2tjwXattSyKoE;https://drive.google.com/file/d/1bDA7uoGqoJJQqiXDuYg2tjwXattSyKoE/view?usp=drivesdk
plateforme;ATUSA;Tuyaux et raccords (réseau);Mesure;Fiche technique;FT MANOMÈTRE RÉF. 420.pdf;FICHES TECHNIQUES PLATEFORME CULTIVEAU/ATUSA;application/pdf;242333;1YUM0PWOlc3XiXSH4cUPMeZgINEAU17LJ;https://drive.google.com/file/d/1YUM0PWOlc3XiXSH4cUPMeZgINEAU17LJ/view?usp=drivesdk
plateforme;ATUSA;Tuyaux et raccords (réseau);Raccord rainuré;Fiche technique;FT RAINURÉ RÉF. 637.pdf;FICHES TECHNIQUES PLATEFORME CULTIVEAU/ATUSA;application/pdf;546029;1qE0Fb6hMrevbTRtOJzOd4vMI3de7slo_;https://drive.google.com/file/d/1qE0Fb6hMrevbTRtOJzOd4vMI3de7slo_/view?usp=drivesdk
plateforme;ATUSA;Tuyaux et raccords (réseau);Raccord rainuré;Fiche technique;FT RAINURÉ RÉF. 635.pdf;FICHES TECHNIQUES PLATEFORME CULTIVEAU/ATUSA;application/pdf;503310;1UVz7Kj0d4yG0i5EdX3VTzk7rGMk9N463;https://drive.google.com/file/d/1UVz7Kj0d4yG0i5EdX3VTzk7rGMk9N463/view?usp=drivesdk
plateforme;ATUSA;Tuyaux et raccords (réseau);Vanne;Fiche technique;FT VANNE RÉF. 971.pdf;FICHES TECHNIQUES PLATEFORME CULTIVEAU/ATUSA;application/pdf;4528673;14UJpOt7qZNnQCMTYv9_sYBkaWnoCk46o;https://drive.google.com/file/d/14UJpOt7qZNnQCMTYv9_sYBkaWnoCk46o/view?usp=drivesdk
plateforme;ATUSA;Filtration;Filtre;Fiche technique;FILTRE FT _Y_ RÉF. 205.pdf;FICHES TECHNIQUES PLATEFORME CULTIVEAU/ATUSA;application/pdf;522094;1tZCJqLfYEKWIZECRu2fWn_41sFy9IJ98;https://drive.google.com/file/d/1tZCJqLfYEKWIZECRu2fWn_41sFy9IJ98/view?usp=drivesdk
plateforme;ATUSA;Tuyaux et raccords (réseau);Raccord inox / acier;Fiche technique;FT COUDE 90º INOX AISI 316L MILLIMÉTRIQUE.pdf;FICHES TECHNIQUES PLATEFORME CULTIVEAU/ATUSA;application/pdf;404475;1lYgT5mdzMhu0twSG70064UCPaQT39Aaz;https://drive.google.com/file/d/1lYgT5mdzMhu0twSG70064UCPaQT39Aaz/view?usp=drivesdk
plateforme;ATUSA;Tuyaux et raccords (réseau);Raccord laiton;Fiche technique;FT LAITON ANDIA COUDE MÂLE.pdf;FICHES TECHNIQUES PLATEFORME CULTIVEAU/ATUSA;application/pdf;278311;1u5v2TguM4TEI55kiKrz6g_L5mDWJq_WO;https://drive.google.com/file/d/1u5v2TguM4TEI55kiKrz6g_L5mDWJq_WO/view?usp=drivesdk
plateforme;ATUSA;Tuyaux et raccords (réseau);Raccord inox / acier;Fiche technique;FT RÉDUCTION INOX DIN 11852 SERIE 2.pdf;FICHES TECHNIQUES PLATEFORME CULTIVEAU/ATUSA;application/pdf;218298;1nWR44RvCAm4cFkmt-gYJxVcOAOhBj8Ml;https://drive.google.com/file/d/1nWR44RvCAm4cFkmt-gYJxVcOAOhBj8Ml/view?usp=drivesdk
plateforme;ATUSA;Tuyaux et raccords (réseau);Raccord inox / acier;Fiche technique;FT INOX FIG. 130L.pdf;FICHES TECHNIQUES PLATEFORME CULTIVEAU/ATUSA;application/pdf;198885;1QlUgkD6ntqb89urISn1Gne8tGtKMZUxs;https://drive.google.com/file/d/1QlUgkD6ntqb89urISn1Gne8tGtKMZUxs/view?usp=drivesdk
plateforme;ATUSA;Tuyaux et raccords (réseau);Raccord laiton;Fiche technique;FT LAITON FIG. 90 CHROMÉE.pdf;FICHES TECHNIQUES PLATEFORME CULTIVEAU/ATUSA;application/pdf;247603;1f-BJTTvPwQu0fpew5BfqFMNSO0CdFBRI;https://drive.google.com/file/d/1f-BJTTvPwQu0fpew5BfqFMNSO0CdFBRI/view?usp=drivesdk
plateforme;ATUSA;Tuyaux et raccords (réseau);Raccord laiton;Fiche technique;FT LAITON RONCAL TÉ FEMELLE.pdf;FICHES TECHNIQUES PLATEFORME CULTIVEAU/ATUSA;application/pdf;269926;1dXecKuBIZQWijtSRJYmBk931ol8iUR6h;https://drive.google.com/file/d/1dXecKuBIZQWijtSRJYmBk931ol8iUR6h/view?usp=drivesdk
plateforme;ATUSA;Tuyaux et raccords (réseau);Raccord laiton;Fiche technique;FT LAITON PER DROIT MÂLE.pdf;FICHES TECHNIQUES PLATEFORME CULTIVEAU/ATUSA;application/pdf;511619;1cGhA3xpv1VcWiW56f67Qby_WtbRCPdgr;https://drive.google.com/file/d/1cGhA3xpv1VcWiW56f67Qby_WtbRCPdgr/view?usp=drivesdk
plateforme;ATUSA;Tuyaux et raccords (réseau);Raccord inox / acier;Fiche technique;FT COUDE 90º INOX AISI 304L MILLIMÉTRIQUE (2).pdf;FICHES TECHNIQUES PLATEFORME CULTIVEAU/ATUSA;application/pdf;438188;1ImhafZaHbfvsPi7dD3nb7Yqu3t4NByRp;https://drive.google.com/file/d/1ImhafZaHbfvsPi7dD3nb7Yqu3t4NByRp/view?usp=drivesdk
plateforme;ATUSA;Tuyaux et raccords (réseau);Raccord inox / acier;Fiche technique;FT COUDE 90º INOX AISI 304L MILLIMÉTRIQUE.pdf;FICHES TECHNIQUES PLATEFORME CULTIVEAU/ATUSA;application/pdf;438188;1Kj_RX3zrgq5YvLHQTtFjo7bnDAe62ijX;https://drive.google.com/file/d/1Kj_RX3zrgq5YvLHQTtFjo7bnDAe62ijX/view?usp=drivesdk
plateforme;ATUSA;Tuyaux et raccords (réseau);Raccord inox / acier;Fiche technique;FT COUDE 90º INOX AISI 304L MILLIMÉTRIQUE (1).pdf;FICHES TECHNIQUES PLATEFORME CULTIVEAU/ATUSA;application/pdf;438188;1XY-GFjRMmnB1MDL8IrwW9xMg2NVLyEuj;https://drive.google.com/file/d/1XY-GFjRMmnB1MDL8IrwW9xMg2NVLyEuj/view?usp=drivesdk
plateforme;RIVULIS;Aspersion;Asperseur;Fiche technique;RIV_MagicDrive_Metric_FR_20241103-WEB.pdf;FICHES TECHNIQUES PLATEFORME CULTIVEAU/RIVULIS/ASPERSEURS;application/pdf;901789;1ohTbfE_YqDv7DWZ28VMDCkmzdOdwlT9_;https://drive.google.com/file/d/1ohTbfE_YqDv7DWZ28VMDCkmzdOdwlT9_/view?usp=drivesdk
plateforme;RIVULIS;Goutte à goutte / micro-irrigation;Micro-asperseur / brumisateur;Fiche technique;Rivulis_SuperFogger_French_Metric_20240320_WEB-2.pdf;FICHES TECHNIQUES PLATEFORME CULTIVEAU/RIVULIS/BRUMISATEURS ET NEBULISEURS;application/pdf;505602;1--kxFDpFvZjbZultTTFxQ7rEWHkTvaKT;https://drive.google.com/file/d/1--kxFDpFvZjbZultTTFxQ7rEWHkTvaKT/view?usp=drivesdk
plateforme;RIVULIS;Aspersion;Asperseur;Fiche technique;RIV_6025SD_Metric_FR_20240409-WEB.pdf;FICHES TECHNIQUES PLATEFORME CULTIVEAU/RIVULIS/ASPERSEURS;application/pdf;1100833;1yXw29eoholqsP9sLbrBgzH1LwgssuHRR;https://drive.google.com/file/d/1yXw29eoholqsP9sLbrBgzH1LwgssuHRR/view?usp=drivesdk
plateforme;RIVULIS;Aspersion;Asperseur;Fiche technique;Rivulis_BR_260_260PC_French_Metric_20240412_WEB.pdf;FICHES TECHNIQUES PLATEFORME CULTIVEAU/RIVULIS/ASPERSEURS;application/pdf;399018;1SuA4Hl_nNoo7mcAoGDnFaipF6-rNwqbK;https://drive.google.com/file/d/1SuA4Hl_nNoo7mcAoGDnFaipF6-rNwqbK/view?usp=drivesdk
plateforme;RIVULIS;Aspersion;Asperseur;Fiche technique;RIV_6004SD_Metric_FR_20240409-WEB.pdf;FICHES TECHNIQUES PLATEFORME CULTIVEAU/RIVULIS/ASPERSEURS;application/pdf;1660565;1Uk6pUN68Qbcij3yWGevgAL-IFNcummRt;https://drive.google.com/file/d/1Uk6pUN68Qbcij3yWGevgAL-IFNcummRt/view?usp=drivesdk
plateforme;RIVULIS;Aspersion;Asperseur;Fiche technique;RIV_Super10__French_-20241103-WEB.pdf;FICHES TECHNIQUES PLATEFORME CULTIVEAU/RIVULIS/ASPERSEURS;application/pdf;1104958;18G9GmtKlhso9R18KOBaewYFPC9Rn9VYQ;https://drive.google.com/file/d/18G9GmtKlhso9R18KOBaewYFPC9Rn9VYQ/view?usp=drivesdk
plateforme;RIVULIS;Aspersion;Asperseur;Fiche technique;RIV_IrriStand_LPD_Metric_FR_20240409-WEB.pdf;FICHES TECHNIQUES PLATEFORME CULTIVEAU/RIVULIS/ASPERSEURS;application/pdf;774285;1jbbA8mBOnUs0BocjhQz-cJb8NydVYOCJ;https://drive.google.com/file/d/1jbbA8mBOnUs0BocjhQz-cJb8NydVYOCJ/view?usp=drivesdk
plateforme;RIVULIS;Aspersion;Asperseur;Fiche technique;RIV_233BPC_234_Metric_FR_20241127---WEB.pdf;FICHES TECHNIQUES PLATEFORME CULTIVEAU/RIVULIS/ASPERSEURS;application/pdf;183226;16UvmpKjYl1iPQqqACvca7BEP_JqkSHEg;https://drive.google.com/file/d/16UvmpKjYl1iPQqqACvca7BEP_JqkSHEg/view?usp=drivesdk
plateforme;RIVULIS;Aspersion;Asperseur;Fiche technique;RIV_5022SD_U_PC_FR_20241104-WEB.pdf;FICHES TECHNIQUES PLATEFORME CULTIVEAU/RIVULIS/ASPERSEURS;application/pdf;1755093;1f8gPDvRoPZowIp7emVbt3oMqFztkZtCN;https://drive.google.com/file/d/1f8gPDvRoPZowIp7emVbt3oMqFztkZtCN/view?usp=drivesdk
plateforme;RIVULIS;Filtration;Filtre;Brochure;Rivulis_F3440_Brochure_Francais_EA_20200407_Web.pdf;FICHES TECHNIQUES PLATEFORME CULTIVEAU/RIVULIS/FILTRATIONS METAL;application/pdf;1525228;1v9Vz3aOw8PlwKbrwpPE_MJp2LmbdCQ-H;https://drive.google.com/file/d/1v9Vz3aOw8PlwKbrwpPE_MJp2LmbdCQ-H/view?usp=drivesdk
plateforme;RIVULIS;Filtration;Filtre;Fiche technique;RIV_F2300_English_Metric_20241203-WEB.pdf;FICHES TECHNIQUES PLATEFORME CULTIVEAU/RIVULIS/FILTRATIONS METAL;application/pdf;2452272;1kz7VtIijbq3GK5cM1tfRW_tgQe84js8f;https://drive.google.com/file/d/1kz7VtIijbq3GK5cM1tfRW_tgQe84js8f/view?usp=drivesdk
plateforme;RIVULIS;Goutte à goutte / micro-irrigation;Micro-asperseur / brumisateur;Fiche technique;Rivulis_BR_Fogger_French_Metric_20241127---WEB-2.pdf;FICHES TECHNIQUES PLATEFORME CULTIVEAU/RIVULIS/BRUMISATEURS ET NEBULISEURS;application/pdf;420700;1wWmpwT-tfAqTLynhw-rlcr_K6rpIlUZR;https://drive.google.com/file/d/1wWmpwT-tfAqTLynhw-rlcr_K6rpIlUZR/view?usp=drivesdk
plateforme;RIVULIS;Aspersion;Asperseur;Fiche technique;Rivulis_BR_280_280PC_French_Metric_20240412_WEB.pdf;FICHES TECHNIQUES PLATEFORME CULTIVEAU/RIVULIS/ASPERSEURS;application/pdf;207790;1AhW3xeChgjCbKeANG0zPoIEn4xi306ca;https://drive.google.com/file/d/1AhW3xeChgjCbKeANG0zPoIEn4xi306ca/view?usp=drivesdk
plateforme;RIVULIS;Aspersion;Asperseur;Fiche technique;RIV_427__French_Metric_20241128-WEB.pdf;FICHES TECHNIQUES PLATEFORME CULTIVEAU/RIVULIS/ASPERSEURS;application/pdf;586774;1RBSNK4L8cOzFv_hjlLTuNP_6CGpkstRV;https://drive.google.com/file/d/1RBSNK4L8cOzFv_hjlLTuNP_6CGpkstRV/view?usp=drivesdk
plateforme;RIVULIS;Aspersion;Asperseur;Fiche technique;RIV_BR_6024SD_EN_Metric_210124web.pdf;FICHES TECHNIQUES PLATEFORME CULTIVEAU/RIVULIS/ASPERSEURS;application/pdf;4413424;13JOZdSaccTnSRsoXWXGRy6GknL7M7SVB;https://drive.google.com/file/d/13JOZdSaccTnSRsoXWXGRy6GknL7M7SVB/view?usp=drivesdk
plateforme;RIVULIS;Goutte à goutte / micro-irrigation;Micro-asperseur / brumisateur;Fiche technique;Rivulis_BR_SuperLPD_French_Metric_20240326_WEB-2.pdf;FICHES TECHNIQUES PLATEFORME CULTIVEAU/RIVULIS/BRUMISATEURS ET NEBULISEURS;application/pdf;461135;1xlwaRkSSYxFoUpPPGB3jN1toq9WgkVBZ;https://drive.google.com/file/d/1xlwaRkSSYxFoUpPPGB3jN1toq9WgkVBZ/view?usp=drivesdk
plateforme;RIVULIS;Goutte à goutte / micro-irrigation;Micro-asperseur / brumisateur;Brochure;Rivulis_FLF_Brochure_Francais_EA_20200407_Web-2.pdf;FICHES TECHNIQUES PLATEFORME CULTIVEAU/RIVULIS/BRUMISATEURS ET NEBULISEURS;application/pdf;626620;10GOvfsW6s6R27UMROgaBdi78l4dQzsfw;https://drive.google.com/file/d/10GOvfsW6s6R27UMROgaBdi78l4dQzsfw/view?usp=drivesdk
plateforme;RIVULIS;Aspersion;Asperseur;Fiche technique;RIV_Elite_LPD_Metric_FR_20241103-WEB.pdf;FICHES TECHNIQUES PLATEFORME CULTIVEAU/RIVULIS/ASPERSEURS;application/pdf;1080827;1jKqDrg6uV1VNaQfWr8_cTFi-__bamDqa;https://drive.google.com/file/d/1jKqDrg6uV1VNaQfWr8_cTFi-__bamDqa/view?usp=drivesdk
plateforme;RIVULIS;Aspersion;Asperseur;Fiche technique;RIV_Mamkad16_Metric_FR_20241128---WEB.pdf;FICHES TECHNIQUES PLATEFORME CULTIVEAU/RIVULIS/ASPERSEURS;application/pdf;223995;1ERHpJSar1A8HbeV6S3sPjNbnW6xJNq7r;https://drive.google.com/file/d/1ERHpJSar1A8HbeV6S3sPjNbnW6xJNq7r/view?usp=drivesdk
plateforme;RIVULIS;Aspersion;Asperseur;Fiche technique;RIV_501U_English_Metric_201223_web-2.pdf;FICHES TECHNIQUES PLATEFORME CULTIVEAU/RIVULIS/ASPERSEURS;application/pdf;1082836;1CjZHoJbkTcYe21PEPZy5kVaOH4hjaWCa;https://drive.google.com/file/d/1CjZHoJbkTcYe21PEPZy5kVaOH4hjaWCa/view?usp=drivesdk
plateforme;RIVULIS;À classer;;Fiche technique;RIV_BR_C3300-C4300_English_Metric_20241127-WEB.pdf;FICHES TECHNIQUES PLATEFORME CULTIVEAU/RIVULIS/FERTIRRIATION ET AUTOMATISATION;application/pdf;10077302;1_E1XdJgut-qeBytzVbuGju0Pbdo0RLOv;https://drive.google.com/file/d/1_E1XdJgut-qeBytzVbuGju0Pbdo0RLOv/view?usp=drivesdk
plateforme;RIVULIS;Aspersion;Asperseur;Fiche technique;RIV_5035SD_Metric_FR_20241127-WEB.pdf;FICHES TECHNIQUES PLATEFORME CULTIVEAU/RIVULIS/ASPERSEURS;application/pdf;207296;1STRGsI6b_RMn_2021W1TSoYPdtp3j-T_;https://drive.google.com/file/d/1STRGsI6b_RMn_2021W1TSoYPdtp3j-T_/view?usp=drivesdk
plateforme;RIVULIS;Goutte à goutte / micro-irrigation;Micro-asperseur / brumisateur;Fiche technique;Rivulis_BR_GreenMist_French_Metric_20240322_WEB-2.pdf;FICHES TECHNIQUES PLATEFORME CULTIVEAU/RIVULIS/BRUMISATEURS ET NEBULISEURS;application/pdf;423396;1EPXFTdhZwoCO_2cpkkuGqQNv3uR1EHrF;https://drive.google.com/file/d/1EPXFTdhZwoCO_2cpkkuGqQNv3uR1EHrF/view?usp=drivesdk
plateforme;RIVULIS;Goutte à goutte / micro-irrigation;Micro-asperseur / brumisateur;Brochure;Rivulis_Rondo-Mister-Brochure_Francais_E-A_20210118_Web-2.pdf;FICHES TECHNIQUES PLATEFORME CULTIVEAU/RIVULIS/BRUMISATEURS ET NEBULISEURS;application/pdf;661562;1Ui3IGEHqw2xBFjTFKDSS4SkAPxRzgDpi;https://drive.google.com/file/d/1Ui3IGEHqw2xBFjTFKDSS4SkAPxRzgDpi/view?usp=drivesdk
plateforme;RIVULIS;Aspersion;Asperseur;Fiche technique;RIV_BR5024SD_EN_Metric_210124web.pdf;FICHES TECHNIQUES PLATEFORME CULTIVEAU/RIVULIS/ASPERSEURS;application/pdf;590349;1T57rDD9qHaIbIf2jCv9ODYlxFOtafqCA;https://drive.google.com/file/d/1T57rDD9qHaIbIf2jCv9ODYlxFOtafqCA/view?usp=drivesdk
